Date,Time,CO,Benzene,NO2,Temperature,Humidity(%),Traffic_Volume,Particulate_Matter
20.12.04,17:00:00,2.9,6.8,129,8.9,44.9,,
09.04.04,16:00:00,3.6,-200.0,139,-200.0,-200.0,136.80316200000001,154.0950773
26.12.04,9:00:00,0.9,2.5,117,10.4,82.9,,
12.06.04,15:00:00,1.2,8.6,76,37.0,20.1,,
01.04.05,10:00:00,1.0,3.5,120,16.5,40.8,,
19.06.04,8:00:00,1.4,9.1,86,24.6,44.9,,
16.12.04,7:00:00,1.6,-200.0,99,-200.0,-200.0,,
21.06.04,15:00:00,1.6,9.6,102,31.1,18.2,,
29.03.04,11:00:00,1.5,5.8,98,15.6,30.1,86.539477,119.3053082
21.08.04,22:00:00,-200.0,5.2,-200,24.9,40.8,,
20.04.04,9:00:00,-200.0,20.1,-200,14.5,60.4,181.4448589,217.75608540000002
15.12.04,15:00:00,4.0,-200.0,183,-200.0,-200.0,,
21.06.04,2:00:00,0.6,-200.0,36,-200.0,-200.0,,
04.02.05,9:00:00,3.9,20.1,301,4.4,61.1,,
02.07.04,17:00:00,2.1,11.8,174,34.8,19.3,,
06.05.04,18:00:00,1.8,9.4,92,15.6,58.3,33.05667823,159.40751980000002
24.07.04,19:00:00,1.4,5.6,88,29.9,37.9,,
03.03.05,20:00:00,4.2,15.5,196,4.3,84.0,,
15.03.04,9:00:00,8.1,36.7,149,14.8,54.3,46.42516608,52.97539341
05.04.04,17:00:00,3.2,16.3,111,20.3,42.8,143.91615259999998,165.7374946
30.04.04,7:00:00,3.0,18.3,111,16.6,68.2,57.16076508,131.6649621
25.11.04,13:00:00,2.0,11.4,109,15.4,43.0,,
18.07.04,10:00:00,0.9,7.4,97,31.6,23.8,,
19.04.04,2:00:00,-200.0,3.4,-200,13.8,73.3,189.147674,214.7526387
03.09.04,6:00:00,-200.0,5.1,-200,22.9,56.2,,
02.07.04,18:00:00,2.4,13.8,163,33.6,20.7,,
23.09.04,16:00:00,3.2,18.9,146,31.5,34.9,,
10.05.04,14:00:00,2.2,13.4,102,21.5,39.7,121.995224,70.41641042
07.09.04,16:00:00,1.6,9.0,-200,32.4,19.4,,
13.08.04,2:00:00,0.7,2.6,33,26.7,61.0,,
26.08.04,16:00:00,1.0,-200.0,60,-200.0,-200.0,,
18.02.05,21:00:00,2.8,10.1,202,8.0,41.3,,
28.01.05,23:00:00,1.1,-200.0,91,-200.0,-200.0,,
15.12.04,23:00:00,1.7,-200.0,96,-200.0,-200.0,,
19.08.04,14:00:00,1.0,5.8,34,37.1,27.2,,
17.06.04,21:00:00,1.7,8.2,97,25.8,40.9,,
26.04.04,13:00:00,1.6,6.9,75,20.2,30.7,187.7853451,201.679745
02.09.04,23:00:00,-200.0,9.7,-200,27.4,41.4,,
29.04.04,23:00:00,2.8,13.6,97,17.0,70.7,182.0301591,219.12280840000003
20.10.04,8:00:00,-200.0,37.9,-200,19.9,69.9,,
06.08.04,14:00:00,1.7,10.2,104,33.7,33.4,,
29.04.04,2:00:00,0.6,2.8,54,15.9,60.1,178.43579509999998,206.7018067
20.11.04,21:00:00,1.2,7.6,159,8.0,39.8,,
21.09.04,8:00:00,7.3,41.2,148,19.6,60.7,,
04.09.04,21:00:00,1.9,10.3,-200,30.1,28.7,,
20.02.05,13:00:00,1.1,2.8,112,7.9,66.5,,
21.07.04,22:00:00,3.1,17.0,120,30.1,35.8,,
04.09.04,20:00:00,1.7,7.8,-200,30.7,30.7,,
29.05.04,5:00:00,-200.0,1.5,29,17.7,49.7,,
25.10.04,0:00:00,1.7,8.9,63,17.9,72.4,,
08.05.04,2:00:00,0.5,1.5,33,14.6,53.3,54.60160506,143.74385900000001
10.03.04,19:00:00,2.0,9.4,92,13.3,47.7,25.117724600000003,53.98322107
26.03.05,4:00:00,-200.0,6.0,92,16.2,71.2,,
15.10.04,18:00:00,-200.0,21.7,-200,19.8,53.1,,
29.04.04,16:00:00,3.9,21.2,136,21.4,44.4,173.9708435,209.36661819999998
19.11.04,6:00:00,1.0,1.6,45,15.4,55.9,,
21.11.04,3:00:00,0.3,5.1,-200,4.2,53.6,,
03.07.04,1:00:00,1.1,7.4,84,24.2,37.3,,
25.04.04,3:00:00,1.3,4.5,-200,12.6,58.6,177.33170280000002,217.3014829
24.09.04,2:00:00,0.7,4.6,64,22.3,55.8,,
23.12.04,20:00:00,9.1,36.3,252,6.2,56.9,,
13.03.05,9:00:00,0.1,3.0,112,12.9,49.9,,
17.04.04,21:00:00,-200.0,5.3,-200,16.9,51.1,179.8096875,219.46858340000003
13.03.04,7:00:00,1.5,5.1,77,6.3,71.9,44.92194737,53.25405223
05.10.04,6:00:00,-200.0,7.8,-200,17.4,69.7,,
20.06.04,14:00:00,0.7,-200.0,35,-200.0,-200.0,,
30.01.05,21:00:00,1.7,4.1,164,4.6,33.8,,
12.01.05,17:00:00,3.4,17.6,173,14.6,54.0,,
23.12.04,4:00:00,1.3,3.1,85,1.5,61.4,,
15.03.04,11:00:00,4.2,20.1,155,19.8,38.5,34.43008845,52.85803829999999
31.12.04,2:00:00,-200.0,3.0,-200,6.7,50.7,,
07.04.04,10:00:00,1.6,7.4,96,16.1,53.1,140.8919822,142.87098659999998
25.12.04,17:00:00,4.0,15.4,181,11.4,67.9,,
21.10.04,0:00:00,4.4,22.3,105,21.7,69.7,,
10.04.04,13:00:00,1.5,6.4,88,19.9,26.7,136.6604047,153.36669750000001
07.04.04,12:00:00,1.6,7.8,110,17.4,40.3,159.1771545,168.3999457
06.11.04,8:00:00,2.8,14.5,87,14.6,74.2,,
08.08.04,22:00:00,1.9,10.4,93,27.1,54.7,,
04.08.04,16:00:00,-200.0,7.6,-200,39.3,22.0,,
12.05.04,2:00:00,0.8,4.6,65,15.6,63.9,122.7257311,64.91903825
28.03.05,10:00:00,1.5,5.2,115,17.8,61.7,,
26.11.04,20:00:00,7.7,37.7,167,15.1,67.0,,
22.03.04,23:00:00,1.1,4.3,80,14.5,49.4,41.84646507,59.60786085
29.09.04,5:00:00,0.4,2.0,45,17.1,52.5,,
12.12.04,2:00:00,2.6,10.4,117,6.8,57.8,,
03.09.04,20:00:00,4.0,16.3,-200,31.0,33.1,,
18.10.04,5:00:00,-200.0,3.1,-200,14.0,67.4,,
19.05.04,11:00:00,2.1,11.5,122,27.7,26.3,126.33253020000001,67.74292318
26.11.04,19:00:00,6.4,30.7,170,15.6,64.9,,
24.11.04,11:00:00,3.3,15.1,116,13.3,68.8,,
25.04.04,10:00:00,1.0,2.5,56,16.6,38.6,172.619929,220.90975989999998
05.06.04,18:00:00,2.3,14.0,105,27.8,35.0,,
05.08.04,23:00:00,-200.0,5.7,72,22.7,68.4,,
21.01.05,0:00:00,1.8,5.8,119,8.0,52.2,,
25.05.04,18:00:00,-200.0,24.9,-200,29.7,12.2,,
18.09.04,2:00:00,0.7,3.2,57,21.1,44.5,,
17.06.04,6:00:00,1.3,9.3,77,18.3,60.8,,
07.09.04,2:00:00,0.6,2.7,-200,24.0,43.7,,
01.03.05,19:00:00,2.1,7.5,148,1.8,35.4,,
22.06.04,0:00:00,1.1,6.4,79,20.5,49.9,,
26.08.04,1:00:00,0.9,5.0,55,23.3,45.3,,
17.05.04,22:00:00,1.2,7.1,73,20.9,28.8,118.97052079999999,66.06059702
16.03.05,21:00:00,4.9,23.5,229,16.9,42.9,,
19.02.05,8:00:00,1.9,8.5,194,0.6,65.0,,
20.03.04,18:00:00,2.3,12.4,110,18.5,46.3,30.72182407,58.84474023
09.11.04,9:00:00,-200.0,22.8,-200,7.1,62.0,,
15.10.04,13:00:00,-200.0,18.3,-200,20.5,61.5,,
30.10.04,2:00:00,1.5,6.5,84,16.9,81.4,,
10.06.04,6:00:00,1.2,8.7,78,20.0,56.6,,
15.04.04,17:00:00,5.2,24.4,149,19.6,35.5,142.3491456,142.42210369999998
12.09.04,20:00:00,-200.0,17.5,-200,24.6,60.3,,
07.11.04,4:00:00,-200.0,3.8,56,17.0,52.3,,
20.07.04,7:00:00,-200.0,24.8,135,24.8,43.2,,
05.05.04,15:00:00,3.5,16.4,125,17.5,60.8,45.18850465,125.4672547
23.04.04,0:00:00,-200.0,10.0,-200,17.2,47.9,170.5270247,212.55115640000002
17.09.04,13:00:00,2.1,10.7,88,23.4,40.4,,
17.05.04,15:00:00,1.7,7.7,99,25.8,18.6,115.51611909999998,66.07550679
07.08.04,18:00:00,1.6,8.4,95,34.9,33.4,,
11.09.04,3:00:00,-200.0,3.1,-200,23.6,40.5,,
09.04.04,4:00:00,1.0,-200.0,79,-200.0,-200.0,158.4296813,144.1274025
18.04.04,9:00:00,-200.0,4.2,-200,14.2,75.6,190.4899398,203.5104301
04.04.04,21:00:00,-200.0,5.2,-200,16.6,56.1,74.8078111,104.289389
04.08.04,6:00:00,-200.0,7.8,-200,25.0,57.0,,
03.01.05,6:00:00,1.4,-200.0,102,-200.0,-200.0,,
21.02.05,23:00:00,1.2,2.9,124,6.4,70.7,,
23.03.04,11:00:00,3.0,15.5,131,12.8,55.8,75.23096359,115.5077477
13.11.04,21:00:00,1.7,4.7,113,15.9,54.9,,
12.09.04,13:00:00,-200.0,7.6,-200,24.8,70.4,,
23.05.04,13:00:00,1.0,4.2,57,27.7,25.8,123.07423840000001,65.63237789
30.03.04,5:00:00,0.7,2.3,71,12.9,33.9,79.04064348,111.8679307
24.03.04,17:00:00,2.8,13.4,130,11.7,69.1,80.10688094,115.5382732
16.09.04,9:00:00,3.6,21.6,96,21.6,67.7,,
14.11.04,13:00:00,0.6,1.2,62,12.4,31.3,,
10.11.04,20:00:00,4.6,21.4,182,10.0,71.5,,
16.07.04,9:00:00,3.1,14.8,157,24.2,48.5,,
21.09.04,19:00:00,5.4,28.7,210,26.7,42.3,,
14.05.04,8:00:00,-200.0,29.1,-200,20.0,45.6,121.66446459999999,60.19043889
12.03.05,15:00:00,0.2,3.8,105,17.7,35.0,,
24.11.04,13:00:00,2.0,9.7,104,15.6,56.2,,
02.07.04,10:00:00,2.8,15.6,158,33.6,28.7,,
02.04.04,13:00:00,3.0,16.1,130,23.6,31.3,73.72950942,101.91131850000001
24.06.04,8:00:00,1.5,8.6,77,24.7,45.9,,
27.02.05,14:00:00,1.1,2.5,115,10.0,35.5,,
23.09.04,11:00:00,2.7,15.9,129,26.4,47.3,,
19.03.04,8:00:00,4.8,22.8,157,13.0,61.6,27.62716546,54.25694292
12.12.04,3:00:00,2.0,6.4,-200,6.6,58.1,,
17.09.04,11:00:00,1.6,8.6,113,23.5,41.6,,
21.06.04,11:00:00,1.5,7.9,106,29.6,21.0,,
31.12.04,21:00:00,-200.0,5.5,-200,9.1,32.5,,
29.03.05,1:00:00,1.0,2.9,83,14.7,66.4,,
13.03.05,10:00:00,0.3,5.0,148,13.9,47.3,,
17.05.04,8:00:00,2.0,8.9,142,18.5,31.2,114.12062649999999,70.76610422
29.11.04,23:00:00,1.0,3.9,69,16.0,61.6,,
15.05.04,6:00:00,0.6,3.9,49,15.3,49.7,116.12319240000001,69.37990199
15.06.04,20:00:00,2.9,15.3,127,26.8,35.1,,
10.07.04,15:00:00,0.6,4.4,54,33.1,18.3,,
01.07.04,5:00:00,0.8,5.4,66,23.4,58.6,,
16.06.04,12:00:00,1.7,9.0,85,30.1,30.9,,
18.08.04,12:00:00,-200.0,5.6,-200,33.3,33.1,,
16.10.04,7:00:00,-200.0,7.7,-200,15.0,74.8,,
07.03.05,15:00:00,1.3,4.5,158,9.7,25.7,,
15.04.04,19:00:00,7.3,33.7,158,17.4,47.8,138.57127549999998,158.8415168
30.10.04,14:00:00,3.4,16.9,147,23.6,57.3,,
25.12.04,13:00:00,5.5,18.1,178,11.4,62.9,,
26.11.04,8:00:00,4.3,23.1,137,10.0,75.0,,
24.09.04,15:00:00,3.3,19.3,123,25.7,47.8,,
21.08.04,8:00:00,-200.0,3.2,-200,26.8,35.0,,
27.11.04,3:00:00,2.7,10.2,-200,11.9,79.7,,
21.09.04,15:00:00,2.6,14.6,152,30.5,34.9,,
25.06.04,4:00:00,0.6,2.4,64,21.7,50.2,,
20.09.04,15:00:00,2.4,11.9,122,31.8,27.4,,
03.08.04,19:00:00,-200.0,12.9,114,31.9,37.5,,
17.02.05,22:00:00,2.1,6.3,169,6.9,48.2,,
07.11.04,5:00:00,0.7,2.1,42,16.1,49.8,,
13.12.04,19:00:00,6.9,35.6,217,11.7,60.8,,
19.12.04,14:00:00,3.0,12.5,134,5.2,73.1,,
02.02.05,19:00:00,5.8,27.8,193,8.9,31.4,,
05.05.04,0:00:00,0.7,2.3,41,18.6,52.3,46.83609014,139.9461796
13.08.04,4:00:00,0.5,1.7,11,25.4,63.1,,
03.12.04,3:00:00,1.3,4.7,-200,14.1,84.8,,
02.12.04,12:00:00,2.8,14.8,128,15.9,62.7,,
14.05.04,7:00:00,3.7,22.8,140,18.5,49.4,117.61593140000001,61.34316604
23.11.04,18:00:00,10.2,49.5,227,13.2,72.6,,
27.03.04,17:00:00,2.3,11.2,117,17.1,31.3,82.05833859,104.0255792
08.09.04,16:00:00,-200.0,-200.0,-200,-200.0,-200.0,,
15.11.04,5:00:00,0.3,0.4,22,10.4,38.6,,
23.09.04,9:00:00,2.7,18.1,103,25.0,50.8,,
01.04.05,15:00:00,1.1,3.6,119,19.4,25.3,,
19.04.04,17:00:00,-200.0,11.8,-200,10.0,80.5,185.54424939999998,211.85523500000002
30.07.04,19:00:00,-200.0,16.5,137,33.3,28.7,,
14.03.04,15:00:00,1.9,8.2,107,21.9,29.0,32.75705908,59.38927829
06.08.04,5:00:00,0.7,4.4,57,21.4,75.5,,
12.03.04,4:00:00,-200.0,1.1,32,6.1,65.9,24.97804034,54.40063745
20.12.04,9:00:00,3.6,7.1,119,8.5,60.4,,
03.04.05,11:00:00,1.3,5.3,115,24.0,19.3,,
15.06.04,1:00:00,0.7,2.8,43,21.6,45.8,,
18.09.04,13:00:00,1.6,7.6,79,27.6,28.7,,
02.06.04,10:00:00,-200.0,8.9,54,24.3,49.0,,
22.08.04,9:00:00,-200.0,6.0,-200,25.2,47.4,,
23.06.04,5:00:00,0.4,2.2,40,21.7,46.8,,
26.03.05,1:00:00,2.2,10.5,124,16.8,69.0,,
24.03.05,11:00:00,3.2,15.3,155,18.2,43.2,,
03.05.04,3:00:00,0.4,1.7,-200,15.6,65.3,37.79328809,132.0387188
01.08.04,12:00:00,0.6,4.3,34,37.4,28.2,,
08.12.04,8:00:00,1.0,3.2,68,12.8,66.3,,
21.07.04,3:00:00,-200.0,3.1,-200,27.4,39.1,,
21.10.04,8:00:00,3.6,24.3,104,22.6,61.4,,
28.06.04,2:00:00,0.6,3.4,41,26.0,41.2,,
07.08.04,14:00:00,1.0,4.7,54,35.1,25.2,,
26.03.05,9:00:00,2.1,10.9,106,17.4,65.0,,
15.06.04,17:00:00,3.1,18.4,143,32.6,24.1,,
14.02.05,8:00:00,2.3,11.4,176,9.4,44.9,,
10.10.04,14:00:00,1.3,4.4,69,19.8,78.0,,
16.06.04,16:00:00,2.3,12.2,113,33.0,26.0,,
15.04.04,5:00:00,-200.0,2.6,-200,9.3,65.8,142.32002830000002,143.4875917
20.03.05,1:00:00,1.9,5.9,149,13.6,63.5,,
28.04.04,13:00:00,2.4,15.7,108,28.1,26.9,187.5424276,211.38650730000003
12.06.04,10:00:00,2.1,14.1,101,27.2,30.7,,
13.04.04,11:00:00,1.6,8.0,96,13.8,47.4,124.97017790000001,155.56894530000002
04.07.04,21:00:00,1.7,10.1,108,28.2,28.7,,
22.08.04,15:00:00,-200.0,2.8,-200,36.6,11.8,,
22.04.04,9:00:00,-200.0,26.1,-200,19.2,41.6,174.6480796,209.4704838
03.08.04,10:00:00,-200.0,15.2,173,32.8,36.9,,
12.07.04,22:00:00,1.3,5.2,85,21.3,38.7,,
07.09.04,1:00:00,0.8,3.0,-200,24.2,43.8,,
25.02.05,21:00:00,2.3,8.1,179,7.3,52.8,,
12.05.04,4:00:00,-200.0,2.7,47,15.6,62.2,112.8763581,60.67752804
17.03.05,2:00:00,0.9,3.3,104,12.6,53.7,,
01.06.04,1:00:00,-200.0,2.9,23,19.6,68.4,,
15.03.05,15:00:00,1.9,10.9,146,23.6,23.2,,
18.05.04,9:00:00,3.2,14.6,115,20.3,38.1,116.09632240000002,67.43527835
19.01.05,2:00:00,0.4,4.4,109,9.9,79.8,,
09.09.04,21:00:00,2.0,11.0,136,28.3,30.1,,
04.06.04,19:00:00,3.6,17.5,-200,25.7,31.8,,
26.11.04,12:00:00,4.0,18.9,179,14.9,57.0,,
28.03.05,19:00:00,3.7,12.4,175,19.6,47.8,,
11.07.04,16:00:00,0.6,4.7,63,33.0,17.7,,
30.08.04,21:00:00,-200.0,10.8,-200,26.0,43.6,,
13.03.05,14:00:00,0.3,2.8,110,17.2,46.2,,
23.11.04,0:00:00,1.3,11.6,121,7.9,72.5,,
17.09.04,20:00:00,2.2,10.0,110,22.3,42.2,,
05.12.04,19:00:00,2.0,4.6,103,12.1,75.5,,
17.03.04,1:00:00,1.2,5.4,90,15.5,51.9,40.196784,55.36396608
22.07.04,8:00:00,-200.0,35.6,149,26.4,46.3,,
14.07.04,15:00:00,2.1,12.4,113,35.3,13.8,,
20.08.04,20:00:00,-200.0,7.0,-200,29.1,46.9,,
09.10.04,12:00:00,3.1,18.2,87,28.1,45.3,,
26.04.04,23:00:00,1.2,4.0,75,16.0,41.4,174.17980480000003,210.49730719999997
15.02.05,0:00:00,1.0,3.1,102,8.7,31.2,,
28.07.04,0:00:00,-200.0,8.7,101,24.5,28.0,,
15.09.04,23:00:00,1.5,8.6,69,22.1,66.5,,
21.03.05,21:00:00,3.8,14.3,183,15.3,61.0,,
26.07.04,19:00:00,-200.0,14.5,131,32.5,27.9,,
19.08.04,21:00:00,-200.0,6.4,-200,30.3,47.3,,
11.01.05,21:00:00,4.1,18.4,156,12.6,63.9,,
01.01.05,1:00:00,1.6,8.8,106,5.3,50.7,,
09.06.04,23:00:00,1.5,8.7,84,25.4,40.1,,
12.09.04,22:00:00,-200.0,23.3,-200,23.8,63.5,,
13.03.04,21:00:00,4.2,18.3,159,15.3,46.8,28.04129073,59.93359746
30.09.04,23:00:00,1.7,10.7,91,21.1,64.7,,
17.07.04,15:00:00,1.0,4.6,66,39.7,13.5,,
09.07.04,3:00:00,0.5,2.7,-200,27.8,43.7,,
27.02.05,13:00:00,1.8,4.1,131,10.3,32.9,,
02.02.05,2:00:00,2.9,6.9,130,5.3,57.8,,
07.04.04,2:00:00,0.4,1.4,30,15.6,44.4,152.3725221,147.51851200000002
28.11.04,7:00:00,0.8,1.5,50,9.5,73.3,,
01.11.04,9:00:00,1.9,9.8,62,20.3,71.1,,
25.04.04,20:00:00,2.5,8.2,101,16.6,34.0,185.5533334,217.1693078
13.10.04,15:00:00,-200.0,6.0,-200,16.0,52.6,,
08.04.04,10:00:00,2.6,11.7,113,16.5,42.6,143.77809630000002,163.96285480000003
21.04.04,4:00:00,-200.0,2.0,-200,11.3,67.6,188.8916438,208.5207767
12.04.04,2:00:00,0.7,2.0,54,14.6,34.0,140.87516589999998,144.1303273
23.11.04,20:00:00,11.5,49.4,190,11.5,76.2,,
21.07.04,17:00:00,-200.0,11.5,99,41.6,14.5,,
29.05.04,11:00:00,0.7,4.5,70,21.3,35.8,,
25.03.05,21:00:00,3.9,16.7,155,18.2,61.0,,
08.11.04,2:00:00,0.7,1.7,42,11.1,55.6,,
17.08.04,14:00:00,-200.0,4.8,-200,36.5,20.8,,
28.07.04,3:00:00,-200.0,2.2,-200,23.6,33.2,,
03.12.04,0:00:00,3.2,13.1,102,14.1,81.4,,
26.03.04,17:00:00,2.3,11.2,102,14.2,43.3,78.21695559,116.85101470000001
12.10.04,12:00:00,-200.0,9.5,-200,20.8,45.8,,
06.07.04,21:00:00,2.5,14.9,125,30.4,23.2,,
04.02.05,2:00:00,0.7,3.3,111,4.7,64.6,,
17.11.04,23:00:00,2.3,7.1,145,9.7,62.5,,
27.12.04,0:00:00,2.3,7.4,137,11.2,79.6,,
14.12.04,22:00:00,2.5,-200.0,112,-200.0,-200.0,,
09.10.04,1:00:00,1.3,8.6,62,21.9,61.5,,
18.03.04,13:00:00,2.2,12.2,133,24.2,28.7,41.96294265,57.134517200000005
31.03.04,14:00:00,2.6,11.2,114,13.6,69.2,75.30610115,106.75194409999999
20.03.04,14:00:00,2.1,9.3,93,19.0,42.9,42.88273891,56.45819399999999
11.08.04,16:00:00,1.4,6.6,65,38.7,25.8,,
12.05.04,9:00:00,5.1,26.6,121,18.8,52.4,121.57857549999999,67.85677021
06.01.05,2:00:00,1.6,5.4,112,12.5,63.8,,
03.04.05,18:00:00,1.2,4.6,138,22.8,21.7,,
15.06.04,15:00:00,2.6,15.8,140,34.0,20.8,,
19.06.04,16:00:00,1.1,-200.0,65,-200.0,-200.0,,
13.10.04,1:00:00,-200.0,1.5,-200,14.6,57.6,,
28.02.05,8:00:00,1.0,2.6,111,2.7,50.5,,
27.12.04,2:00:00,1.1,2.7,92,11.6,68.9,,
26.04.04,12:00:00,1.5,6.6,80,19.6,30.9,176.0463426,219.65747909999996
12.10.04,21:00:00,-200.0,4.3,-200,15.5,57.1,,
09.03.05,8:00:00,4.3,20.9,190,3.3,61.6,,
05.04.04,5:00:00,-200.0,3.1,-200,13.5,63.9,120.5478835,167.7329409
25.06.04,22:00:00,2.6,13.8,130,25.0,28.7,,
07.05.04,9:00:00,3.4,15.0,127,16.0,50.9,53.84338889,162.6307419
31.03.04,0:00:00,1.3,3.8,82,14.8,41.0,89.69147824,111.14310729999998
02.10.04,20:00:00,-200.0,17.8,-200,22.9,57.9,,
19.02.05,20:00:00,2.7,12.3,211,10.4,37.3,,
05.08.04,14:00:00,-200.0,6.6,84,34.2,30.8,,
10.07.04,2:00:00,1.0,6.7,70,21.6,51.9,,
24.08.04,4:00:00,0.4,1.7,21,21.7,42.6,,
06.11.04,12:00:00,3.3,17.1,112,20.4,57.0,,
13.12.04,8:00:00,3.4,16.4,140,6.4,65.6,,
08.06.04,0:00:00,1.3,6.7,92,21.7,50.8,,
24.05.04,17:00:00,2.0,12.0,108,24.5,15.4,,
26.01.05,0:00:00,-200.0,1.1,55,3.9,47.7,,
12.05.04,3:00:00,0.6,3.1,-200,14.9,65.7,123.7627211,70.72815741
23.04.04,16:00:00,4.6,25.8,186,29.5,20.1,174.6705799,201.2238236
28.03.05,21:00:00,1.8,7.1,130,16.2,60.6,,
03.12.04,22:00:00,3.0,12.7,107,14.0,75.7,,
18.07.04,22:00:00,1.6,11.7,102,29.0,27.0,,
28.09.04,10:00:00,3.7,19.9,177,21.0,37.2,,
31.10.04,0:00:00,2.0,7.9,86,19.3,70.4,,
20.04.04,1:00:00,-200.0,2.9,-200,9.5,80.2,175.8339967,217.72569790000003
25.12.04,1:00:00,5.6,14.2,164,9.6,65.9,,
03.02.05,0:00:00,1.7,5.6,156,4.5,47.9,,
25.01.05,8:00:00,0.2,2.9,115,4.3,45.9,,
31.10.04,1:00:00,1.5,5.7,72,19.7,68.6,,
13.07.04,6:00:00,1.3,7.3,62,16.2,57.4,,
25.04.04,17:00:00,1.4,4.7,76,19.6,24.9,185.0780229,210.599762
26.02.05,8:00:00,1.0,3.9,124,6.2,51.3,,
20.01.05,4:00:00,0.6,0.7,40,7.8,54.2,,
28.02.05,2:00:00,0.6,1.0,56,4.0,51.0,,
24.04.04,19:00:00,3.5,19.4,134,23.4,39.7,178.50626780000002,215.37349559999998
20.02.05,22:00:00,1.1,3.1,105,7.7,54.4,,
19.12.04,8:00:00,1.0,3.8,110,2.5,59.3,,
15.07.04,6:00:00,0.7,5.7,64,21.1,47.1,,
31.03.04,16:00:00,2.3,10.1,111,15.7,50.9,70.71146244,120.18605009999999
07.09.04,20:00:00,3.3,15.3,-200,27.4,30.8,,
04.08.04,8:00:00,-200.0,26.0,-200,28.3,47.6,,
14.07.04,0:00:00,1.4,8.8,89,23.6,33.8,,
08.09.04,3:00:00,-200.0,-200.0,-200,-200.0,-200.0,,
21.07.04,18:00:00,4.1,17.0,140,39.6,18.8,,
25.03.05,4:00:00,0.9,4.1,96,13.6,82.8,,
12.07.04,8:00:00,3.6,17.2,112,21.3,49.7,,
02.04.04,16:00:00,2.6,13.6,122,27.6,22.8,72.03945891,107.84256780000001
17.06.04,23:00:00,2.8,15.2,120,24.6,45.8,,
13.03.04,15:00:00,2.0,9.2,116,18.4,33.6,20.93788927,51.00923472
14.04.04,1:00:00,0.9,3.9,73,10.9,64.6,159.2004693,168.1326456
27.06.04,10:00:00,1.9,10.5,111,31.0,32.4,,
15.03.04,18:00:00,6.1,32.1,162,22.5,35.4,38.95216528,57.3592925
28.10.04,20:00:00,2.5,12.4,112,19.4,64.0,,
12.09.04,14:00:00,-200.0,3.5,-200,27.8,49.4,,
29.04.04,20:00:00,4.3,19.2,122,18.6,57.6,41.08186489,133.4923753
01.11.04,18:00:00,4.0,19.8,95,21.8,72.7,,
04.10.04,3:00:00,-200.0,2.7,-200,17.8,72.3,,
19.11.04,11:00:00,3.5,13.8,231,17.0,55.9,,
16.09.04,3:00:00,0.7,4.3,-200,20.2,73.8,,
14.04.04,10:00:00,2.7,12.3,103,19.5,34.4,158.12084730000004,154.98341200000002
20.12.04,10:00:00,2.9,5.0,111,8.9,57.4,,
07.05.04,10:00:00,2.4,9.3,114,18.6,42.8,34.7745695,130.1471237
13.09.04,17:00:00,3.1,18.5,145,34.3,24.7,,
04.02.05,0:00:00,1.2,6.4,161,6.0,62.7,,
20.01.05,5:00:00,0.6,0.9,45,7.1,56.0,,
23.02.05,23:00:00,1.5,4.6,167,4.2,77.9,,
22.05.04,0:00:00,3.7,18.0,126,19.1,41.9,130.6409603,60.08321371
01.10.04,0:00:00,1.9,10.4,91,20.3,66.4,,
28.03.04,20:00:00,1.8,5.5,103,13.4,43.2,89.54964579,107.2678588
16.11.04,20:00:00,3.2,15.8,171,13.4,40.4,,
03.02.05,7:00:00,0.6,4.2,134,1.3,63.1,,
02.08.04,4:00:00,0.2,1.6,5,25.5,61.8,,
13.05.04,11:00:00,1.6,7.2,90,17.6,49.7,111.9393732,61.31782643
05.11.04,14:00:00,4.4,25.0,125,23.0,49.0,,
28.06.04,20:00:00,2.5,15.1,115,31.9,30.6,,
27.02.05,6:00:00,0.9,3.1,77,1.6,74.3,,
14.03.04,22:00:00,2.1,9.0,121,16.3,51.0,26.11374064,57.90599198
05.10.04,11:00:00,-200.0,19.3,-200,26.0,43.8,,
11.04.04,16:00:00,1.0,3.2,58,21.0,23.6,131.99667340000002,155.5354304
08.09.04,21:00:00,2.8,15.8,155,26.8,28.9,,
01.01.05,20:00:00,2.5,7.9,151,7.8,54.6,,
25.02.05,5:00:00,0.8,2.1,100,5.0,82.8,,
02.02.05,6:00:00,2.2,4.5,125,2.6,67.5,,
20.10.04,3:00:00,-200.0,9.3,-200,18.4,74.5,,
08.04.04,21:00:00,1.6,7.0,93,15.3,41.5,146.5048233,144.76345659999998
22.10.04,8:00:00,4.1,28.0,91,20.4,66.7,,
01.02.05,6:00:00,1.1,4.2,122,2.0,64.9,,
25.09.04,9:00:00,1.0,4.6,52,16.9,47.7,,
04.10.04,12:00:00,-200.0,22.1,-200,25.8,44.7,,
11.11.04,19:00:00,3.5,16.1,166,12.0,73.3,,
21.09.04,5:00:00,0.6,3.3,53,18.8,63.0,,
01.07.04,2:00:00,0.9,5.1,50,26.9,49.3,,
15.01.05,5:00:00,1.1,3.1,92,3.4,81.4,,
23.09.04,6:00:00,0.9,6.3,66,21.3,63.2,,
08.02.05,11:00:00,1.6,6.9,180,10.5,33.4,,
18.12.04,5:00:00,1.3,6.1,90,10.8,80.0,,
22.01.05,5:00:00,0.9,13.7,144,5.7,80.5,,
28.03.04,11:00:00,2.3,9.5,96,19.2,31.3,79.73479089,104.2156552
25.07.04,12:00:00,0.8,3.0,54,28.2,42.6,,
06.07.04,2:00:00,0.7,4.1,60,23.3,48.4,,
15.02.05,3:00:00,0.4,1.1,-200,7.1,37.4,,
16.03.05,19:00:00,4.8,26.2,227,21.0,28.0,,
24.02.05,13:00:00,1.7,7.4,195,6.7,76.2,,
27.02.05,0:00:00,4.8,11.5,189,6.3,60.4,,
27.03.04,0:00:00,1.5,5.2,87,9.4,53.4,72.87541824,100.5436896
15.11.04,13:00:00,1.8,6.7,104,13.5,34.9,,
29.07.04,3:00:00,-200.0,2.4,-200,25.1,32.6,,
27.05.04,20:00:00,-200.0,16.2,-200,23.7,28.4,,
17.06.04,12:00:00,1.9,9.8,105,27.4,37.0,,
01.12.04,15:00:00,5.0,22.9,162,13.0,73.0,,
20.07.04,21:00:00,-200.0,11.2,102,30.9,29.0,,
18.03.04,20:00:00,5.1,26.0,176,18.6,36.2,21.63211751,52.62376767
21.08.04,7:00:00,-200.0,3.8,-200,25.7,36.9,,
29.10.04,4:00:00,-200.0,2.7,56,18.2,76.6,,
12.06.04,23:00:00,2.6,13.2,112,24.9,45.6,,
18.10.04,13:00:00,-200.0,19.9,-200,21.4,47.2,,
02.11.04,10:00:00,4.4,23.6,107,20.6,60.2,,
17.11.04,21:00:00,4.9,19.0,267,10.7,62.1,,
30.07.04,21:00:00,-200.0,13.2,118,29.1,38.9,,
15.05.04,21:00:00,2.2,10.2,124,20.9,33.2,115.2075894,68.37071729
08.02.05,8:00:00,2.1,10.0,224,6.0,46.4,,
02.12.04,7:00:00,1.4,7.2,89,12.5,76.4,,
22.09.04,3:00:00,0.5,2.4,-200,19.8,65.3,,
09.05.04,19:00:00,-200.0,10.1,-200,16.4,47.8,122.33634620000001,63.32350729
22.12.04,14:00:00,2.4,8.1,133,9.8,31.8,,
10.08.04,21:00:00,1.6,8.6,62,30.7,48.1,,
18.06.04,7:00:00,2.2,14.5,92,20.8,52.6,,
26.05.04,18:00:00,-200.0,22.6,-200,28.6,18.7,,
14.02.05,5:00:00,0.4,1.5,49,7.7,68.9,,
24.05.04,12:00:00,1.2,6.8,83,22.8,16.1,124.9231537,68.1973257
23.03.05,17:00:00,2.5,12.3,159,23.2,23.3,,
22.11.04,7:00:00,0.4,6.8,149,4.5,54.8,,
05.09.04,7:00:00,0.6,2.9,-200,25.5,38.2,,
08.02.05,15:00:00,1.6,5.3,165,13.9,20.7,,
21.12.04,18:00:00,3.1,16.7,166,7.6,40.1,,
11.02.05,17:00:00,6.6,-200.0,326,-200.0,-200.0,,
01.07.04,20:00:00,3.4,16.5,149,30.9,30.4,,
11.07.04,17:00:00,0.9,5.0,86,32.0,19.8,,
07.12.04,5:00:00,0.6,2.3,63,12.4,68.3,,
11.08.04,8:00:00,1.7,11.1,51,27.9,56.5,,
20.01.05,3:00:00,0.7,1.2,-200,8.1,53.1,,
20.11.04,23:00:00,0.7,7.2,133,6.1,45.2,,
04.12.04,2:00:00,2.9,11.0,90,12.1,79.4,,
22.06.04,2:00:00,0.4,1.9,36,22.1,44.3,,
15.03.04,1:00:00,1.8,6.9,93,14.0,57.0,41.55375968,53.44288809
20.03.04,21:00:00,3.3,13.7,125,16.4,53.8,28.35908082,53.56315974
30.05.04,5:00:00,0.1,3.1,37,17.2,47.2,,
19.08.04,11:00:00,1.1,6.1,35,36.9,30.9,,
14.10.04,9:00:00,-200.0,9.9,-200,16.3,53.3,,
18.03.05,8:00:00,2.9,14.5,141,8.7,61.6,,
06.11.04,13:00:00,3.5,19.4,121,20.7,59.3,,
12.01.05,10:00:00,4.4,19.6,170,9.9,73.3,,
19.04.04,1:00:00,-200.0,4.2,-200,14.1,70.1,188.00668190000002,211.67158909999998
09.06.04,4:00:00,0.5,3.3,51,20.8,54.4,,
11.12.04,21:00:00,2.9,11.6,138,13.3,38.7,,
10.02.05,15:00:00,2.2,-200.0,131,-200.0,-200.0,,
31.01.05,17:00:00,4.1,21.1,228,13.0,20.3,,
07.12.04,14:00:00,3.6,16.0,134,19.4,47.1,,
31.07.04,20:00:00,1.8,10.7,114,31.8,34.5,,
28.08.04,21:00:00,-200.0,8.8,-200,27.3,44.5,,
18.06.04,9:00:00,3.7,21.3,151,25.2,42.9,,
16.10.04,12:00:00,-200.0,7.0,-200,20.3,41.3,,
21.01.05,12:00:00,4.5,22.5,189,10.2,53.1,,
04.11.04,6:00:00,0.7,4.7,46,15.8,73.5,,
30.06.04,18:00:00,4.9,27.8,207,33.5,38.0,,
15.07.04,1:00:00,1.2,8.9,80,23.4,38.6,,
09.05.04,15:00:00,-200.0,7.0,-200,17.7,54.0,125.8032338,64.18208735
28.09.04,7:00:00,2.4,15.5,120,13.5,58.2,,
13.01.05,22:00:00,2.0,7.5,107,8.8,71.0,,
14.04.04,4:00:00,-200.0,1.7,57,10.7,63.8,143.60740890000002,166.8336668
26.10.04,19:00:00,6.2,36.6,134,22.2,61.0,,
12.03.05,20:00:00,2.4,14.1,201,13.2,51.4,,
07.05.04,16:00:00,2.3,9.4,116,14.2,60.5,37.09059162,142.15703180000003
08.03.05,5:00:00,0.7,1.9,114,1.4,56.8,,
23.02.05,15:00:00,2.3,9.9,223,5.6,74.6,,
14.01.05,22:00:00,1.7,6.2,126,8.3,69.7,,
14.06.04,8:00:00,1.8,8.7,96,21.5,44.5,,
06.09.04,20:00:00,1.8,8.5,-200,26.8,33.8,,
02.01.05,12:00:00,2.2,7.1,148,8.0,51.2,,
17.04.04,15:00:00,-200.0,5.0,-200,19.7,44.4,156.17644909999999,164.87887519999998
10.01.05,10:00:00,2.1,16.1,136,12.8,71.8,,
07.07.04,2:00:00,0.8,5.1,69,25.7,33.9,,
15.04.04,0:00:00,-200.0,4.7,-200,12.3,57.6,148.4918237,152.2444456
16.04.04,22:00:00,2.7,9.6,103,13.1,80.1,145.94899099999998,163.47743300000002
31.10.04,2:00:00,1.3,6.4,61,19.7,68.2,,
26.11.04,10:00:00,5.6,26.1,197,12.4,64.8,,
18.10.04,22:00:00,-200.0,8.0,-200,17.5,63.5,,
31.01.05,16:00:00,3.2,15.7,204,14.1,18.2,,
20.02.05,2:00:00,2.2,8.3,174,7.8,50.0,,
21.08.04,2:00:00,-200.0,3.9,-200,25.0,47.3,,
19.09.04,6:00:00,0.6,2.9,44,18.2,60.8,,
13.10.04,19:00:00,-200.0,10.6,-200,14.7,57.8,,
24.10.04,23:00:00,1.7,9.0,62,18.4,71.5,,
24.12.04,11:00:00,6.5,18.8,165,7.2,58.6,,
18.08.04,13:00:00,-200.0,5.5,-200,34.6,30.1,,
15.04.04,14:00:00,4.0,19.5,129,19.2,35.7,123.2808672,144.4866854
21.10.04,19:00:00,6.0,34.8,120,25.1,59.4,,
15.06.04,21:00:00,2.2,11.5,109,25.3,39.4,,
28.01.05,13:00:00,1.4,5.3,147,4.4,48.4,,
19.03.04,22:00:00,2.2,9.1,116,14.7,57.6,41.48240952,59.91719016
08.02.05,18:00:00,1.8,-200.0,194,-200.0,-200.0,,
07.08.04,0:00:00,1.4,8.5,62,23.8,65.0,,
15.03.05,20:00:00,7.4,33.5,248,16.4,41.9,,
29.10.04,21:00:00,1.8,7.0,116,17.3,76.3,,
11.01.05,22:00:00,3.4,16.6,146,12.0,67.4,,
25.06.04,12:00:00,2.1,10.0,108,34.0,25.6,,
25.10.04,9:00:00,3.5,18.8,111,18.7,66.3,,
20.07.04,22:00:00,-200.0,14.3,104,30.1,30.2,,
16.02.05,20:00:00,5.6,24.7,227,6.6,43.4,,
22.10.04,14:00:00,3.7,22.3,112,26.8,49.1,,
05.03.05,6:00:00,1.1,4.3,128,3.1,68.6,,
08.06.04,5:00:00,0.5,2.8,40,19.6,57.1,,
24.02.05,20:00:00,3.9,17.5,265,6.3,74.9,,
24.10.04,4:00:00,-200.0,7.0,51,18.7,73.8,,
17.01.05,6:00:00,0.7,1.6,90,3.2,56.0,,
27.03.05,4:00:00,1.0,3.4,68,15.9,65.1,,
24.12.04,13:00:00,6.9,24.8,197,9.8,52.4,,
06.11.04,21:00:00,3.1,13.3,90,19.5,57.4,,
13.07.04,4:00:00,0.6,2.5,51,16.3,59.8,,
17.11.04,9:00:00,3.8,19.0,201,7.5,58.8,,
03.05.04,14:00:00,1.4,10.0,69,30.3,20.1,43.60992789,149.3622913
15.12.04,11:00:00,3.5,-200.0,176,-200.0,-200.0,,
25.09.04,16:00:00,1.1,4.6,21,22.1,24.8,,
26.04.04,22:00:00,1.5,5.3,89,16.4,40.8,174.9188021,220.3177309
05.04.04,14:00:00,2.5,12.6,106,19.5,47.5,134.2754059,166.6411961
16.06.04,8:00:00,5.0,30.2,142,22.9,52.4,,
02.10.04,4:00:00,-200.0,4.0,-200,20.5,64.0,,
10.02.05,23:00:00,2.4,-200.0,164,-200.0,-200.0,,
04.04.04,17:00:00,-200.0,10.1,-200,23.0,36.2,160.7021861,147.30175769999997
29.04.04,0:00:00,1.5,7.8,89,17.4,55.6,186.6239664,220.29499980000003
13.07.04,12:00:00,2.7,14.5,141,33.7,15.4,,
22.07.04,20:00:00,3.7,21.1,158,34.5,25.5,,
22.08.04,2:00:00,-200.0,5.2,-200,20.9,57.4,,
01.04.04,10:00:00,2.8,11.7,113,19.2,39.6,70.47909356,102.2203688
18.04.04,13:00:00,-200.0,3.4,-200,16.7,56.0,180.1483618,217.50162310000002
18.10.04,7:00:00,-200.0,20.8,-200,13.3,70.4,,
18.05.04,10:00:00,2.4,12.3,119,25.3,27.0,128.0734585,63.58469662
29.05.04,15:00:00,0.5,4.2,63,22.9,30.7,,
13.09.04,5:00:00,-200.0,5.5,-200,19.5,72.0,,
25.09.04,21:00:00,1.7,7.4,88,18.4,33.2,,
12.06.04,14:00:00,1.2,7.2,68,36.0,20.5,,
16.04.04,4:00:00,1.0,3.6,69,11.9,74.8,139.99918280000003,153.2156203
04.02.05,4:00:00,0.8,3.1,115,5.0,63.5,,
18.06.04,6:00:00,0.8,6.5,59,20.4,54.1,,
25.05.04,6:00:00,0.2,2.6,45,13.4,34.5,,
06.03.05,21:00:00,1.5,4.1,158,7.5,43.8,,
21.02.05,0:00:00,1.4,3.3,112,6.7,62.8,,
11.03.05,15:00:00,1.7,12.3,180,19.3,29.9,,
15.10.04,9:00:00,-200.0,24.1,-200,17.3,70.9,,
10.12.04,4:00:00,-200.0,0.7,35,13.2,35.6,,
30.09.04,6:00:00,-200.0,8.1,-200,17.6,57.6,,
23.06.04,11:00:00,2.3,13.0,119,32.2,25.1,,
08.11.04,22:00:00,-200.0,8.0,-200,8.5,59.7,,
11.06.04,1:00:00,1.1,7.5,86,24.2,39.5,,
07.01.05,7:00:00,1.0,3.1,69,6.4,76.3,,
08.03.05,9:00:00,5.5,26.3,223,4.1,47.9,,
21.03.04,4:00:00,-200.0,5.8,87,15.4,57.8,30.70374307,50.89031315
08.08.04,7:00:00,0.6,2.8,38,24.3,58.4,,
06.01.05,15:00:00,1.5,6.4,111,16.3,51.9,,
24.01.05,1:00:00,-200.0,6.0,121,5.0,76.5,,
24.03.04,5:00:00,0.6,1.2,54,10.9,58.6,86.72871795,100.0520623
02.06.04,12:00:00,-200.0,7.4,53,28.9,34.8,,
16.10.04,0:00:00,-200.0,7.2,-200,14.1,83.8,,
09.12.04,17:00:00,1.7,5.7,105,14.8,48.4,,
15.06.04,8:00:00,4.0,24.8,119,23.7,39.9,,
27.05.04,18:00:00,-200.0,24.8,-200,27.0,23.5,,
23.10.04,11:00:00,3.0,16.2,102,23.3,57.5,,
07.04.04,21:00:00,1.2,3.2,71,9.8,71.8,144.5283918,145.33400480000003
17.04.04,16:00:00,-200.0,5.4,-200,19.3,45.7,174.4933148,203.0891867
07.12.04,3:00:00,1.1,4.2,-200,11.6,73.4,,
11.04.04,19:00:00,2.0,5.7,93,16.4,35.3,154.6931729,154.1915111
10.06.04,5:00:00,0.9,5.4,76,19.5,59.4,,
23.09.04,5:00:00,0.5,2.5,58,22.9,57.5,,
31.10.04,8:00:00,0.9,4.6,41,20.6,70.7,,
17.09.04,22:00:00,1.2,5.5,90,22.2,42.7,,
20.10.04,20:00:00,6.0,30.1,130,22.4,67.7,,
16.10.04,11:00:00,-200.0,8.3,-200,22.0,38.9,,
15.03.05,1:00:00,0.7,2.2,79,13.0,61.2,,
30.03.04,17:00:00,2.1,9.7,99,17.3,34.7,81.55814042,118.88525890000001
22.03.05,16:00:00,1.7,8.6,122,25.5,24.7,,
21.06.04,23:00:00,1.3,7.4,80,20.9,48.9,,
10.03.05,18:00:00,2.7,12.7,163,16.5,21.6,,
28.07.04,2:00:00,-200.0,3.8,78,22.8,34.7,,
07.01.05,14:00:00,3.0,13.1,147,11.1,62.0,,
29.03.05,13:00:00,2.5,11.7,136,18.0,57.9,,
10.08.04,19:00:00,1.7,10.6,79,34.7,35.9,,
18.11.04,13:00:00,3.6,13.8,208,18.3,50.0,,
23.12.04,17:00:00,6.6,29.0,208,9.4,41.3,,
26.12.04,15:00:00,0.8,2.2,57,14.8,63.5,,
21.01.05,16:00:00,3.3,20.2,99,13.5,51.5,,
10.10.04,18:00:00,2.0,8.4,81,21.1,68.6,,
28.06.04,8:00:00,5.6,32.4,159,25.5,43.1,,
06.10.04,14:00:00,-200.0,14.6,-200,26.3,46.0,,
19.11.04,23:00:00,2.6,4.0,110,12.8,14.8,,
25.06.04,6:00:00,1.6,8.9,88,20.1,57.0,,
15.12.04,14:00:00,4.3,-200.0,181,-200.0,-200.0,,
12.09.04,15:00:00,-200.0,3.3,-200,25.4,59.9,,
04.06.04,18:00:00,3.3,16.9,-200,26.5,29.7,,
19.06.04,23:00:00,2.4,-200.0,113,-200.0,-200.0,,
27.02.05,22:00:00,1.0,2.1,105,4.5,48.0,,
15.10.04,3:00:00,-200.0,2.1,-200,15.8,77.6,,
24.11.04,14:00:00,2.9,14.4,129,15.4,59.6,,
22.06.04,16:00:00,2.2,13.6,120,33.5,22.9,,
03.11.04,20:00:00,3.3,18.7,97,22.4,55.2,,
10.06.04,9:00:00,4.3,24.6,166,25.9,44.3,,
03.01.05,19:00:00,5.0,-200.0,190,-200.0,-200.0,,
09.12.04,15:00:00,1.4,5.3,99,15.2,50.1,,
07.12.04,19:00:00,3.2,13.3,116,15.2,58.4,,
21.12.04,17:00:00,2.5,10.7,145,7.9,38.6,,
09.09.04,11:00:00,2.2,14.8,143,34.9,18.5,,
09.10.04,16:00:00,2.7,14.2,94,29.4,42.9,,
04.07.04,18:00:00,0.9,5.5,71,35.8,13.4,,
14.07.04,5:00:00,0.8,5.0,73,18.8,49.0,,
12.08.04,7:00:00,1.7,11.0,60,26.4,61.7,,
26.11.04,13:00:00,4.9,22.7,196,15.5,56.2,,
27.11.04,9:00:00,3.8,16.3,121,13.4,78.8,,
19.05.04,8:00:00,6.2,36.7,155,18.6,46.8,129.6680054,66.36036926
08.10.04,16:00:00,2.4,15.6,98,28.5,39.4,,
30.03.05,15:00:00,1.8,8.4,125,26.6,24.9,,
16.10.04,23:00:00,-200.0,4.4,-200,15.4,73.2,,
26.02.05,13:00:00,2.8,4.5,117,9.9,43.5,,
28.03.05,8:00:00,1.0,3.4,89,15.0,73.2,,
26.09.04,7:00:00,1.0,5.4,56,12.2,63.2,,
05.12.04,3:00:00,1.0,3.0,-200,12.2,69.6,,
02.05.04,21:00:00,2.2,9.7,100,19.4,52.1,58.4432318,150.2682144
25.05.04,1:00:00,0.2,2.7,56,15.5,32.2,,
01.04.04,23:00:00,2.0,8.5,103,14.9,52.0,82.326412,102.18218279999999
30.01.05,20:00:00,1.6,3.9,163,5.0,31.1,,
02.11.04,6:00:00,0.5,3.0,37,17.9,69.3,,
16.03.05,11:00:00,3.2,13.3,200,19.3,34.7,,
13.05.04,1:00:00,1.2,4.7,75,16.4,50.5,111.98970109999999,60.76384511
21.03.04,0:00:00,2.8,10.6,107,15.7,58.6,25.68937079,57.61349956
22.02.05,12:00:00,2.0,9.1,208,11.4,48.9,,
22.01.05,12:00:00,1.0,15.0,204,14.0,52.0,,
19.04.04,9:00:00,-200.0,8.5,-200,18.8,48.0,183.0535544,207.995602
22.04.04,6:00:00,-200.0,5.7,-200,12.2,64.1,186.5322745,220.5252472
07.09.04,9:00:00,2.1,10.2,64,27.3,38.3,,
31.03.05,15:00:00,1.0,3.7,89,22.5,32.9,,
25.07.04,19:00:00,1.6,6.3,90,28.8,41.3,,
11.08.04,9:00:00,1.8,9.7,58,29.8,51.1,,
13.10.04,11:00:00,-200.0,6.9,-200,17.4,47.6,,
23.09.04,7:00:00,3.2,21.6,112,21.3,63.5,,
19.07.04,2:00:00,0.1,2.8,51,26.6,33.0,,
06.02.05,15:00:00,0.8,1.9,78,10.3,27.7,,
21.01.05,13:00:00,5.0,24.0,198,11.1,51.4,,
19.05.04,3:00:00,0.3,1.8,-200,18.7,44.3,118.50823270000001,60.07121415
23.02.05,3:00:00,0.6,1.4,-200,3.5,80.6,,
19.10.04,9:00:00,-200.0,30.1,-200,16.6,68.4,,
07.07.04,15:00:00,1.8,11.3,121,41.0,11.6,,
31.07.04,8:00:00,1.5,9.2,86,25.2,51.0,,
09.05.04,14:00:00,-200.0,4.8,-200,15.6,65.8,130.0937014,70.01338605
24.08.04,2:00:00,0.7,3.2,34,22.8,41.3,,
15.12.04,17:00:00,6.6,-200.0,229,-200.0,-200.0,,
19.03.05,1:00:00,1.9,6.4,155,11.6,68.3,,
13.07.04,8:00:00,5.0,27.6,129,19.2,48.8,,
13.09.04,21:00:00,3.0,19.9,172,26.1,46.4,,
04.07.04,4:00:00,0.6,4.3,49,21.2,56.8,,
11.03.05,18:00:00,1.5,13.9,181,16.0,35.3,,
30.12.04,9:00:00,-200.0,6.1,-200,8.8,42.0,,
25.03.05,19:00:00,5.7,27.2,196,19.4,56.3,,
06.10.04,23:00:00,-200.0,11.4,-200,20.4,62.4,,
19.02.05,0:00:00,2.7,8.2,250,4.1,55.0,,
13.02.05,23:00:00,1.5,5.6,142,11.8,53.4,,
10.07.04,21:00:00,1.3,7.2,94,24.7,38.8,,
13.01.05,17:00:00,3.9,19.9,160,12.3,63.0,,
12.03.05,6:00:00,-200.0,1.5,65,9.2,75.3,,
12.06.04,21:00:00,1.8,11.2,89,26.1,42.2,,
16.07.04,19:00:00,4.1,21.6,187,32.4,21.5,,
22.12.04,8:00:00,2.0,8.8,152,4.5,53.0,,
23.12.04,16:00:00,4.3,17.9,177,11.3,33.6,,
24.02.05,16:00:00,3.0,13.3,267,7.6,70.8,,
02.01.05,22:00:00,3.2,-200.0,169,-200.0,-200.0,,
14.01.05,1:00:00,1.8,6.4,98,7.1,73.9,,
05.12.04,21:00:00,1.7,4.4,93,12.6,70.5,,
30.10.04,11:00:00,4.0,20.3,152,21.2,64.4,,
14.08.04,23:00:00,0.9,4.9,47,26.7,49.5,,
27.07.04,20:00:00,-200.0,9.3,114,27.7,24.2,,
20.05.04,14:00:00,1.9,12.3,120,31.1,22.3,110.29233470000001,65.4403885
24.09.04,12:00:00,3.7,22.3,143,26.2,46.0,,
17.10.04,10:00:00,-200.0,6.8,-200,19.2,51.9,,
04.05.04,0:00:00,1.3,5.5,81,18.4,65.8,56.64426264,173.4055544
13.02.05,17:00:00,1.0,4.3,100,17.1,35.8,,
26.11.04,16:00:00,6.2,29.1,213,15.7,58.9,,
10.08.04,23:00:00,1.8,10.5,63,28.8,52.0,,
25.03.04,20:00:00,4.6,21.6,133,12.6,52.5,73.22545503,111.4944312
18.01.05,10:00:00,5.8,25.0,235,5.6,52.9,,
05.05.04,3:00:00,0.5,1.8,-200,15.5,66.9,55.0801999,163.0920729
21.01.05,7:00:00,2.4,12.2,138,6.4,63.9,,
17.05.04,2:00:00,0.5,1.8,37,18.4,27.6,115.4623213,67.10121241
05.08.04,8:00:00,-200.0,15.1,-200,26.5,50.4,,
13.09.04,10:00:00,3.1,18.4,138,25.4,53.0,,
12.03.04,17:00:00,2.4,11.7,119,16.9,34.3,35.16642456,51.04520518
11.05.04,12:00:00,2.5,13.9,96,24.3,29.8,129.9774986,60.47211156
18.05.04,18:00:00,4.4,22.7,160,27.5,24.7,130.181546,62.13375296
31.03.04,20:00:00,2.3,9.3,105,13.2,56.0,80.63333077,108.4323736
03.07.04,9:00:00,1.9,11.1,124,25.3,40.7,,
22.03.05,12:00:00,2.8,15.6,160,21.7,39.0,,
04.09.04,13:00:00,1.8,9.8,-200,37.1,21.2,,
31.12.04,16:00:00,-200.0,5.6,-200,13.3,27.5,,
06.04.04,5:00:00,0.8,3.4,64,14.6,58.8,150.7901997,141.2335103
21.09.04,14:00:00,2.3,12.7,143,29.2,37.9,,
08.11.04,0:00:00,0.9,2.7,59,10.2,71.6,,
19.11.04,15:00:00,5.0,14.8,222,18.3,52.3,,
05.04.04,13:00:00,3.1,15.4,114,18.0,51.5,124.1378179,150.8148119
20.01.05,12:00:00,2.6,11.9,151,13.9,32.3,,
18.01.05,13:00:00,4.9,25.1,234,5.5,66.1,,
15.04.04,6:00:00,-200.0,7.9,-200,9.1,67.4,124.30445859999999,160.1565099
18.06.04,16:00:00,2.4,14.8,147,37.2,21.6,,
16.11.04,4:00:00,0.4,0.7,32,11.1,40.8,,
07.02.05,2:00:00,0.8,1.5,78,4.3,38.1,,
26.01.05,1:00:00,-200.0,0.9,49,4.0,47.8,,
08.03.05,17:00:00,2.0,9.6,168,15.8,16.7,,
14.03.05,8:00:00,3.5,15.7,163,10.8,64.4,,
06.12.04,16:00:00,2.7,15.6,114,18.7,53.0,,
06.07.04,7:00:00,3.8,23.3,115,22.9,49.1,,
20.08.04,9:00:00,-200.0,8.6,-200,29.7,50.5,,
12.04.04,5:00:00,0.3,0.5,26,13.5,37.9,140.9473471,150.61684580000002
09.12.04,1:00:00,1.0,2.9,83,14.9,65.7,,
05.11.04,0:00:00,1.6,8.8,65,18.5,69.5,,
10.06.04,14:00:00,2.6,17.0,144,39.7,18.7,,
16.05.04,7:00:00,0.8,4.2,58,13.8,51.4,124.920349,70.22715379
07.08.04,8:00:00,1.2,7.7,51,23.3,61.8,,
27.02.05,8:00:00,1.1,3.6,118,2.5,69.5,,
21.07.04,1:00:00,-200.0,7.6,67,27.6,38.2,,
11.06.04,18:00:00,3.2,19.1,146,34.2,14.2,,
21.04.04,0:00:00,-200.0,4.5,-200,14.2,56.7,174.8385667,209.4681215
07.06.04,6:00:00,1.5,9.6,76,17.3,57.6,,
04.11.04,20:00:00,4.3,27.2,97,21.1,66.1,,
06.06.04,8:00:00,1.2,5.9,70,20.4,55.8,,
18.07.04,2:00:00,1.1,5.5,64,24.3,38.1,,
01.11.04,10:00:00,2.2,12.4,74,23.1,61.3,,
31.03.05,20:00:00,1.5,4.4,118,16.3,47.3,,
02.03.05,10:00:00,2.0,8.3,181,4.6,32.5,,
15.04.04,2:00:00,-200.0,2.1,-200,10.7,62.3,133.0760875,163.3281933
03.11.04,21:00:00,2.4,12.7,90,21.7,57.7,,
12.04.04,19:00:00,1.8,5.2,93,10.6,59.5,148.8375746,155.1703444
23.10.04,19:00:00,4.6,23.1,118,22.2,63.6,,
10.12.04,14:00:00,2.1,9.0,114,18.8,20.0,,
14.01.05,11:00:00,3.8,17.1,179,9.3,67.1,,
02.01.05,0:00:00,1.8,5.2,112,4.7,62.9,,
30.01.05,17:00:00,1.0,2.6,118,7.8,28.3,,
27.11.04,18:00:00,5.6,24.5,136,14.2,75.8,,
25.03.05,9:00:00,4.3,22.9,158,16.0,67.8,,
03.01.05,12:00:00,1.7,-200.0,115,-200.0,-200.0,,
19.07.04,18:00:00,-200.0,20.7,200,37.7,19.8,,
11.09.04,1:00:00,-200.0,6.2,-200,23.4,40.7,,
16.01.05,6:00:00,1.2,4.5,106,4.7,62.3,,
28.05.04,4:00:00,-200.0,2.8,-200,15.2,53.6,,
28.08.04,5:00:00,0.4,1.7,33,22.5,48.6,,
18.03.05,15:00:00,2.3,12.9,177,25.9,21.9,,
20.09.04,1:00:00,0.8,4.0,57,22.8,53.0,,
28.02.05,18:00:00,2.0,6.7,140,2.1,36.6,,
08.01.05,7:00:00,1.3,4.5,93,8.1,68.0,,
21.06.04,18:00:00,3.0,15.3,147,28.6,22.3,,
24.07.04,15:00:00,0.9,3.8,38,37.3,28.8,,
21.04.04,18:00:00,-200.0,32.5,-200,25.3,28.9,189.83285859999998,219.91375699999998
26.03.05,23:00:00,1.6,7.2,111,16.5,63.8,,
17.01.05,9:00:00,4.1,18.0,199,2.4,60.2,,
30.08.04,5:00:00,-200.0,3.9,-200,22.0,62.3,,
03.10.04,19:00:00,-200.0,20.8,-200,23.7,55.6,,
15.03.05,16:00:00,2.5,12.3,166,23.6,22.9,,
29.03.05,11:00:00,2.4,10.0,147,19.6,49.4,,
16.03.04,0:00:00,2.1,11.1,103,14.1,65.7,39.43071713,51.11159341
25.06.04,3:00:00,0.7,3.3,-200,23.1,47.4,,
21.06.04,17:00:00,2.2,12.4,124,30.1,19.3,,
04.10.04,21:00:00,-200.0,10.0,-200,22.6,55.1,,
09.02.05,20:00:00,3.8,-200.0,223,-200.0,-200.0,,
06.05.04,14:00:00,3.0,14.1,121,13.6,65.5,59.8031434,157.9419379
11.12.04,8:00:00,1.7,8.4,124,8.2,46.8,,
16.05.04,17:00:00,1.9,10.1,107,30.4,26.5,130.7224603,68.9067853
13.12.04,5:00:00,0.7,1.8,64,6.4,63.3,,
27.07.04,19:00:00,-200.0,10.6,111,28.4,24.7,,
11.10.04,20:00:00,3.2,16.2,76,19.7,65.1,,
21.10.04,9:00:00,3.6,20.6,119,22.6,61.5,,
03.10.04,12:00:00,-200.0,11.3,-200,26.6,43.7,,
05.07.04,7:00:00,2.0,14.3,80,21.6,44.1,,
12.05.04,6:00:00,1.5,9.6,73,14.5,65.7,122.91461869999999,65.07513807
31.08.04,18:00:00,2.7,14.1,104,31.4,35.4,,
01.05.04,6:00:00,0.7,3.1,35,16.7,66.9,43.80557309,168.4300702
05.01.05,15:00:00,2.6,13.9,150,14.6,59.6,,
01.04.04,14:00:00,1.7,-200.0,72,-200.0,-200.0,82.88388758,112.82456440000001
27.08.04,10:00:00,2.2,-200.0,99,-200.0,-200.0,,
01.05.04,3:00:00,1.3,6.3,-200,15.7,73.1,40.27562011,145.93403480000003
01.04.05,9:00:00,1.3,4.3,127,16.1,41.5,,
29.03.05,23:00:00,1.1,5.0,107,13.5,70.8,,
29.03.04,4:00:00,0.6,1.2,59,11.3,46.9,78.72072272,118.3711763
29.08.04,7:00:00,-200.0,2.8,-200,21.3,64.1,,
31.01.05,20:00:00,6.8,29.2,282,7.3,36.8,,
27.11.04,1:00:00,4.2,18.0,140,12.7,77.5,,
09.09.04,10:00:00,3.1,19.9,171,31.0,21.9,,
30.10.04,15:00:00,3.2,16.4,135,23.5,58.3,,
02.12.04,11:00:00,3.4,16.4,137,15.4,63.9,,
19.02.05,16:00:00,1.1,3.4,117,12.8,31.9,,
29.11.04,7:00:00,2.0,9.8,90,8.7,83.7,,
28.09.04,17:00:00,4.8,26.8,173,28.0,23.3,,
15.10.04,4:00:00,-200.0,2.3,-200,15.2,79.4,,
24.01.05,17:00:00,1.0,7.6,163,8.9,38.1,,
25.08.04,19:00:00,1.4,6.3,53,29.1,42.1,,
30.03.05,6:00:00,0.8,3.8,78,11.0,73.1,,
06.11.04,23:00:00,1.6,7.9,73,18.8,59.1,,
22.03.04,5:00:00,0.3,0.7,23,16.5,53.9,50.63356132,50.3018261
30.07.04,9:00:00,-200.0,22.0,160,26.8,46.6,,
16.01.05,2:00:00,2.1,7.6,128,5.1,65.5,,
23.12.04,5:00:00,1.1,1.6,77,4.0,50.4,,
31.01.05,15:00:00,2.9,14.7,214,13.5,18.7,,
08.09.04,14:00:00,-200.0,-200.0,-200,-200.0,-200.0,,
30.03.05,5:00:00,0.5,2.1,70,10.2,77.9,,
13.05.04,18:00:00,4.5,20.2,148,20.3,44.4,111.2856101,61.10153656
14.03.04,6:00:00,1.0,2.5,63,11.6,62.2,41.31899229,57.04694652
03.04.04,7:00:00,2.0,9.5,91,13.3,61.7,84.41683814,101.6332754
09.02.05,16:00:00,2.1,-200.0,148,-200.0,-200.0,,
04.05.04,23:00:00,1.1,5.0,61,17.3,59.5,50.89618029,174.529451
11.01.05,8:00:00,3.2,19.0,136,12.1,67.6,,
21.09.04,22:00:00,1.5,8.1,92,23.0,55.8,,
30.10.04,7:00:00,2.4,13.6,94,16.8,79.8,,
21.03.05,14:00:00,2.1,10.0,131,23.3,35.8,,
04.10.04,7:00:00,-200.0,11.1,-200,18.3,67.5,,
13.09.04,16:00:00,2.3,14.9,128,35.2,25.2,,
23.02.05,17:00:00,2.5,10.3,238,4.9,78.2,,
04.11.04,18:00:00,8.7,47.5,171,23.1,61.1,,
30.03.04,10:00:00,4.7,21.0,159,17.9,28.2,84.53943217,105.72714280000001
10.05.04,15:00:00,2.3,13.7,109,25.0,30.1,115.35160400000001,61.66597693
28.12.04,7:00:00,-200.0,6.6,-200,9.7,73.1,,
02.03.05,0:00:00,0.9,2.2,102,0.2,30.2,,
25.03.05,18:00:00,4.9,24.3,174,20.4,51.9,,
13.07.04,9:00:00,3.6,16.7,135,21.7,42.4,,
11.03.04,6:00:00,0.7,1.6,48,10.5,58.1,34.477874299999996,51.23577014
18.01.05,4:00:00,-200.0,2.1,83,4.5,53.8,,
08.07.04,9:00:00,3.0,18.0,155,29.5,32.7,,
16.10.04,9:00:00,-200.0,9.6,-200,17.4,62.3,,
05.07.04,4:00:00,-200.0,2.6,56,19.7,51.4,,
24.01.05,22:00:00,-200.0,1.7,75,6.4,41.7,,
16.02.05,12:00:00,1.1,4.3,138,9.1,34.5,,
29.12.04,3:00:00,-200.0,2.2,-200,9.0,76.5,,
27.07.04,15:00:00,-200.0,6.2,82,32.6,22.5,,
16.11.04,16:00:00,2.4,11.4,148,17.6,23.7,,
18.11.04,17:00:00,3.9,17.6,174,17.6,53.1,,
11.04.04,1:00:00,1.2,4.0,63,11.0,56.6,156.952744,141.44391330000002
26.06.04,11:00:00,1.6,9.0,101,34.5,18.9,,
26.07.04,10:00:00,-200.0,6.8,97,31.7,31.5,,
20.03.05,6:00:00,0.6,1.6,57,13.1,64.0,,
07.04.04,1:00:00,0.7,2.3,46,15.6,44.9,121.1897249,157.7951602
18.01.05,8:00:00,3.1,16.8,167,3.9,57.3,,
13.01.05,9:00:00,4.1,24.0,134,8.8,73.2,,
17.07.04,20:00:00,2.0,9.6,120,31.7,21.6,,
30.10.04,4:00:00,-200.0,5.4,72,16.9,79.8,,
22.10.04,12:00:00,2.4,16.5,83,24.4,55.4,,
09.01.05,22:00:00,1.5,5.8,131,14.3,59.2,,
25.01.05,16:00:00,0.4,3.6,121,5.1,50.1,,
25.10.04,11:00:00,3.0,18.2,108,19.3,66.2,,
05.03.05,5:00:00,1.1,3.5,110,4.2,62.5,,
19.11.04,20:00:00,8.6,27.9,185,15.2,57.5,,
08.08.04,13:00:00,0.8,3.6,45,32.2,40.3,,
30.04.04,19:00:00,5.7,26.9,135,19.8,58.6,31.73858614,151.13884850000002
16.12.04,4:00:00,-200.0,-200.0,81,-200.0,-200.0,,
26.12.04,5:00:00,0.4,0.8,46,10.7,81.5,,
23.03.05,22:00:00,2.4,12.1,172,17.7,39.7,,
16.03.04,3:00:00,0.7,2.3,-200,13.6,62.1,41.09115281,53.63146991
26.03.04,0:00:00,1.7,5.5,97,9.6,61.1,88.70184046,112.2119172
30.03.05,12:00:00,1.9,9.6,130,23.6,34.8,,
11.03.04,19:00:00,6.9,27.4,172,9.7,69.3,40.49864567,56.20048283
09.11.04,2:00:00,-200.0,2.9,-200,5.6,67.9,,
06.02.05,5:00:00,0.8,1.8,88,1.2,51.9,,
10.07.04,11:00:00,0.9,6.4,83,31.2,23.4,,
06.11.04,1:00:00,1.8,9.0,76,16.1,71.2,,
20.08.04,21:00:00,-200.0,6.8,-200,28.2,49.8,,
24.08.04,10:00:00,2.0,11.2,122,29.9,26.2,,
26.02.05,4:00:00,1.7,5.2,122,2.3,75.1,,
25.06.04,23:00:00,2.3,11.7,121,24.3,31.0,,
07.11.04,2:00:00,1.4,6.9,79,17.5,59.4,,
23.03.05,2:00:00,2.2,3.3,87,15.4,62.0,,
13.07.04,18:00:00,3.8,19.4,154,32.0,20.1,,
29.03.04,13:00:00,1.6,6.5,83,17.5,27.9,76.26664198,104.0027187
03.02.05,15:00:00,2.1,11.4,174,14.9,34.9,,
08.01.05,22:00:00,2.4,9.1,151,13.5,62.6,,
05.08.04,19:00:00,-200.0,10.2,97,21.5,78.4,,
31.03.04,17:00:00,2.4,11.3,103,15.2,52.9,84.08304822,113.82377659999999
15.03.04,22:00:00,3.2,15.3,125,15.7,60.2,43.39502057,58.04457606
11.02.05,13:00:00,5.4,-200.0,251,-200.0,-200.0,,
18.11.04,2:00:00,2.0,5.6,119,8.5,65.0,,
26.05.04,4:00:00,-200.0,-200.0,-200,-200.0,-200.0,,
05.11.04,5:00:00,0.4,2.2,38,16.9,67.9,,
26.03.05,16:00:00,1.6,7.7,99,25.7,35.7,,
21.08.04,21:00:00,-200.0,5.6,-200,24.3,41.6,,
04.12.04,23:00:00,1.9,5.6,93,13.5,78.3,,
05.04.04,3:00:00,-200.0,1.1,-200,15.5,56.9,149.773746,146.2697398
27.02.05,5:00:00,1.0,2.7,87,3.7,65.9,,
03.05.04,1:00:00,0.8,3.0,52,17.6,54.6,52.70712436,126.71071299999998
23.06.04,17:00:00,3.6,20.7,159,32.5,25.3,,
15.04.04,9:00:00,3.9,19.1,114,13.5,53.4,133.94537649999998,143.4763283
02.04.05,8:00:00,0.9,2.5,121,14.2,36.9,,
03.02.05,11:00:00,3.5,15.5,333,8.5,39.7,,
03.11.04,4:00:00,-200.0,2.9,37,16.4,74.4,,
15.08.04,20:00:00,1.1,4.4,87,30.6,28.4,,
18.11.04,10:00:00,5.6,22.9,282,11.4,58.3,,
14.06.04,12:00:00,1.2,5.3,72,25.5,38.3,,
19.06.04,11:00:00,1.7,9.6,102,31.2,32.4,,
26.09.04,18:00:00,2.2,7.8,99,21.5,31.4,,
30.06.04,13:00:00,2.3,14.0,139,36.9,26.9,,
31.12.04,14:00:00,-200.0,5.6,-200,12.0,31.1,,
14.05.04,21:00:00,2.1,11.6,119,22.0,28.6,129.21200190000002,61.87837425
22.02.05,2:00:00,0.7,1.1,66,3.9,83.1,,
26.05.04,1:00:00,-200.0,-200.0,-200,-200.0,-200.0,,
24.03.05,17:00:00,2.2,10.3,143,22.2,36.2,,
05.04.04,2:00:00,-200.0,2.2,-200,15.0,61.5,143.1915321,160.1304136
26.05.04,0:00:00,-200.0,-200.0,-200,-200.0,-200.0,,
02.12.04,4:00:00,0.9,2.9,70,12.0,77.4,,
06.05.04,3:00:00,0.4,1.0,-200,12.7,71.6,52.50723997,171.32556100000002
11.03.05,4:00:00,-200.0,3.2,91,4.4,56.4,,
01.01.05,23:00:00,1.7,5.2,115,5.6,59.7,,
21.10.04,6:00:00,1.3,8.8,72,21.5,67.5,,
18.05.04,19:00:00,4.7,25.5,162,25.8,27.0,116.8011523,63.21783632
20.12.04,18:00:00,4.1,11.9,151,8.4,45.4,,
06.12.04,8:00:00,3.1,15.8,112,12.7,77.2,,
23.02.05,8:00:00,1.7,7.7,197,4.4,79.1,,
02.05.04,0:00:00,2.3,8.4,99,17.2,59.3,40.46356468,157.0863231
01.07.04,23:00:00,2.5,14.3,120,26.8,45.1,,
04.11.04,13:00:00,-200.0,20.2,139,24.7,47.4,,
24.12.04,20:00:00,6.8,-200.0,170,-200.0,-200.0,,
21.04.04,2:00:00,-200.0,3.2,-200,13.2,61.7,174.0635757,215.94760950000003
12.11.04,17:00:00,2.6,12.9,140,17.0,57.5,,
25.10.04,20:00:00,6.4,32.5,112,19.3,71.4,,
27.05.04,6:00:00,-200.0,6.5,-200,16.0,47.9,,
30.12.04,7:00:00,-200.0,1.4,-200,8.7,43.4,,
10.10.04,21:00:00,1.3,6.1,63,20.8,68.6,,
05.02.05,9:00:00,4.1,11.3,310,4.1,52.7,,
07.09.04,12:00:00,2.1,10.1,-200,32.5,21.2,,
14.04.04,13:00:00,-200.0,9.7,-200,21.0,30.6,122.79330149999998,163.7057084
01.02.05,8:00:00,3.7,20.0,187,3.1,64.0,,
30.06.04,16:00:00,2.3,12.7,168,39.7,20.4,,
14.03.05,2:00:00,0.3,5.3,123,9.9,68.9,,
08.06.04,8:00:00,5.8,36.1,125,21.6,51.7,,
03.07.04,10:00:00,1.7,9.9,113,29.9,31.1,,
03.06.04,16:00:00,-200.0,11.0,-200,29.1,22.3,,
25.06.04,15:00:00,1.6,7.5,84,35.9,18.8,,
04.11.04,21:00:00,3.6,21.8,92,20.0,69.0,,
15.02.05,16:00:00,1.4,4.9,124,12.1,20.7,,
09.03.05,23:00:00,1.8,6.6,137,8.3,64.2,,
15.06.04,22:00:00,2.0,10.1,101,23.9,40.9,,
15.07.04,10:00:00,1.6,8.4,116,27.6,38.0,,
04.09.04,11:00:00,2.3,12.9,-200,34.8,27.1,,
30.03.04,2:00:00,0.7,1.7,73,10.5,42.9,70.58124173,112.43827959999999
13.06.04,13:00:00,0.6,1.9,52,23.4,34.9,,
21.03.04,23:00:00,1.9,7.9,93,16.4,55.1,36.86645927,54.3097218
31.07.04,13:00:00,2.2,11.7,127,39.8,20.5,,
27.12.04,23:00:00,1.1,3.2,100,11.3,69.8,,
11.02.05,7:00:00,1.8,-200.0,152,-200.0,-200.0,,
20.01.05,7:00:00,1.0,2.7,104,7.5,55.3,,
12.02.05,9:00:00,2.4,12.0,207,7.1,59.3,,
23.04.04,18:00:00,4.8,27.1,164,24.9,30.8,184.031034,200.8658367
13.10.04,18:00:00,-200.0,10.1,-200,14.8,56.3,,
25.07.04,11:00:00,0.9,3.6,66,27.6,43.7,,
14.10.04,12:00:00,-200.0,9.7,-200,21.5,41.2,,
12.11.04,16:00:00,2.2,9.8,135,16.8,58.9,,
20.07.04,18:00:00,-200.0,12.9,133,38.3,19.4,,
26.02.05,12:00:00,2.4,4.1,113,9.8,43.3,,
30.05.04,13:00:00,0.1,2.6,41,29.1,19.6,,
02.07.04,13:00:00,1.9,12.0,120,36.9,23.3,,
21.03.04,15:00:00,1.6,8.4,61,21.2,39.3,29.73716958,56.46175532
20.10.04,19:00:00,6.8,35.9,134,23.0,65.9,,
21.04.04,8:00:00,-200.0,40.3,-200,14.0,58.2,187.2461241,204.2801212
21.09.04,17:00:00,5.0,26.6,205,31.2,31.4,,
25.10.04,5:00:00,0.9,5.9,48,16.2,76.9,,
10.09.04,19:00:00,3.2,17.4,180,29.2,26.9,,
07.06.04,20:00:00,2.5,13.4,125,27.0,36.7,,
15.05.04,5:00:00,0.5,2.8,44,15.7,46.9,124.43860559999999,68.44719738
16.06.04,11:00:00,1.7,8.3,84,28.4,34.4,,
24.10.04,11:00:00,1.6,8.4,72,24.6,50.4,,
26.05.04,16:00:00,1.3,9.7,112,31.8,13.8,,
22.05.04,11:00:00,1.8,11.6,91,25.6,32.5,114.86120749999999,66.98802017
13.05.04,7:00:00,2.0,9.4,106,16.2,55.6,127.0099805,66.67888976
05.06.04,8:00:00,1.5,8.0,96,20.9,54.8,,
19.12.04,6:00:00,0.8,2.4,62,4.8,49.9,,
15.03.04,0:00:00,1.8,7.4,99,14.8,54.7,36.74879276,53.55739662
04.04.04,22:00:00,-200.0,6.9,-200,15.8,58.8,89.29403658,119.69331799999999
07.12.04,20:00:00,2.4,11.6,99,14.9,58.4,,
13.03.05,8:00:00,-200.0,2.1,120,12.9,50.4,,
21.07.04,11:00:00,-200.0,17.0,162,38.0,17.2,,
07.11.04,15:00:00,0.9,3.8,28,17.2,33.9,,
06.04.04,15:00:00,1.9,9.2,113,18.6,36.9,141.6300901,143.5440467
06.11.04,5:00:00,0.5,2.8,44,17.0,64.5,,
22.03.04,16:00:00,2.3,11.6,101,21.3,24.2,38.76694425,51.78784185
23.02.05,19:00:00,2.7,11.7,223,4.8,78.6,,
17.09.04,6:00:00,0.5,2.2,41,19.8,56.7,,
04.09.04,4:00:00,0.8,4.7,-200,23.0,52.7,,
20.02.05,15:00:00,1.1,3.3,107,8.4,61.0,,
02.04.04,5:00:00,0.7,2.6,66,11.3,72.9,70.60119155,113.9200067
16.12.04,15:00:00,4.8,-200.0,217,-200.0,-200.0,,
10.01.05,16:00:00,2.4,17.4,145,14.1,65.9,,
10.08.04,1:00:00,0.7,4.9,29,28.1,51.6,,
16.12.04,17:00:00,5.2,-200.0,217,-200.0,-200.0,,
04.07.04,10:00:00,1.0,5.9,68,29.6,37.7,,
22.04.04,21:00:00,-200.0,13.5,-200,20.2,37.4,182.63401169999997,208.5524746
07.04.04,23:00:00,1.9,7.1,101,9.6,76.0,141.6933663,149.54406819999997
24.07.04,13:00:00,1.2,6.5,53,38.3,27.1,,
26.10.04,17:00:00,8.4,45.9,187,23.2,58.7,,
25.03.04,8:00:00,2.7,11.6,112,8.7,74.6,86.6372424,112.97489420000001
03.05.04,9:00:00,3.4,17.4,109,17.4,68.9,51.42879945,168.9206771
18.08.04,17:00:00,1.7,9.1,78,36.8,26.2,,
26.05.04,5:00:00,-200.0,-200.0,-200,-200.0,-200.0,,
11.08.04,13:00:00,1.3,5.8,47,38.0,30.7,,
21.12.04,3:00:00,0.3,0.6,-200,5.6,37.6,,
17.07.04,13:00:00,1.4,8.2,91,39.3,13.9,,
10.03.05,2:00:00,1.1,4.1,98,6.1,72.1,,
14.01.05,2:00:00,1.3,4.5,90,7.1,73.5,,
18.03.04,12:00:00,2.2,12.5,139,23.8,28.2,47.29813322,59.33962775
13.05.04,15:00:00,2.1,9.8,98,19.5,45.5,119.52981319999999,68.6595127
16.05.04,5:00:00,0.4,2.2,45,13.5,50.1,112.7719834,61.92566767
01.02.05,2:00:00,1.0,3.5,109,4.1,51.5,,
10.12.04,15:00:00,1.7,8.4,111,18.1,20.8,,
02.04.04,2:00:00,1.0,3.2,60,13.3,60.9,85.08769454,104.86339960000001
11.02.05,0:00:00,2.3,-200.0,148,-200.0,-200.0,,
08.07.04,7:00:00,2.2,16.9,115,25.9,37.4,,
21.03.04,13:00:00,1.9,6.8,80,20.8,41.6,27.20284973,60.14656611
26.05.04,13:00:00,1.8,14.0,112,31.6,16.4,,
14.03.04,4:00:00,-200.0,5.2,82,12.1,61.1,34.66929165,55.04864414
19.07.04,0:00:00,0.5,6.0,77,28.0,30.6,,
15.03.05,13:00:00,2.1,9.7,143,22.1,27.6,,
06.04.04,16:00:00,1.9,10.3,98,18.8,36.8,132.5016222,142.69254630000003
21.03.05,20:00:00,6.0,25.7,224,17.2,52.7,,
07.06.04,21:00:00,2.0,10.9,116,24.6,41.9,,
15.04.04,12:00:00,3.9,17.0,135,18.4,36.9,128.7177732,140.5204133
23.08.04,15:00:00,1.0,4.9,57,36.1,18.4,,
28.06.04,18:00:00,3.4,19.5,160,37.0,21.9,,
08.12.04,6:00:00,0.9,3.2,67,11.8,71.8,,
23.05.04,2:00:00,1.9,10.4,78,19.0,58.0,121.18862340000001,64.40372225
03.06.04,2:00:00,-200.0,4.6,36,18.9,79.0,,
27.11.04,20:00:00,5.3,23.5,126,13.3,75.8,,
02.11.04,18:00:00,7.9,44.1,158,23.0,62.1,,
08.12.04,10:00:00,1.7,7.6,81,13.1,66.2,,
30.05.04,19:00:00,1.1,8.8,95,27.4,23.8,,
05.12.04,6:00:00,0.6,1.5,60,12.5,65.9,,
19.02.05,18:00:00,1.7,7.3,168,11.6,33.3,,
03.10.04,0:00:00,-200.0,8.5,-200,21.1,62.8,,
01.07.04,1:00:00,1.5,9.9,77,26.2,49.4,,
13.09.04,7:00:00,-200.0,28.2,-200,20.4,66.7,,
26.10.04,2:00:00,1.0,5.5,48,15.5,78.5,,
03.06.04,22:00:00,-200.0,7.8,-200,22.1,43.9,,
24.03.04,12:00:00,1.5,6.7,85,15.6,40.6,77.96681516,106.511219
05.11.04,22:00:00,1.9,10.7,76,18.1,67.5,,
05.09.04,14:00:00,0.6,2.2,-200,32.2,20.5,,
03.07.04,22:00:00,2.0,11.6,109,26.7,35.8,,
23.06.04,6:00:00,1.0,6.7,51,20.3,52.3,,
04.06.04,1:00:00,-200.0,5.7,-200,21.2,47.6,,
11.08.04,18:00:00,1.4,7.6,63,36.2,31.1,,
29.12.04,1:00:00,-200.0,2.8,-200,8.8,81.2,,
30.04.04,12:00:00,3.2,14.9,116,17.3,72.4,33.93492786,165.1167843
21.09.04,10:00:00,4.4,24.2,191,25.8,44.2,,
22.12.04,15:00:00,2.1,6.7,121,9.8,30.3,,
17.03.04,12:00:00,2.5,12.5,142,24.3,28.3,20.82141009,52.9158419
26.11.04,21:00:00,8.1,31.6,205,14.6,67.7,,
20.12.04,20:00:00,4.0,11.5,149,7.9,37.1,,
19.05.04,21:00:00,2.0,9.3,118,20.8,41.8,118.68062079999999,67.07407004
18.12.04,16:00:00,0.9,3.6,80,14.9,17.1,,
03.05.04,11:00:00,2.0,10.9,102,23.9,30.7,57.31664773,128.3205315
12.08.04,11:00:00,1.6,7.2,65,33.2,39.2,,
10.02.05,4:00:00,1.4,-200.0,87,-200.0,-200.0,,
28.12.04,8:00:00,-200.0,15.3,-200,9.3,77.0,,
26.03.04,2:00:00,1.2,3.6,83,9.4,62.6,74.10911405,112.3183237
03.03.05,3:00:00,0.9,3.0,-200,3.6,49.7,,
05.10.04,22:00:00,-200.0,12.8,-200,21.8,59.9,,
13.09.04,23:00:00,1.0,6.9,39,26.0,46.4,,
18.01.05,15:00:00,4.6,26.1,243,5.0,75.5,,
15.03.04,7:00:00,2.2,9.7,89,11.3,70.2,26.80183361,51.76547853
27.05.04,15:00:00,-200.0,11.9,-200,30.6,18.6,,
09.02.05,0:00:00,0.8,-200.0,99,-200.0,-200.0,,
06.05.04,13:00:00,1.8,8.9,75,15.1,54.5,51.76812662,159.1490255
11.01.05,3:00:00,0.9,2.1,-200,13.1,65.7,,
03.10.04,11:00:00,-200.0,8.4,-200,25.7,46.6,,
13.04.04,4:00:00,0.3,0.9,28,11.1,60.1,134.1692345,144.45640519999998
31.07.04,3:00:00,-200.0,5.2,-200,23.7,56.5,,
20.09.04,17:00:00,5.0,28.8,184,34.1,23.0,,
11.03.04,1:00:00,1.0,3.3,76,10.7,60.0,47.61181038,54.78568359
10.02.05,21:00:00,4.5,-200.0,225,-200.0,-200.0,,
31.01.05,1:00:00,1.5,3.0,126,3.4,38.9,,
06.07.04,0:00:00,1.9,9.8,105,25.4,43.0,,
02.09.04,12:00:00,-200.0,14.4,-200,35.9,24.7,,
09.08.04,15:00:00,1.5,7.5,72,34.4,31.9,,
15.01.05,14:00:00,4.4,18.1,212,10.6,55.3,,
31.01.05,19:00:00,6.8,30.8,285,8.6,29.8,,
18.08.04,3:00:00,-200.0,4.4,-200,23.0,46.2,,
17.03.04,23:00:00,2.6,15.7,127,16.0,50.9,22.64217958,57.63524841
15.04.04,7:00:00,-200.0,21.4,-200,10.2,62.9,154.3614664,169.40503909999998
07.04.04,3:00:00,0.3,0.7,-200,16.1,42.4,133.31693810000002,154.7614304
06.08.04,16:00:00,2.5,11.6,111,31.5,43.5,,
18.03.04,11:00:00,2.8,14.3,152,20.8,34.4,39.42552459,51.08668776
16.05.04,23:00:00,1.4,5.6,93,20.3,28.5,113.28717879999999,61.54604235
24.09.04,0:00:00,1.0,6.5,64,22.7,53.7,,
21.03.05,5:00:00,0.6,1.6,69,11.6,73.8,,
21.07.04,16:00:00,-200.0,10.2,106,42.7,14.4,,
11.01.05,0:00:00,1.8,7.7,116,12.0,71.9,,
31.05.04,2:00:00,-200.0,2.1,8,19.7,42.4,,
12.12.04,7:00:00,1.3,4.0,95,4.8,64.6,,
18.10.04,15:00:00,-200.0,21.4,-200,20.3,54.0,,
04.05.04,10:00:00,1.3,7.9,65,20.3,54.8,38.24260237,129.9743053
25.12.04,10:00:00,3.0,11.0,136,9.8,68.6,,
05.06.04,10:00:00,1.1,5.3,68,24.1,41.3,,
06.09.04,3:00:00,0.5,1.0,-200,24.0,45.5,,
14.11.04,20:00:00,1.1,3.0,106,9.1,49.6,,
25.04.04,16:00:00,1.3,4.5,74,20.2,24.1,170.85678059999998,206.35262759999998
08.02.05,12:00:00,1.8,7.6,194,11.4,27.8,,
01.08.04,3:00:00,0.5,3.6,-200,24.8,58.7,,
09.03.05,3:00:00,0.8,2.2,-200,4.7,53.1,,
20.01.05,6:00:00,0.9,2.9,93,7.0,57.6,,
15.06.04,23:00:00,2.1,10.4,114,23.0,44.4,,
07.09.04,18:00:00,3.3,16.0,-200,31.1,21.0,,
18.07.04,0:00:00,2.2,10.5,114,25.8,33.0,,
17.07.04,5:00:00,0.6,3.6,58,21.6,45.0,,
27.07.04,6:00:00,-200.0,6.9,92,23.1,48.8,,
13.02.05,10:00:00,3.2,13.0,158,11.0,78.2,,
25.03.05,15:00:00,1.4,14.3,144,21.5,47.8,,
26.11.04,11:00:00,4.0,16.4,183,13.7,59.9,,
04.08.04,23:00:00,-200.0,4.6,-200,26.1,49.4,,
30.10.04,17:00:00,3.7,18.7,129,22.3,64.3,,
24.03.05,7:00:00,0.7,4.9,73,11.9,59.6,,
30.07.04,22:00:00,-200.0,14.8,111,28.1,40.3,,
22.09.04,1:00:00,1.0,5.1,74,21.0,61.3,,
20.01.05,18:00:00,6.0,28.5,210,11.5,37.5,,
10.05.04,2:00:00,-200.0,1.8,-200,14.4,60.1,118.8126814,65.16856867
10.11.04,14:00:00,2.7,10.8,145,10.5,62.2,,
17.08.04,12:00:00,-200.0,5.9,-200,36.1,21.3,,
22.05.04,12:00:00,2.2,12.9,104,27.2,28.1,124.8663352,62.39409161
09.05.04,10:00:00,-200.0,4.5,-200,17.8,49.5,127.21455,67.07828587
23.05.04,19:00:00,1.1,5.8,65,25.3,36.3,126.0205909,65.16175828
28.12.04,18:00:00,-200.0,12.4,-200,12.4,59.3,,
15.08.04,14:00:00,0.4,2.6,14,36.3,18.4,,
05.12.04,15:00:00,1.8,7.7,86,12.0,80.8,,
20.08.04,13:00:00,-200.0,3.8,-200,35.5,34.9,,
02.03.05,20:00:00,5.3,19.0,236,6.1,34.0,,
24.11.04,21:00:00,5.3,23.9,144,10.0,76.1,,
16.01.05,17:00:00,1.1,3.3,121,10.3,35.0,,
28.05.04,11:00:00,-200.0,9.8,-200,26.4,29.3,,
14.03.05,5:00:00,0.8,2.9,85,8.4,74.5,,
18.12.04,13:00:00,0.8,3.8,78,15.9,18.2,,
02.04.05,10:00:00,1.0,2.7,102,16.3,30.0,,
24.01.05,4:00:00,-200.0,1.0,48,5.8,59.5,,
13.09.04,15:00:00,2.0,11.3,208,32.6,31.8,,
29.03.04,0:00:00,0.9,2.2,58,10.6,48.0,88.61591696,110.7945071
17.11.04,7:00:00,1.2,4.0,92,5.9,62.0,,
08.02.05,2:00:00,0.5,0.8,49,7.1,40.5,,
31.01.05,0:00:00,1.7,4.6,145,2.9,42.8,,
03.06.04,7:00:00,-200.0,19.9,74,19.0,61.7,,
22.12.04,5:00:00,0.5,1.5,70,5.2,45.9,,
01.12.04,3:00:00,0.9,3.0,-200,8.7,82.4,,
09.09.04,9:00:00,3.5,21.3,157,25.0,28.9,,
23.07.04,21:00:00,1.4,8.6,79,30.1,33.9,,
17.02.05,8:00:00,2.6,9.7,238,6.6,44.6,,
01.01.05,6:00:00,1.5,5.3,99,3.5,58.3,,
16.09.04,7:00:00,4.2,23.4,86,19.9,74.3,,
07.12.04,1:00:00,1.4,5.5,75,13.0,69.4,,
02.09.04,11:00:00,-200.0,14.3,-200,34.1,28.8,,
15.09.04,7:00:00,-200.0,16.1,-200,20.9,73.3,,
30.04.04,14:00:00,2.6,15.4,94,21.4,50.9,55.79161058,130.97319840000003
03.08.04,0:00:00,0.1,8.1,74,26.4,52.2,,
12.03.04,6:00:00,0.8,1.8,71,6.8,62.9,20.06541652,54.14697056
09.03.05,2:00:00,1.0,3.2,117,4.6,53.5,,
30.11.04,11:00:00,3.3,13.4,139,14.0,70.9,,
23.12.04,15:00:00,3.3,12.8,175,11.0,33.0,,
25.04.04,13:00:00,0.8,2.2,52,17.9,30.7,188.5263868,215.4135722
30.04.04,9:00:00,3.3,16.6,117,17.6,65.0,40.55168545,159.4631875
17.07.04,17:00:00,1.6,9.4,106,40.1,14.9,,
25.07.04,7:00:00,0.4,1.5,29,24.4,57.9,,
25.03.04,22:00:00,1.5,5.7,106,10.6,56.1,70.47327713,108.98772579999999
22.10.04,17:00:00,5.4,29.8,152,26.2,48.9,,
22.05.04,19:00:00,2.7,15.7,103,24.5,39.4,129.3359741,67.00897615
10.10.04,2:00:00,1.4,8.1,52,23.8,60.2,,
12.05.04,17:00:00,2.8,13.0,116,17.7,56.3,117.0165925,60.23272412
19.08.04,20:00:00,1.7,7.4,68,31.6,43.6,,
29.06.04,7:00:00,3.4,23.5,102,24.7,49.5,,
29.01.05,17:00:00,1.3,3.4,115,4.0,44.9,,
21.09.04,21:00:00,2.4,11.9,123,23.6,53.6,,
13.06.04,15:00:00,0.6,2.4,49,22.4,39.0,,
11.09.04,9:00:00,-200.0,10.3,-200,24.0,40.8,,
01.08.04,4:00:00,0.6,4.0,26,23.5,63.6,,
13.03.04,17:00:00,2.3,10.6,125,16.7,37.8,21.57600853,51.08250695
23.05.04,11:00:00,0.9,4.5,53,26.7,28.1,130.40341659999999,66.9211247
17.12.04,3:00:00,2.8,-200.0,-200,-200.0,-200.0,,
04.03.05,15:00:00,3.9,16.1,194,12.5,43.4,,
29.09.04,0:00:00,1.1,5.9,86,17.2,53.9,,
30.12.04,17:00:00,-200.0,4.8,-200,9.8,36.4,,
05.09.04,4:00:00,1.1,5.1,-200,26.4,35.1,,
19.10.04,16:00:00,-200.0,15.1,-200,21.7,57.6,,
25.11.04,0:00:00,4.0,17.5,121,7.1,84.1,,
05.02.05,5:00:00,1.3,4.4,149,1.0,67.7,,
04.11.04,16:00:00,-200.0,24.8,143,26.6,45.5,,
17.01.05,4:00:00,0.7,1.1,79,3.7,55.8,,
23.01.05,19:00:00,-200.0,6.8,141,5.4,77.6,,
24.04.04,9:00:00,3.0,15.6,105,20.0,45.0,185.2285433,206.7866176
20.06.04,1:00:00,1.2,-200.0,65,-200.0,-200.0,,
30.01.05,12:00:00,1.0,2.0,92,7.2,34.2,,
17.03.04,17:00:00,2.5,12.3,114,28.5,14.9,21.95171991,53.37766315
23.01.05,2:00:00,-200.0,7.6,150,5.7,44.3,,
22.02.05,5:00:00,0.5,1.0,60,3.3,84.5,,
17.04.04,19:00:00,-200.0,7.8,-200,16.1,56.0,185.0773944,208.7322371
14.09.04,2:00:00,-200.0,3.2,-200,23.5,52.6,,
15.10.04,10:00:00,-200.0,17.4,-200,22.2,51.3,,
05.02.05,18:00:00,0.9,4.3,142,7.2,35.0,,
27.01.05,12:00:00,1.0,3.0,104,6.6,40.2,,
24.12.04,6:00:00,3.5,8.2,136,4.8,61.9,,
04.11.04,4:00:00,0.6,2.9,40,17.8,68.1,,
15.02.05,11:00:00,1.0,3.3,133,11.3,24.9,,
27.12.04,15:00:00,2.0,8.0,117,12.4,72.6,,
08.09.04,8:00:00,-200.0,-200.0,-200,-200.0,-200.0,,
02.02.05,16:00:00,1.8,9.0,124,14.5,18.0,,
19.11.04,5:00:00,0.9,1.3,36,14.7,59.8,,
27.04.04,2:00:00,0.5,1.6,32,15.6,43.4,181.198621,216.19656119999996
12.12.04,17:00:00,5.0,22.0,178,14.3,45.8,,
26.03.04,6:00:00,0.9,4.0,78,8.0,71.8,74.26779077,104.2084517
14.07.04,8:00:00,4.6,30.4,145,22.1,41.7,,
13.12.04,18:00:00,9.9,50.8,269,12.6,55.9,,
04.04.04,14:00:00,-200.0,5.6,-200,25.8,31.1,85.12810018,113.1579977
02.07.04,5:00:00,0.5,2.9,61,25.1,48.0,,
16.07.04,11:00:00,2.1,12.0,142,32.8,25.2,,
01.03.05,1:00:00,0.6,0.9,60,0.7,41.2,,
15.10.04,20:00:00,-200.0,11.9,-200,19.6,56.0,,
17.11.04,1:00:00,1.6,5.3,121,7.7,57.9,,
14.12.04,16:00:00,5.1,27.2,186,16.8,48.4,,
01.06.04,18:00:00,3.5,19.9,95,23.0,53.8,,
22.03.05,19:00:00,4.5,21.9,198,20.1,42.4,,
09.06.04,19:00:00,4.6,25.6,206,33.7,27.7,,
26.10.04,22:00:00,1.4,7.9,79,19.8,63.7,,
17.03.05,19:00:00,3.9,21.3,214,20.2,29.3,,
22.05.04,5:00:00,0.5,3.6,59,15.8,53.8,115.12102970000001,69.60247854
23.07.04,6:00:00,1.0,8.2,59,25.1,46.5,,
21.03.05,18:00:00,4.5,23.3,198,20.9,39.3,,
01.05.04,14:00:00,1.3,6.5,68,24.8,34.8,52.07989588,175.75108459999998
26.03.05,22:00:00,2.2,10.3,126,17.3,60.8,,
09.07.04,16:00:00,1.5,10.2,139,32.4,19.1,,
25.11.04,1:00:00,4.0,17.4,114,6.7,83.2,,
09.10.04,14:00:00,1.9,11.0,76,28.9,44.3,,
28.08.04,12:00:00,1.2,7.2,37,34.3,24.5,,
19.10.04,3:00:00,-200.0,5.2,-200,14.0,76.6,,
29.05.04,10:00:00,0.7,4.2,66,20.8,36.6,,
28.09.04,15:00:00,2.3,13.0,117,26.2,24.4,,
13.03.05,7:00:00,-200.0,1.6,68,12.3,51.8,,
14.03.04,12:00:00,2.8,10.7,119,19.3,38.3,29.49197306,51.45964189
16.02.05,10:00:00,2.1,9.0,206,8.9,33.8,,
06.11.04,7:00:00,1.1,6.3,58,14.0,76.6,,
26.09.04,4:00:00,-200.0,5.5,61,13.4,59.9,,
12.06.04,16:00:00,1.4,9.0,84,36.4,21.0,,
19.01.05,18:00:00,1.8,7.6,130,8.9,54.4,,
04.06.04,3:00:00,-200.0,5.6,-200,20.1,53.1,,
19.03.04,4:00:00,-200.0,1.8,32,12.3,67.7,43.76908102,53.3532843
23.04.04,10:00:00,3.2,18.3,142,23.7,31.0,175.03439780000002,215.86977030000003
20.03.04,16:00:00,1.6,6.7,76,19.5,42.3,21.4422824,58.45021535
24.01.05,3:00:00,-200.0,1.9,-200,5.8,59.0,,
29.10.04,17:00:00,3.1,18.5,135,20.2,72.3,,
29.03.04,21:00:00,1.2,3.8,90,13.1,34.4,73.84497365,120.926079
28.02.05,7:00:00,0.4,0.7,66,2.5,52.7,,
16.10.04,6:00:00,-200.0,6.9,-200,14.6,79.0,,
02.07.04,16:00:00,1.9,10.5,149,37.1,23.0,,
28.07.04,13:00:00,-200.0,9.6,95,34.6,15.5,,
13.12.04,1:00:00,2.0,5.9,102,7.9,59.2,,
12.02.05,16:00:00,3.4,16.7,225,10.9,52.0,,
20.03.04,5:00:00,0.8,3.1,53,13.6,55.1,44.81823633,60.18106143
10.04.04,21:00:00,2.0,8.2,115,13.2,50.3,154.13313530000002,160.5141384
01.11.04,7:00:00,1.3,7.8,51,19.4,75.1,,
26.09.04,13:00:00,0.9,4.0,59,22.3,30.4,,
19.12.04,3:00:00,1.0,4.2,-200,6.3,44.7,,
02.03.05,11:00:00,2.2,8.9,187,7.5,24.3,,
26.07.04,4:00:00,-200.0,1.8,22,25.6,46.8,,
28.01.05,8:00:00,1.6,6.2,167,4.2,48.7,,
31.03.05,3:00:00,0.6,1.7,61,13.1,72.5,,
12.10.04,10:00:00,-200.0,9.0,-200,18.2,55.9,,
12.12.04,1:00:00,2.4,11.3,121,8.1,53.2,,
09.05.04,23:00:00,-200.0,8.8,-200,13.8,62.1,127.8557,67.47864915
17.03.04,20:00:00,6.7,35.1,182,20.5,38.2,37.56968526,50.17247679
24.03.05,23:00:00,2.7,11.9,159,17.0,56.6,,
22.08.04,17:00:00,-200.0,4.0,-200,37.3,10.9,,
29.08.04,17:00:00,-200.0,8.6,-200,35.6,22.6,,
18.03.05,1:00:00,1.3,5.1,134,11.9,53.4,,
10.03.05,11:00:00,2.7,11.7,168,14.7,41.2,,
20.07.04,8:00:00,-200.0,37.3,166,27.0,38.7,,
18.09.04,16:00:00,1.3,5.3,73,29.1,26.8,,
16.09.04,10:00:00,2.5,13.0,96,22.9,59.1,,
14.02.05,13:00:00,1.1,7.0,120,12.0,38.7,,
29.11.04,8:00:00,4.2,20.6,120,9.6,80.8,,
21.03.05,19:00:00,6.4,29.7,232,18.6,46.4,,
18.06.04,13:00:00,2.0,12.6,106,36.1,22.7,,
01.04.05,13:00:00,1.3,4.5,122,19.9,26.3,,
13.06.04,21:00:00,0.9,3.6,71,20.1,45.2,,
02.06.04,20:00:00,-200.0,11.8,95,24.5,51.0,,
06.04.04,3:00:00,0.5,1.9,-200,14.5,61.4,141.8207271,158.98809440000002
27.09.04,6:00:00,1.5,9.0,99,14.4,60.3,,
12.11.04,21:00:00,3.8,12.6,166,15.8,61.1,,
13.06.04,23:00:00,0.8,2.6,57,19.6,45.3,,
17.03.04,3:00:00,0.7,2.6,-200,13.1,57.9,26.34273913,58.62736159
02.06.04,3:00:00,-200.0,5.2,-200,18.5,70.7,,
27.12.04,11:00:00,1.6,6.4,119,13.5,59.9,,
06.11.04,20:00:00,2.5,12.0,90,19.5,58.9,,
15.02.05,4:00:00,-200.0,0.5,30,6.9,39.1,,
14.06.04,5:00:00,0.3,0.8,28,19.1,52.7,,
03.02.05,6:00:00,0.4,2.8,130,2.1,60.3,,
06.01.05,22:00:00,1.6,7.3,127,12.0,67.5,,
04.10.04,17:00:00,-200.0,30.3,-200,28.4,37.5,,
24.05.04,22:00:00,0.7,4.8,73,17.3,25.6,128.4713457,66.99178706
22.03.05,0:00:00,1.3,5.9,106,13.3,65.6,,
04.02.05,5:00:00,0.4,2.2,80,3.9,65.5,,
26.03.04,4:00:00,0.7,2.2,59,8.0,69.4,86.48527141,108.5456471
25.02.05,23:00:00,2.7,10.1,170,5.1,68.2,,
27.01.05,5:00:00,0.4,0.3,26,4.1,45.9,,
24.01.05,5:00:00,0.3,0.6,40,6.6,51.3,,
07.03.05,2:00:00,0.9,1.7,84,5.1,51.2,,
19.01.05,0:00:00,0.9,6.6,124,9.5,83.8,,
15.07.04,13:00:00,2.0,12.6,131,35.7,18.9,,
29.12.04,12:00:00,-200.0,4.3,-200,11.1,55.3,,
22.08.04,5:00:00,-200.0,3.7,-200,19.4,64.5,,
14.11.04,21:00:00,1.0,2.8,97,10.0,41.4,,
30.03.04,8:00:00,4.0,23.8,130,13.3,35.6,80.54738047,110.07533570000001
19.02.05,17:00:00,1.4,5.3,140,13.5,29.1,,
17.04.04,11:00:00,-200.0,6.0,-200,16.8,61.0,177.9741142,211.7662191
25.03.05,1:00:00,1.5,6.3,128,15.3,73.3,,
16.06.04,21:00:00,2.5,12.9,117,24.4,40.0,,
20.09.04,5:00:00,0.5,2.7,47,20.2,60.8,,
09.08.04,11:00:00,1.2,8.0,39,32.7,34.1,,
19.12.04,21:00:00,4.3,13.8,151,5.8,84.5,,
03.04.04,21:00:00,-200.0,8.5,-200,18.7,50.4,84.99928062,113.37861629999999
25.07.04,20:00:00,1.6,6.6,110,28.5,41.6,,
25.09.04,13:00:00,1.4,6.0,9,19.8,31.2,,
16.05.04,8:00:00,0.9,5.2,69,16.3,45.1,113.7870695,60.05642262
11.11.04,6:00:00,1.1,6.1,89,8.3,77.2,,
05.09.04,3:00:00,0.9,4.2,-200,27.1,33.3,,
13.05.04,6:00:00,1.0,4.5,85,15.9,55.3,125.74704990000001,60.09942887
26.05.04,23:00:00,-200.0,13.3,-200,21.1,30.9,,
19.05.04,5:00:00,0.3,2.2,46,17.0,49.2,117.13822579999999,60.131122600000005
14.09.04,13:00:00,-200.0,14.0,-200,33.2,33.8,,
14.12.04,1:00:00,2.0,9.9,103,7.6,74.3,,
04.11.04,5:00:00,0.5,2.6,40,16.1,73.5,,
05.06.04,1:00:00,1.5,7.8,-200,20.7,50.0,,
21.11.04,7:00:00,-200.0,3.6,84,1.8,61.7,,
22.06.04,5:00:00,0.3,2.2,37,19.0,52.8,,
05.04.04,4:00:00,-200.0,0.9,-200,16.0,54.0,125.710043,158.5685642
06.04.04,22:00:00,1.3,5.9,81,15.8,48.6,160.8713247,148.0250835
24.09.04,7:00:00,3.5,21.1,114,21.3,61.6,,
15.02.05,18:00:00,2.4,12.3,181,10.4,23.1,,
11.03.04,16:00:00,2.2,8.3,131,9.7,71.2,46.33684195,60.80378756
16.12.04,16:00:00,5.5,-200.0,236,-200.0,-200.0,,
26.12.04,7:00:00,0.4,0.9,67,10.7,80.7,,
29.06.04,1:00:00,0.8,6.0,65,27.5,41.3,,
09.03.05,20:00:00,5.9,24.4,199,11.5,53.9,,
17.02.05,11:00:00,1.2,3.9,139,9.0,41.4,,
10.09.04,6:00:00,0.7,5.5,73,22.3,43.8,,
14.03.05,7:00:00,1.6,7.5,127,9.9,67.6,,
30.12.04,4:00:00,-200.0,0.9,-200,8.8,45.2,,
29.06.04,8:00:00,5.7,33.5,140,27.1,43.1,,
14.04.04,14:00:00,-200.0,12.8,-200,21.4,28.7,122.360731,150.1896641
06.03.05,18:00:00,2.3,8.6,162,10.1,33.2,,
02.10.04,16:00:00,-200.0,9.6,-200,26.5,45.9,,
09.03.05,16:00:00,1.7,7.6,102,17.6,34.1,,
14.09.04,3:00:00,-200.0,3.9,-200,20.8,62.1,,
02.06.04,21:00:00,-200.0,8.7,82,22.8,56.1,,
27.08.04,19:00:00,2.3,-200.0,116,-200.0,-200.0,,
23.05.04,21:00:00,1.0,6.1,69,21.4,46.6,126.2940498,65.62607228
16.09.04,13:00:00,2.1,11.7,127,23.3,47.1,,
07.05.04,1:00:00,2.0,7.5,91,13.5,67.8,31.83945264,131.5931023
01.01.05,0:00:00,-200.0,4.2,-200,8.2,40.1,,
02.02.05,11:00:00,4.3,14.8,205,9.7,40.1,,
23.01.05,15:00:00,-200.0,9.0,169,8.3,41.3,,
15.02.05,21:00:00,3.1,11.6,196,8.2,30.1,,
27.07.04,22:00:00,-200.0,7.2,88,25.3,28.4,,
15.02.05,13:00:00,1.3,5.5,138,12.3,19.3,,
08.03.05,13:00:00,1.8,8.1,162,14.0,16.8,,
23.01.05,10:00:00,-200.0,6.4,162,5.0,47.5,,
17.09.04,9:00:00,1.4,6.7,81,20.2,53.1,,
17.08.04,21:00:00,-200.0,9.3,-200,29.1,33.6,,
18.08.04,6:00:00,-200.0,6.3,-200,23.8,41.8,,
18.09.04,23:00:00,2.5,12.1,116,22.2,47.9,,
13.04.04,14:00:00,1.8,9.7,87,16.6,36.7,149.29264719999998,161.8292076
18.12.04,15:00:00,0.6,2.4,64,15.0,16.3,,
10.02.05,8:00:00,3.3,-200.0,247,-200.0,-200.0,,
06.07.04,8:00:00,5.1,31.0,145,24.9,43.3,,
30.11.04,9:00:00,3.6,17.5,122,13.0,76.0,,
01.04.04,16:00:00,2.3,-200.0,93,-200.0,-200.0,78.76825121,119.012694
15.10.04,1:00:00,-200.0,4.3,-200,14.8,83.8,,
29.04.04,4:00:00,-200.0,2.5,44,14.6,63.4,187.03408059999998,215.32526209999997
14.08.04,21:00:00,1.2,6.1,72,28.2,45.9,,
03.01.05,7:00:00,1.8,-200.0,121,-200.0,-200.0,,
27.10.04,4:00:00,-200.0,3.1,51,17.0,81.0,,
23.04.04,3:00:00,-200.0,2.8,-200,14.6,53.0,183.033183,219.7637761
22.07.04,23:00:00,2.5,14.6,105,29.4,38.7,,
02.09.04,14:00:00,-200.0,11.1,-200,34.4,24.0,,
28.12.04,22:00:00,-200.0,6.4,-200,9.6,82.9,,
31.10.04,16:00:00,2.2,10.1,79,23.0,62.3,,
18.11.04,18:00:00,4.6,20.4,220,17.3,53.6,,
29.03.04,23:00:00,1.0,2.8,74,12.4,31.9,73.39535043,110.34590619999999
02.02.05,18:00:00,4.8,19.5,171,10.5,25.1,,
28.03.04,15:00:00,1.4,4.8,65,18.0,27.3,89.8189125,103.3663311
01.11.04,17:00:00,3.7,16.4,110,23.2,65.6,,
19.02.05,12:00:00,2.3,6.4,210,7.4,43.8,,
26.08.04,5:00:00,0.5,2.8,45,23.7,46.7,,
17.10.04,21:00:00,-200.0,7.8,-200,15.8,57.6,,
19.01.05,23:00:00,1.2,3.9,97,8.8,50.9,,
28.04.04,18:00:00,4.8,28.9,160,24.3,37.3,186.057024,211.0776534
21.12.04,14:00:00,2.1,7.8,132,8.5,34.3,,
24.09.04,21:00:00,0.7,2.2,57,14.0,75.4,,
02.02.05,21:00:00,4.1,15.6,212,6.7,39.6,,
23.06.04,1:00:00,0.8,4.6,66,22.8,43.9,,
13.01.05,15:00:00,2.7,14.1,134,14.0,56.3,,
20.10.04,16:00:00,4.7,30.9,167,24.8,57.7,,
15.08.04,0:00:00,0.7,3.5,37,26.1,50.8,,
03.08.04,4:00:00,-200.0,2.3,55,25.8,50.9,,
04.06.04,15:00:00,-200.0,10.2,-200,25.8,32.6,,
13.03.05,4:00:00,-200.0,2.5,63,13.2,49.7,,
14.12.04,6:00:00,1.1,5.4,92,6.0,77.3,,
21.05.04,22:00:00,2.5,13.3,126,20.5,35.9,111.5518846,64.69212772
18.08.04,18:00:00,1.5,8.9,72,36.4,26.8,,
20.09.04,14:00:00,2.6,11.8,125,30.5,29.3,,
31.03.05,14:00:00,0.9,3.1,91,22.6,33.2,,
24.04.04,0:00:00,2.8,13.4,113,18.2,49.7,174.4807063,212.62686060000001
03.04.05,21:00:00,1.5,6.0,158,16.4,46.6,,
16.08.04,8:00:00,1.6,10.9,65,23.6,40.8,,
01.08.04,7:00:00,0.4,2.9,21,24.1,63.1,,
30.08.04,22:00:00,-200.0,9.4,-200,25.0,47.6,,
25.12.04,12:00:00,3.4,13.2,147,10.7,65.0,,
06.03.05,9:00:00,0.7,1.5,79,7.3,48.7,,
20.10.04,7:00:00,-200.0,26.1,-200,18.8,73.0,,
17.03.05,23:00:00,1.9,8.1,173,13.7,48.6,,
07.06.04,16:00:00,2.3,15.2,113,34.3,19.4,,
13.01.05,7:00:00,1.6,8.0,103,7.7,76.8,,
02.11.04,8:00:00,3.4,20.7,85,17.1,72.8,,
23.12.04,8:00:00,3.6,13.4,169,1.4,61.3,,
18.04.04,22:00:00,-200.0,6.6,-200,15.5,63.3,181.9782827,211.5914126
07.02.05,12:00:00,1.4,5.7,154,12.9,20.6,,
13.06.04,6:00:00,0.4,1.5,37,21.6,48.1,,
09.10.04,0:00:00,1.6,9.9,66,22.3,60.6,,
29.04.04,18:00:00,5.4,28.6,145,20.2,48.6,52.37619909,162.1148834
11.02.05,12:00:00,4.3,-200.0,250,-200.0,-200.0,,
13.10.04,6:00:00,-200.0,2.2,-200,14.7,57.4,,
19.03.04,2:00:00,0.9,3.6,63,12.5,69.3,42.70657175,50.51755822
24.10.04,9:00:00,1.4,7.8,59,19.1,70.0,,
24.12.04,8:00:00,4.8,14.6,149,5.7,61.3,,
29.03.04,18:00:00,2.5,10.2,114,16.1,31.3,87.94836014,108.08933020000002
18.02.05,8:00:00,2.1,7.9,205,6.9,48.8,,
04.04.05,1:00:00,0.6,1.9,58,13.8,51.2,,
11.10.04,12:00:00,2.7,15.2,91,21.1,64.0,,
16.03.04,20:00:00,3.2,15.8,143,20.4,36.7,26.61954635,50.48496895
08.11.04,3:00:00,0.4,0.5,-200,11.5,50.4,,
25.06.04,20:00:00,3.4,15.9,140,28.1,22.4,,
25.06.04,2:00:00,0.9,3.6,52,24.8,43.4,,
28.09.04,20:00:00,4.5,23.1,175,20.9,45.8,,
16.11.04,15:00:00,2.2,10.9,148,17.9,22.3,,
15.08.04,10:00:00,1.0,5.3,56,32.1,34.0,,
10.09.04,14:00:00,1.9,12.6,135,33.0,20.1,,
23.09.04,14:00:00,2.6,15.8,130,29.8,38.0,,
06.05.04,1:00:00,0.9,3.4,58,12.0,75.0,41.56995243,138.56585819999998
30.08.04,1:00:00,-200.0,4.5,-200,23.8,57.8,,
27.03.05,5:00:00,0.8,2.3,68,15.8,65.4,,
11.07.04,22:00:00,2.4,11.8,136,23.2,43.2,,
07.01.05,5:00:00,0.6,1.4,55,7.2,74.4,,
04.02.05,15:00:00,1.5,6.6,165,12.1,32.3,,
28.05.04,5:00:00,-200.0,3.4,-200,15.5,51.7,,
20.04.04,0:00:00,-200.0,3.9,-200,9.9,77.7,183.4803929,200.2504896
22.07.04,0:00:00,2.4,13.6,95,27.8,43.3,,
22.04.04,11:00:00,-200.0,15.4,-200,26.1,26.8,179.96606169999998,204.04437190000002
02.03.05,22:00:00,1.6,6.2,170,4.8,39.6,,
02.06.04,13:00:00,-200.0,4.7,34,29.6,33.4,,
21.05.04,4:00:00,-200.0,2.8,47,16.5,50.2,113.22168909999998,64.58167041
19.04.04,23:00:00,-200.0,5.3,-200,10.1,77.5,176.58312759999998,212.4873624
27.10.04,12:00:00,3.2,16.8,129,20.7,58.6,,
15.05.04,7:00:00,1.4,9.1,68,16.0,47.4,120.332199,65.82829947
21.06.04,21:00:00,2.1,11.4,112,23.1,41.5,,
05.07.04,8:00:00,3.9,27.7,134,23.7,37.9,,
14.10.04,0:00:00,-200.0,4.0,-200,15.1,56.9,,
19.01.05,5:00:00,-200.0,0.9,52,4.7,78.9,,
24.02.05,5:00:00,0.6,1.2,81,3.3,84.5,,
27.06.04,18:00:00,1.6,7.9,110,38.9,21.4,,
05.02.05,17:00:00,0.9,3.1,121,8.6,32.8,,
12.01.05,22:00:00,3.6,15.2,158,10.7,70.9,,
27.03.04,20:00:00,2.8,12.2,119,13.6,44.9,84.3132378,101.6985196
24.04.04,14:00:00,2.0,11.0,95,24.3,41.8,184.4853198,201.3031909
19.10.04,4:00:00,-200.0,5.6,-200,14.9,73.8,,
18.05.04,6:00:00,0.9,6.3,54,17.1,45.3,113.417804,68.38912001
23.04.04,19:00:00,5.6,32.5,161,23.1,36.7,189.96434519999997,213.1839832
12.10.04,3:00:00,0.6,2.4,-200,18.3,66.9,,
22.03.05,22:00:00,3.0,6.8,101,16.4,57.2,,
27.05.04,14:00:00,-200.0,10.1,-200,29.5,19.7,,
01.06.04,23:00:00,2.2,13.1,81,20.2,65.2,,
06.06.04,11:00:00,0.8,3.0,53,25.4,31.6,,
28.08.04,20:00:00,-200.0,7.1,-200,27.9,43.1,,
30.03.05,3:00:00,0.5,1.1,61,12.5,67.4,,
01.12.04,22:00:00,1.8,7.1,107,11.1,84.3,,
04.04.04,7:00:00,-200.0,3.5,-200,13.7,64.8,83.77100231,110.19665890000002
27.08.04,11:00:00,1.8,-200.0,101,-200.0,-200.0,,
15.11.04,10:00:00,1.8,6.8,141,12.6,36.6,,
24.06.04,20:00:00,2.8,13.7,122,28.3,34.5,,
05.09.04,2:00:00,1.5,7.3,-200,27.5,30.9,,
04.04.05,5:00:00,0.5,1.3,53,10.4,59.9,,
08.03.05,19:00:00,5.1,23.4,242,11.0,33.8,,
22.02.05,18:00:00,2.4,10.2,206,5.8,72.5,,
01.12.04,13:00:00,4.0,19.3,163,13.6,65.6,,
22.01.05,6:00:00,0.4,11.6,183,5.2,81.4,,
12.02.05,21:00:00,5.2,23.2,262,11.1,56.9,,
09.01.05,14:00:00,2.2,12.6,142,16.6,52.4,,
25.10.04,1:00:00,1.4,7.2,56,16.9,75.4,,
23.10.04,23:00:00,2.6,13.1,84,20.0,69.5,,
17.02.05,6:00:00,0.5,1.1,51,6.9,42.2,,
21.09.04,0:00:00,0.8,4.4,62,23.5,44.7,,
18.03.04,8:00:00,4.7,23.3,124,11.5,60.0,22.84888049,54.12595934
05.07.04,13:00:00,2.1,11.7,137,37.4,17.3,,
18.03.04,3:00:00,0.7,3.6,-200,13.9,53.9,40.89942739,56.26450724
02.11.04,14:00:00,7.5,37.9,190,25.5,49.7,,
30.06.04,22:00:00,2.5,14.4,110,28.9,41.0,,
16.08.04,7:00:00,1.3,8.5,62,22.2,45.0,,
20.11.04,17:00:00,3.4,21.1,196,13.5,19.5,,
12.05.04,20:00:00,2.2,9.4,112,16.7,47.2,115.36601100000001,69.2002189
06.03.05,5:00:00,0.6,0.8,48,5.8,65.0,,
15.04.04,15:00:00,3.0,14.8,114,21.5,30.4,152.2467521,150.3256968
27.03.05,11:00:00,1.3,4.5,89,15.9,77.3,,
18.11.04,19:00:00,4.9,22.6,214,16.8,55.2,,
06.09.04,2:00:00,0.6,1.7,-200,24.3,42.9,,
25.08.04,17:00:00,1.6,7.9,73,35.3,29.4,,
15.01.05,6:00:00,1.0,2.8,70,4.2,77.0,,
21.02.05,4:00:00,-200.0,0.5,36,4.0,81.5,,
03.04.05,12:00:00,1.4,5.3,124,26.5,16.4,,
08.03.05,0:00:00,1.5,4.4,157,3.0,47.7,,
21.02.05,20:00:00,6.3,19.7,283,5.5,79.8,,
18.02.05,10:00:00,2.0,7.4,153,10.8,37.1,,
12.10.04,23:00:00,-200.0,3.1,-200,14.8,58.4,,
16.02.05,16:00:00,1.5,5.6,155,8.9,37.9,,
09.12.04,18:00:00,2.3,9.5,118,14.6,48.0,,
01.03.05,5:00:00,0.2,0.3,30,-0.3,38.4,,
02.11.04,1:00:00,1.6,7.6,56,18.2,76.4,,
02.12.04,3:00:00,1.1,3.8,-200,11.9,78.2,,
07.12.04,0:00:00,1.4,5.1,74,14.0,66.1,,
22.10.04,1:00:00,1.3,7.9,63,21.2,68.6,,
14.09.04,0:00:00,0.8,5.6,68,24.7,49.2,,
25.02.05,0:00:00,2.5,8.1,202,5.3,84.1,,
09.10.04,10:00:00,3.6,19.5,95,26.0,48.2,,
14.04.04,19:00:00,-200.0,13.3,-200,17.9,35.8,124.450771,144.26511730000001
21.10.04,12:00:00,3.3,17.7,103,25.2,53.3,,
09.01.05,17:00:00,2.2,8.8,156,15.7,54.4,,
16.12.04,19:00:00,8.6,-200.0,227,-200.0,-200.0,,
28.09.04,16:00:00,3.2,18.8,145,28.9,21.3,,
21.03.05,16:00:00,2.0,9.2,131,22.8,35.3,,
29.01.05,12:00:00,1.1,2.4,102,3.6,45.8,,
21.11.04,14:00:00,1.1,8.7,174,13.3,24.3,,
14.03.04,9:00:00,1.6,6.4,83,12.4,60.0,27.40199974,53.56598386
20.03.05,19:00:00,2.9,12.7,155,17.3,47.8,,
30.04.04,23:00:00,3.1,13.7,108,17.7,66.9,48.7549026,138.9267718
05.05.04,5:00:00,0.8,3.5,54,14.6,77.1,46.38625544,144.8047795
09.08.04,9:00:00,2.4,14.7,5,27.7,52.5,,
21.03.04,21:00:00,2.8,9.9,123,17.4,49.1,43.37724211,58.49322834
29.11.04,15:00:00,1.9,10.8,117,18.4,49.9,,
08.10.04,18:00:00,2.3,20.0,84,26.4,45.9,,
28.02.05,16:00:00,0.9,2.5,114,3.3,33.1,,
15.02.05,2:00:00,0.6,1.3,56,8.0,32.9,,
09.07.04,22:00:00,1.5,9.5,104,23.7,43.4,,
05.11.04,7:00:00,0.8,5.7,52,16.1,69.6,,
02.02.05,14:00:00,2.2,10.1,133,13.7,19.9,,
19.03.05,20:00:00,3.2,14.7,185,15.0,57.6,,
31.07.04,18:00:00,1.3,8.1,92,37.3,24.3,,
02.04.04,22:00:00,1.9,10.1,124,17.8,47.0,90.0467791,107.18951159999999
09.08.04,22:00:00,1.5,9.1,76,28.2,51.1,,
27.12.04,19:00:00,2.1,8.0,119,13.3,63.6,,
14.05.04,15:00:00,2.1,11.4,103,28.4,20.2,122.4029372,67.17899406
27.06.04,23:00:00,1.7,9.3,99,28.2,36.6,,
13.03.04,19:00:00,4.2,19.6,165,15.8,42.4,28.90510404,51.98995406
29.06.04,10:00:00,2.7,15.3,132,32.4,32.3,,
27.04.04,20:00:00,3.6,18.9,137,21.5,34.5,178.0859714,213.47815559999998
04.09.04,9:00:00,2.0,10.3,-200,26.7,43.0,,
17.11.04,20:00:00,4.3,22.0,254,12.4,56.8,,
20.09.04,4:00:00,0.5,2.2,50,19.5,63.5,,
04.08.04,21:00:00,-200.0,5.7,-200,27.6,45.2,,
20.03.04,9:00:00,2.4,10.5,102,14.6,53.1,42.96979989,60.00228409
21.06.04,14:00:00,1.4,8.3,84,29.5,19.4,,
29.03.04,2:00:00,0.5,1.1,38,10.4,46.6,80.51864409,106.92951359999999
24.02.05,3:00:00,0.7,1.5,-200,4.3,81.0,,
02.05.04,8:00:00,1.2,5.9,68,16.0,61.6,56.73585431,170.09571100000002
26.05.04,10:00:00,2.2,14.9,136,26.1,23.8,,
17.06.04,3:00:00,0.8,4.3,-200,19.3,57.1,,
29.05.04,7:00:00,0.5,4.0,80,18.4,43.9,,
17.04.04,9:00:00,-200.0,7.2,-200,13.5,78.1,170.7185808,201.90745149999998
23.12.04,2:00:00,2.1,5.2,128,3.0,52.5,,
15.11.04,20:00:00,4.0,16.3,180,12.3,32.0,,
23.06.04,4:00:00,-200.0,2.1,37,20.8,50.3,,
16.03.05,5:00:00,0.6,1.6,86,8.0,68.9,,
11.04.04,15:00:00,0.9,3.1,46,22.0,19.0,144.345775,152.16669819999998
30.12.04,19:00:00,-200.0,5.2,-200,8.6,45.1,,
03.09.04,16:00:00,-200.0,13.9,-200,38.8,17.6,,
08.07.04,16:00:00,2.4,16.9,167,40.9,14.6,,
01.04.05,6:00:00,0.6,2.0,89,13.7,47.4,,
10.07.04,17:00:00,0.7,5.5,69,31.8,18.7,,
15.03.04,8:00:00,5.5,25.9,114,12.4,63.9,23.85485859,52.73550607
03.11.04,10:00:00,3.7,21.0,94,23.7,49.1,,
16.07.04,8:00:00,4.4,26.6,154,22.4,46.6,,
19.10.04,17:00:00,-200.0,21.1,-200,21.3,60.8,,
13.11.04,20:00:00,2.3,9.1,142,17.2,51.5,,
22.03.05,5:00:00,0.6,1.6,66,10.6,70.8,,
09.04.04,18:00:00,2.8,-200.0,127,-200.0,-200.0,120.8042162,141.44095269999997
04.01.05,20:00:00,4.5,-200.0,181,-200.0,-200.0,,
31.12.04,3:00:00,-200.0,1.2,-200,7.6,46.4,,
09.06.04,16:00:00,2.0,11.1,125,40.3,14.2,,
20.01.05,19:00:00,4.3,21.2,182,10.4,42.3,,
16.11.04,12:00:00,2.6,10.7,189,17.2,22.4,,
21.11.04,16:00:00,0.9,8.2,127,14.9,21.7,,
11.06.04,6:00:00,1.0,7.0,69,19.8,50.4,,
08.05.04,23:00:00,-200.0,6.9,-200,13.7,59.7,124.54392990000001,64.61298815
03.07.04,7:00:00,1.8,11.1,101,21.4,48.0,,
19.01.05,1:00:00,1.0,6.7,127,9.9,81.0,,
05.05.04,2:00:00,0.5,1.5,28,15.7,64.5,52.43756913,134.8134304
28.10.04,9:00:00,3.5,20.0,97,16.7,73.8,,
23.06.04,10:00:00,3.2,16.4,152,28.5,31.7,,
02.07.04,4:00:00,-200.0,3.3,54,25.3,47.2,,
12.01.05,16:00:00,3.3,17.2,166,15.8,48.9,,
15.05.04,17:00:00,1.7,8.5,97,26.0,22.7,124.43632620000001,63.30466249
04.04.05,14:00:00,2.2,11.9,168,28.5,13.1,,
10.07.04,6:00:00,0.5,4.3,56,21.1,53.2,,
22.12.04,17:00:00,3.3,11.3,136,8.1,32.5,,
06.09.04,18:00:00,2.6,13.5,-200,29.6,27.7,,
20.10.04,6:00:00,-200.0,13.1,-200,18.5,74.4,,
03.07.04,12:00:00,1.5,9.9,94,36.3,16.0,,
09.07.04,19:00:00,2.8,16.6,158,28.3,24.9,,
03.09.04,15:00:00,-200.0,13.5,-200,37.6,19.6,,
25.04.04,2:00:00,1.0,3.6,73,12.7,58.7,181.8562542,214.33202310000001
25.11.04,14:00:00,2.5,12.8,126,16.4,38.2,,
04.10.04,15:00:00,-200.0,14.9,-200,27.4,39.8,,
07.11.04,3:00:00,1.2,4.6,-200,17.1,59.2,,
06.02.05,17:00:00,1.4,3.7,150,9.2,29.9,,
09.06.04,14:00:00,2.3,14.0,137,40.6,15.3,,
08.09.04,18:00:00,4.0,18.9,188,32.4,19.8,,
30.05.04,2:00:00,0.6,6.5,76,19.2,42.0,,
10.10.04,3:00:00,1.1,4.9,-200,23.5,61.3,,
15.05.04,3:00:00,1.1,5.6,-200,14.8,50.6,117.13491770000002,60.49171049
23.01.05,1:00:00,-200.0,7.5,181,7.0,39.9,,
18.07.04,7:00:00,0.4,4.1,53,21.3,45.5,,
14.08.04,6:00:00,0.5,2.6,41,24.7,55.9,,
07.05.04,22:00:00,2.0,7.7,97,13.4,64.6,41.34830694,142.6089621
03.12.04,6:00:00,0.9,4.0,82,13.8,85.5,,
03.01.05,9:00:00,3.1,-200.0,175,-200.0,-200.0,,
05.06.04,22:00:00,0.8,5.6,43,22.1,53.5,,
09.03.05,4:00:00,0.8,2.5,90,3.8,56.8,,
19.05.04,16:00:00,2.5,15.5,135,30.4,24.7,121.4155283,65.74056173
02.04.05,20:00:00,1.1,2.9,122,14.3,38.0,,
23.07.04,18:00:00,3.0,19.9,156,38.7,20.3,,
03.03.05,10:00:00,2.1,8.8,186,7.3,39.4,,
01.09.04,9:00:00,3.9,18.7,142,26.3,43.1,,
28.03.04,22:00:00,1.1,3.2,80,11.9,46.5,86.72100093,116.1014264
02.09.04,1:00:00,1.5,7.5,96,24.4,45.6,,
31.08.04,13:00:00,-200.0,12.2,-200,31.4,31.8,,
15.08.04,7:00:00,0.5,2.5,28,23.0,58.4,,
23.12.04,14:00:00,4.9,18.6,224,10.0,34.7,,
06.04.04,7:00:00,4.5,24.1,134,15.3,55.2,126.80773429999999,151.1092597
18.10.04,19:00:00,-200.0,32.3,-200,18.5,60.3,,
19.11.04,14:00:00,4.8,17.9,184,17.8,53.5,,
05.08.04,3:00:00,-200.0,2.3,-200,25.4,54.6,,
11.02.05,10:00:00,5.4,-200.0,291,-200.0,-200.0,,
21.05.04,20:00:00,3.5,17.5,146,23.9,29.4,128.0411621,69.56767377
15.01.05,21:00:00,3.6,14.7,168,6.5,67.6,,
27.04.04,18:00:00,3.4,17.7,127,24.5,27.8,183.2822619,200.61479430000003
25.03.04,4:00:00,0.5,0.9,28,9.3,72.3,83.28820579,108.67340449999999
19.08.04,13:00:00,1.1,5.6,43,37.7,27.7,,
24.06.04,18:00:00,2.1,11.1,103,33.3,23.9,,
14.12.04,21:00:00,4.1,-200.0,148,-200.0,-200.0,,
26.03.05,3:00:00,1.2,6.4,89,16.1,71.3,,
03.10.04,21:00:00,-200.0,10.4,-200,21.9,61.4,,
08.12.04,23:00:00,2.3,7.2,107,13.8,77.3,,
18.05.04,21:00:00,2.4,12.3,122,22.2,33.4,116.4327211,68.25368255
17.06.04,5:00:00,0.5,3.4,44,20.2,53.8,,
25.08.04,9:00:00,2.9,15.6,107,28.1,47.4,,
20.08.04,12:00:00,-200.0,7.3,-200,35.7,31.4,,
07.07.04,6:00:00,1.3,9.9,88,23.9,39.3,,
28.11.04,17:00:00,3.2,8.6,132,11.2,70.9,,
01.08.04,23:00:00,1.7,9.5,88,27.4,55.5,,
03.02.05,21:00:00,2.7,12.6,216,8.3,57.6,,
18.12.04,11:00:00,2.3,8.8,140,16.1,28.5,,
03.04.05,16:00:00,1.3,6.3,132,29.4,10.4,,
18.10.04,12:00:00,-200.0,16.0,-200,22.2,43.2,,
07.11.04,0:00:00,1.9,7.5,80,18.0,60.4,,
06.10.04,18:00:00,-200.0,26.9,-200,25.7,44.1,,
15.07.04,19:00:00,3.8,22.1,175,30.5,22.7,,
14.08.04,13:00:00,0.8,3.8,53,36.2,24.1,,
03.01.05,13:00:00,1.6,-200.0,106,-200.0,-200.0,,
22.08.04,14:00:00,-200.0,1.8,-200,33.3,17.1,,
17.02.05,15:00:00,1.3,4.8,143,8.9,46.1,,
23.09.04,23:00:00,1.7,8.9,94,22.5,53.7,,
18.04.04,20:00:00,-200.0,9.2,-200,16.4,57.8,171.3889552,216.5100438
29.07.04,5:00:00,-200.0,3.7,60,21.4,40.3,,
08.08.04,0:00:00,1.5,7.4,69,25.7,54.1,,
10.07.04,16:00:00,0.5,4.4,59,32.4,18.0,,
29.01.05,2:00:00,0.7,0.8,60,1.9,49.7,,
23.02.05,18:00:00,2.8,11.4,249,4.8,79.0,,
26.04.04,2:00:00,0.4,1.3,25,14.1,45.3,190.39942030000003,213.470148
04.07.04,19:00:00,1.6,9.1,103,32.3,19.7,,
08.05.04,8:00:00,-200.0,8.5,-200,11.0,75.0,122.4356406,69.84879623
02.04.05,23:00:00,0.7,2.1,93,13.5,37.8,,
17.12.04,5:00:00,1.8,-200.0,112,-200.0,-200.0,,
23.09.04,17:00:00,4.6,25.2,190,31.6,34.8,,
14.10.04,10:00:00,-200.0,9.1,-200,20.4,42.2,,
22.06.04,3:00:00,0.2,1.4,-200,21.0,47.5,,
17.01.05,17:00:00,4.0,21.2,193,11.4,28.7,,
04.10.04,19:00:00,-200.0,44.7,-200,24.3,49.6,,
15.03.05,4:00:00,0.5,1.1,58,11.6,61.0,,
20.04.04,14:00:00,-200.0,10.3,-200,21.9,37.2,180.4088122,210.87183480000002
17.12.04,10:00:00,5.0,-200.0,164,-200.0,-200.0,,
05.07.04,16:00:00,1.8,11.1,132,40.1,16.1,,
23.04.04,8:00:00,5.6,31.1,123,15.4,53.3,180.3127635,219.99194
02.12.04,19:00:00,9.4,43.9,171,15.4,73.0,,
06.12.04,9:00:00,4.9,26.4,131,13.4,74.4,,
12.12.04,16:00:00,4.3,18.4,178,17.2,34.2,,
18.10.04,2:00:00,-200.0,2.4,-200,14.8,64.7,,
08.10.04,19:00:00,3.1,21.1,101,25.2,49.5,,
09.05.04,20:00:00,-200.0,10.2,-200,15.6,51.6,110.3957534,67.59576645
17.11.04,22:00:00,2.6,9.2,198,10.5,61.1,,
17.12.04,16:00:00,3.2,-200.0,150,-200.0,-200.0,,
07.07.04,17:00:00,3.3,21.5,177,39.2,14.5,,
10.01.05,9:00:00,3.5,21.4,146,13.1,70.2,,
01.10.04,11:00:00,3.4,19.9,137,23.8,54.7,,
09.02.05,6:00:00,0.6,-200.0,100,-200.0,-200.0,,
26.03.04,20:00:00,2.6,10.6,93,10.0,51.1,73.93768307,114.24609209999998
21.04.04,17:00:00,-200.0,19.8,-200,25.8,24.1,172.9527622,214.86435409999999
15.04.04,23:00:00,2.2,7.3,106,13.9,64.0,155.1840591,141.7901611
19.09.04,5:00:00,0.5,2.3,35,19.3,57.0,,
17.05.04,4:00:00,-200.0,1.4,40,16.3,34.1,118.7128206,64.64652927
11.11.04,7:00:00,1.5,8.1,117,8.9,75.6,,
17.03.05,9:00:00,5.6,26.1,189,13.2,51.0,,
19.12.04,12:00:00,2.6,9.6,132,6.0,47.6,,
31.07.04,16:00:00,1.1,6.9,77,40.4,19.8,,
27.02.05,21:00:00,1.5,3.1,155,4.6,46.8,,
15.02.05,9:00:00,2.1,8.0,220,6.5,39.5,,
08.09.04,1:00:00,-200.0,-200.0,-200,-200.0,-200.0,,
21.10.04,15:00:00,2.9,16.7,101,26.9,50.0,,
05.02.05,4:00:00,2.0,7.0,164,1.5,66.2,,
28.10.04,22:00:00,1.0,4.8,63,20.4,60.4,,
14.02.05,10:00:00,1.7,11.6,168,11.5,39.6,,
12.04.04,7:00:00,0.5,0.9,53,13.5,50.1,127.3871019,166.8668906
08.01.05,16:00:00,4.3,18.9,194,13.3,59.0,,
11.03.05,7:00:00,0.2,4.5,117,3.8,59.7,,
24.07.04,9:00:00,1.9,9.9,90,28.0,46.9,,
13.10.04,16:00:00,-200.0,8.3,-200,15.3,58.7,,
29.11.04,5:00:00,1.3,4.9,67,8.8,83.7,,
03.10.04,23:00:00,-200.0,7.8,-200,20.5,64.9,,
12.09.04,0:00:00,-200.0,12.1,-200,24.1,48.8,,
29.09.04,17:00:00,4.0,21.6,188,27.2,26.3,,
06.01.05,16:00:00,2.0,7.9,122,16.2,53.0,,
27.08.04,17:00:00,1.9,-200.0,109,-200.0,-200.0,,
24.07.04,1:00:00,1.9,12.1,83,27.0,42.8,,
12.02.05,0:00:00,4.2,14.2,211,5.8,64.3,,
04.04.05,8:00:00,5.0,22.4,174,13.5,48.9,,
15.07.04,0:00:00,2.1,12.1,116,24.0,34.9,,
18.09.04,5:00:00,0.5,2.3,42,20.2,46.7,,
19.03.04,12:00:00,2.8,14.0,127,15.5,50.1,41.02600566,52.36263839
11.05.04,17:00:00,3.5,21.1,125,26.3,27.5,118.38923090000002,68.84955265
06.03.05,6:00:00,0.5,0.6,32,5.8,59.4,,
20.06.04,17:00:00,1.4,-200.0,86,-200.0,-200.0,,
12.02.05,2:00:00,3.6,9.7,216,5.0,66.6,,
20.05.04,23:00:00,2.1,12.3,117,20.2,42.8,111.33282659999998,60.038192200000005
28.01.05,9:00:00,2.2,8.2,206,4.1,49.8,,
15.04.04,4:00:00,-200.0,1.3,-200,10.5,61.3,136.74344680000002,170.37186459999998
24.10.04,20:00:00,3.4,15.6,99,21.8,63.0,,
08.02.05,17:00:00,1.8,-200.0,172,-200.0,-200.0,,
23.10.04,16:00:00,3.0,16.0,115,27.2,43.0,,
15.09.04,13:00:00,-200.0,17.2,-200,24.1,65.5,,
29.11.04,9:00:00,5.9,29.5,139,11.3,75.3,,
27.09.04,5:00:00,0.9,5.6,71,14.1,61.7,,
05.02.05,1:00:00,1.5,5.1,167,4.9,52.0,,
07.07.04,13:00:00,2.2,15.1,142,42.6,9.6,,
25.07.04,5:00:00,0.3,1.3,17,22.5,69.1,,
14.06.04,13:00:00,1.3,5.5,68,25.4,39.2,,
29.05.04,3:00:00,0.3,3.4,-200,17.9,50.8,,
14.06.04,11:00:00,1.2,5.5,73,23.9,42.1,,
06.02.05,9:00:00,0.8,2.0,115,0.3,53.7,,
03.09.04,12:00:00,-200.0,13.4,-200,36.4,23.6,,
11.10.04,5:00:00,0.6,3.4,44,18.2,76.9,,
13.05.04,8:00:00,3.6,17.9,136,16.0,59.3,128.2676301,66.4268043
11.04.04,13:00:00,1.1,4.0,70,22.3,22.4,159.75014230000002,155.0900925
15.03.04,10:00:00,5.8,26.6,157,17.4,45.6,28.54018068,54.96537221
17.12.04,9:00:00,6.3,-200.0,151,-200.0,-200.0,,
26.06.04,5:00:00,0.4,2.3,58,19.5,42.4,,
06.03.05,12:00:00,1.0,2.3,97,12.3,29.9,,
02.03.05,15:00:00,1.3,6.3,143,10.1,16.7,,
20.03.05,2:00:00,1.5,4.3,131,13.4,64.8,,
14.08.04,19:00:00,1.2,6.6,73,32.0,38.2,,
28.11.04,4:00:00,1.0,3.1,55,10.3,74.9,,
13.12.04,4:00:00,-200.0,2.1,66,6.3,64.6,,
10.04.04,4:00:00,0.8,3.3,52,10.8,70.3,137.1669947,151.3969875
18.08.04,8:00:00,-200.0,11.2,-200,27.3,36.8,,
13.11.04,18:00:00,1.9,7.5,116,18.3,51.6,,
13.03.04,13:00:00,2.8,12.3,124,19.4,31.3,48.02569245,50.49689897
16.01.05,5:00:00,1.4,4.2,120,4.5,62.7,,
16.01.05,13:00:00,1.0,3.0,98,11.9,30.8,,
17.10.04,12:00:00,-200.0,6.8,-200,21.6,39.9,,
06.06.04,2:00:00,1.1,6.6,58,17.5,79.1,,
02.04.05,19:00:00,1.2,3.5,124,15.5,33.9,,
28.03.05,5:00:00,0.6,1.9,63,13.8,79.0,,
22.07.04,18:00:00,3.6,22.0,187,40.6,18.2,,
24.03.05,14:00:00,3.0,14.1,161,20.9,43.4,,
01.12.04,21:00:00,2.1,7.2,111,11.3,79.9,,
15.11.04,15:00:00,1.7,6.7,114,13.6,32.1,,
24.12.04,19:00:00,6.4,-200.0,168,-200.0,-200.0,,
30.08.04,18:00:00,-200.0,14.1,-200,32.3,30.2,,
16.10.04,15:00:00,-200.0,5.5,-200,21.6,35.9,,
09.09.04,3:00:00,0.3,2.3,-200,23.0,33.0,,
27.05.04,0:00:00,-200.0,9.5,-200,19.9,36.3,,
02.07.04,14:00:00,1.7,11.0,117,38.8,20.7,,
24.11.04,4:00:00,1.4,5.4,81,10.6,78.8,,
04.01.05,19:00:00,3.6,-200.0,174,-200.0,-200.0,,
15.07.04,12:00:00,2.0,12.1,130,33.4,24.7,,
10.05.04,10:00:00,2.5,13.4,107,20.0,45.0,116.12551429999999,66.22879009
18.03.05,4:00:00,0.9,2.8,103,8.2,65.9,,
29.06.04,14:00:00,2.1,12.3,130,37.2,25.5,,
24.09.04,23:00:00,1.2,3.8,22,15.5,50.9,,
05.11.04,16:00:00,5.0,29.8,144,24.7,43.6,,
21.02.05,7:00:00,1.2,5.5,123,4.2,80.9,,
16.05.04,20:00:00,2.4,10.6,118,23.7,39.4,121.5799188,61.54640207
10.07.04,22:00:00,1.4,8.0,97,23.4,43.2,,
15.03.05,0:00:00,1.5,5.2,140,12.2,65.0,,
12.06.04,1:00:00,0.9,6.6,68,23.5,32.7,,
05.04.04,7:00:00,-200.0,13.2,-200,13.4,62.5,149.71569590000001,149.6730986
22.07.04,1:00:00,1.6,9.6,70,26.9,46.1,,
28.08.04,10:00:00,1.8,9.1,102,29.9,30.5,,
06.08.04,9:00:00,2.9,16.3,97,24.5,66.2,,
27.08.04,16:00:00,1.6,-200.0,92,-200.0,-200.0,,
05.10.04,2:00:00,-200.0,2.5,-200,20.8,58.8,,
11.01.05,15:00:00,3.2,18.0,147,13.7,57.9,,
06.03.05,8:00:00,0.6,1.0,86,5.9,54.8,,
12.12.04,0:00:00,3.0,11.7,132,8.6,54.3,,
25.12.04,20:00:00,6.2,21.3,174,11.3,78.3,,
15.03.04,16:00:00,2.3,11.5,99,24.4,29.4,38.09978131,56.34804842
17.07.04,14:00:00,1.0,5.2,60,40.3,12.6,,
17.10.04,2:00:00,-200.0,3.8,-200,15.4,78.1,,
15.05.04,1:00:00,1.2,5.7,81,18.0,40.5,117.9484277,65.43209076
12.11.04,10:00:00,1.6,6.4,116,14.9,62.5,,
16.06.04,3:00:00,0.6,3.0,-200,20.8,58.4,,
18.07.04,19:00:00,0.6,6.1,58,33.9,20.3,,
15.08.04,15:00:00,0.4,2.4,24,36.8,16.9,,
01.03.05,15:00:00,0.9,2.7,107,3.3,31.5,,
21.05.04,13:00:00,2.0,13.2,98,31.7,21.7,110.7789629,62.71059255
20.01.05,13:00:00,2.6,12.6,150,14.4,28.9,,
16.09.04,17:00:00,3.3,17.7,124,23.8,46.1,,
05.07.04,11:00:00,2.2,12.3,147,34.1,19.1,,
14.12.04,2:00:00,1.9,8.2,97,6.9,76.1,,
14.12.04,12:00:00,4.4,21.7,206,12.9,54.1,,
04.06.04,20:00:00,2.9,13.1,-200,24.4,35.2,,
24.09.04,6:00:00,1.3,8.4,83,20.8,62.2,,
13.10.04,7:00:00,-200.0,5.8,-200,14.3,58.1,,
07.07.04,11:00:00,2.0,11.9,154,38.3,17.0,,
13.07.04,11:00:00,2.6,13.3,134,31.3,19.1,,
27.03.04,7:00:00,1.1,3.3,65,7.2,62.9,74.68099035,111.40965109999999
30.07.04,17:00:00,-200.0,13.0,127,38.2,21.8,,
09.02.05,8:00:00,1.7,-200.0,231,-200.0,-200.0,,
16.12.04,8:00:00,3.5,-200.0,123,-200.0,-200.0,,
01.03.05,7:00:00,0.5,1.0,84,-0.6,41.4,,
17.03.04,10:00:00,4.3,21.3,134,17.7,40.1,45.97405403,52.051794799999996
03.07.04,3:00:00,0.7,4.7,-200,21.8,46.6,,
04.11.04,19:00:00,5.8,33.0,124,22.2,63.7,,
08.07.04,1:00:00,0.9,7.2,79,28.4,32.5,,
07.06.04,11:00:00,2.5,14.1,120,31.6,24.1,,
21.11.04,12:00:00,1.5,10.1,186,10.9,33.8,,
17.04.04,3:00:00,-200.0,5.1,-200,12.4,82.4,176.50892199999998,220.13424229999998
11.03.05,11:00:00,3.0,-200.0,235,-200.0,-200.0,,
17.03.04,15:00:00,2.0,10.4,104,26.8,18.7,48.71659942,59.35512669
02.03.05,14:00:00,1.9,9.0,161,9.7,18.6,,
19.04.04,7:00:00,-200.0,16.5,-200,15.4,64.2,185.9562158,217.911508
24.04.04,15:00:00,1.7,9.0,89,25.6,36.0,170.6890091,211.453506
02.10.04,8:00:00,-200.0,13.3,-200,21.1,62.8,,
03.09.04,21:00:00,2.6,13.1,-200,29.5,33.4,,
05.08.04,7:00:00,-200.0,14.5,-200,24.3,58.0,,
25.09.04,0:00:00,1.2,3.9,2,15.6,50.0,,
01.12.04,8:00:00,3.4,18.1,121,9.0,79.8,,
15.10.04,22:00:00,-200.0,6.8,-200,14.5,78.3,,
09.05.04,16:00:00,-200.0,4.8,-200,17.8,46.7,113.9597729,66.92663335
16.08.04,23:00:00,1.0,5.1,65,28.2,36.6,,
19.01.05,15:00:00,0.2,4.3,114,9.4,53.6,,
01.09.04,5:00:00,0.6,4.3,63,19.7,66.8,,
12.03.04,12:00:00,2.1,10.2,113,15.0,36.5,43.290980600000005,50.25515601
03.06.04,23:00:00,-200.0,7.8,-200,21.0,48.1,,
22.02.05,14:00:00,3.0,12.9,238,6.5,71.0,,
27.08.04,23:00:00,1.2,-200.0,85,-200.0,-200.0,,
23.09.04,8:00:00,2.8,18.8,104,23.7,54.4,,
26.01.05,4:00:00,-200.0,0.2,20,3.3,52.8,,
28.03.04,21:00:00,1.1,3.3,81,12.3,46.8,81.90029583,112.80122620000002
12.09.04,9:00:00,-200.0,6.5,-200,24.8,48.2,,
24.10.04,6:00:00,1.2,7.5,47,17.3,78.4,,
05.09.04,17:00:00,0.9,3.4,-200,32.9,17.5,,
05.01.05,7:00:00,2.2,11.1,126,7.9,70.6,,
11.11.04,10:00:00,5.4,24.1,190,10.2,82.3,,
24.03.04,15:00:00,-200.0,6.7,91,11.3,63.9,82.481358,100.6748908
04.01.05,13:00:00,2.8,-200.0,165,-200.0,-200.0,,
26.05.04,14:00:00,1.6,11.8,112,32.3,13.3,,
04.04.05,10:00:00,3.1,13.5,190,21.9,29.3,,
06.11.04,6:00:00,0.6,3.7,45,14.9,72.3,,
06.12.04,22:00:00,1.7,7.3,87,16.6,58.5,,
11.08.04,1:00:00,1.2,6.6,49,27.2,59.1,,
25.08.04,5:00:00,0.7,4.4,50,23.3,55.5,,
25.08.04,0:00:00,1.5,6.8,84,26.0,48.0,,
13.10.04,20:00:00,-200.0,7.2,-200,14.8,57.3,,
16.03.04,6:00:00,0.9,3.5,64,11.2,68.5,25.87872648,53.60804095
29.01.05,13:00:00,1.1,2.5,96,3.1,48.1,,
03.11.04,19:00:00,4.6,24.4,117,23.3,53.1,,
24.05.04,8:00:00,2.0,9.7,81,18.4,24.0,,
13.09.04,2:00:00,-200.0,3.8,-200,21.0,68.6,,
02.05.04,3:00:00,1.6,6.6,-200,14.8,67.6,60.72320415,166.17983080000002
16.09.04,14:00:00,1.7,9.8,102,22.9,47.9,,
28.09.04,11:00:00,3.4,19.4,181,24.5,29.8,,
26.01.05,11:00:00,0.1,3.2,134,4.5,48.4,,
03.02.05,13:00:00,2.7,13.8,241,12.2,34.3,,
06.08.04,15:00:00,1.9,10.7,110,34.1,33.3,,
29.04.04,21:00:00,2.9,16.3,112,18.2,58.8,181.5371472,202.7656023
09.11.04,1:00:00,-200.0,3.7,-200,7.2,62.2,,
02.04.04,21:00:00,3.0,14.1,146,18.5,43.0,84.03381173,119.0660305
20.07.04,3:00:00,-200.0,3.9,-200,25.2,41.5,,
10.12.04,5:00:00,0.3,0.5,27,12.0,37.3,,
05.11.04,1:00:00,1.8,9.2,62,18.4,68.5,,
25.12.04,8:00:00,2.0,8.6,122,9.1,69.6,,
03.01.05,1:00:00,3.4,-200.0,158,-200.0,-200.0,,
27.09.04,9:00:00,1.8,8.2,94,19.7,40.2,,
12.04.04,16:00:00,1.4,3.1,82,9.9,70.5,140.8019365,141.0732531
30.03.05,1:00:00,0.9,3.4,80,13.0,70.2,,
02.11.04,9:00:00,4.4,25.2,112,20.8,57.9,,
12.12.04,14:00:00,3.4,12.7,169,16.0,35.8,,
03.04.04,0:00:00,1.6,9.0,106,17.1,51.8,78.72621729,117.8370243
25.08.04,11:00:00,2.0,9.3,95,31.2,41.9,,
26.08.04,2:00:00,0.6,2.8,35,24.1,44.0,,
09.01.05,2:00:00,1.3,5.6,118,13.2,64.2,,
17.04.04,7:00:00,-200.0,8.1,-200,12.5,79.6,171.23401850000002,202.47133780000001
20.09.04,6:00:00,0.9,4.7,60,19.4,63.5,,
26.07.04,6:00:00,-200.0,6.8,102,25.4,48.5,,
04.09.04,22:00:00,1.6,8.0,-200,29.7,25.4,,
18.03.04,9:00:00,6.6,35.8,151,14.3,50.6,23.42845604,60.70016715
08.07.04,22:00:00,2.6,15.8,128,30.5,29.7,,
23.07.04,19:00:00,2.8,19.1,131,35.8,24.1,,
12.05.04,14:00:00,3.1,14.7,126,17.4,67.0,119.37829579999999,69.29100529
13.03.04,23:00:00,2.6,10.9,130,14.7,49.3,39.58492117,57.06300284
13.06.04,16:00:00,0.8,2.6,56,22.0,41.7,,
28.01.05,19:00:00,3.0,-200.0,198,-200.0,-200.0,,
28.12.04,9:00:00,-200.0,23.4,-200,9.1,77.1,,
28.06.04,22:00:00,1.8,11.7,99,28.6,36.8,,
06.01.05,9:00:00,1.5,6.2,117,11.1,70.2,,
14.09.04,4:00:00,-200.0,4.6,-200,19.9,65.5,,
06.02.05,19:00:00,1.6,4.5,165,6.0,38.0,,
25.09.04,7:00:00,0.6,2.1,9,15.4,52.7,,
14.03.04,0:00:00,2.9,11.0,129,13.9,53.6,46.00795806,60.81031731
17.04.04,10:00:00,-200.0,9.2,-200,14.6,74.9,189.89394,201.5675662
15.11.04,9:00:00,2.4,8.6,162,11.1,38.1,,
16.05.04,9:00:00,1.6,8.2,89,19.2,35.4,114.45286370000001,65.63697881
30.09.04,20:00:00,4.4,20.0,142,22.6,59.5,,
12.03.04,21:00:00,4.4,20.1,149,12.1,53.3,20.49277786,53.42184626
08.05.04,10:00:00,-200.0,6.9,-200,14.7,63.1,130.1234418,60.90235492
28.02.05,10:00:00,1.0,2.3,115,3.3,45.2,,
11.12.04,2:00:00,1.1,3.8,103,11.9,32.4,,
29.09.04,9:00:00,5.2,28.6,170,19.0,47.8,,
11.03.05,20:00:00,3.8,22.8,231,12.9,48.8,,
04.10.04,10:00:00,-200.0,21.0,-200,22.9,52.6,,
03.04.04,13:00:00,-200.0,10.6,-200,23.8,30.5,88.74589328,105.3176854
25.01.05,15:00:00,0.2,3.6,107,4.5,51.0,,
30.07.04,2:00:00,-200.0,5.6,69,23.5,51.3,,
14.08.04,3:00:00,0.4,1.7,-200,25.0,56.0,,
16.04.04,21:00:00,3.4,12.5,117,13.5,79.4,129.763134,166.9171358
08.04.04,19:00:00,6.3,29.1,171,18.0,32.9,130.62573989999999,161.34512030000002
06.06.04,14:00:00,0.5,2.7,45,27.0,28.0,,
30.10.04,20:00:00,4.0,17.7,109,20.8,65.8,,
16.05.04,0:00:00,2.3,10.5,95,18.1,40.9,115.8736885,65.39605253
22.02.05,8:00:00,3.8,16.7,295,4.1,82.7,,
26.07.04,16:00:00,-200.0,8.2,101,35.4,23.8,,
01.07.04,0:00:00,2.3,12.9,102,27.1,47.4,,
09.09.04,13:00:00,2.0,13.0,129,35.0,17.3,,
22.07.04,17:00:00,2.8,18.6,170,43.4,14.8,,
03.05.04,0:00:00,1.6,7.1,94,18.0,49.3,41.07839787,143.92930669999998
14.09.04,1:00:00,0.7,3.9,51,24.8,49.0,,
23.12.04,1:00:00,1.9,5.5,113,4.3,46.4,,
06.06.04,19:00:00,1.3,6.6,88,23.7,36.8,,
03.06.04,13:00:00,-200.0,12.1,-200,26.8,32.4,,
21.11.04,9:00:00,0.5,5.6,132,3.2,57.0,,
31.03.05,2:00:00,0.7,2.5,64,13.9,68.7,,
19.04.04,20:00:00,-200.0,6.7,-200,9.9,74.0,174.87694630000001,208.5780851
03.04.04,22:00:00,-200.0,14.3,-200,18.1,51.3,78.79568098,120.39280009999999
15.07.04,22:00:00,2.6,15.1,128,25.7,31.6,,
23.01.05,13:00:00,-200.0,9.2,191,7.9,41.6,,
03.12.04,13:00:00,3.1,15.7,139,16.8,70.3,,
08.12.04,20:00:00,3.5,14.0,127,14.6,72.1,,
02.01.05,16:00:00,2.8,10.5,167,13.4,43.1,,
14.04.04,3:00:00,0.4,1.9,-200,10.7,64.4,158.6421683,146.0454365
04.02.05,18:00:00,2.2,9.4,197,9.1,37.8,,
22.04.04,16:00:00,-200.0,19.1,-200,31.3,16.2,176.9206112,209.4942041
13.02.05,12:00:00,1.5,5.5,154,16.3,56.6,,
01.06.04,5:00:00,0.1,2.4,41,16.8,81.3,,
23.01.05,11:00:00,-200.0,7.3,178,5.8,43.4,,
14.07.04,12:00:00,1.9,12.6,106,35.1,15.0,,
21.03.04,22:00:00,1.9,8.0,105,17.0,51.7,42.27595628,59.0736764
27.07.04,10:00:00,-200.0,9.3,109,29.3,31.0,,
23.02.05,5:00:00,0.6,0.7,68,4.1,76.0,,
01.09.04,15:00:00,2.0,12.3,108,33.3,24.4,,
04.07.04,5:00:00,0.6,3.8,43,20.3,59.6,,
01.08.04,19:00:00,1.4,8.0,95,33.1,32.7,,
09.11.04,4:00:00,-200.0,1.4,-200,4.4,71.4,,
24.03.05,6:00:00,0.4,2.3,74,12.9,56.0,,
09.02.05,3:00:00,0.8,-200.0,-200,-200.0,-200.0,,
15.09.04,0:00:00,-200.0,4.2,-200,20.5,81.5,,
12.08.04,10:00:00,1.5,6.9,61,33.4,39.9,,
21.06.04,0:00:00,3.0,-200.0,99,-200.0,-200.0,,
28.05.04,1:00:00,-200.0,6.1,-200,17.8,44.9,,
09.11.04,7:00:00,-200.0,7.4,-200,3.7,76.2,,
30.10.04,19:00:00,4.9,25.3,116,21.2,67.4,,
20.08.04,16:00:00,-200.0,4.8,-200,36.8,30.5,,
19.03.05,12:00:00,2.2,8.9,164,15.8,51.3,,
28.11.04,20:00:00,4.5,16.5,127,10.4,74.6,,
04.02.05,6:00:00,0.7,3.9,122,1.8,74.5,,
14.09.04,10:00:00,-200.0,11.8,-200,29.0,45.5,,
02.06.04,8:00:00,-200.0,6.9,43,20.8,62.0,,
11.10.04,7:00:00,2.9,19.0,62,19.6,70.3,,
26.03.05,18:00:00,2.3,10.5,122,21.9,45.1,,
24.06.04,4:00:00,0.6,2.8,35,23.7,53.5,,
30.12.04,5:00:00,-200.0,1.1,-200,8.7,45.6,,
25.02.05,19:00:00,3.4,12.6,189,8.6,48.2,,
25.08.04,4:00:00,0.6,3.6,40,22.9,56.1,,
28.01.05,20:00:00,1.9,-200.0,155,-200.0,-200.0,,
28.03.05,9:00:00,1.3,4.9,101,16.4,67.3,,
12.06.04,9:00:00,1.9,13.1,92,24.0,36.6,,
17.03.04,5:00:00,0.5,1.6,40,11.8,58.0,33.31724676,52.3470406
14.01.05,20:00:00,5.8,25.7,188,8.3,75.0,,
22.06.04,4:00:00,0.2,1.2,40,19.8,50.3,,
07.10.04,14:00:00,-200.0,15.7,-200,26.9,41.8,,
25.05.04,9:00:00,2.1,15.3,91,19.2,20.0,,
17.01.05,21:00:00,3.0,13.4,172,6.0,53.3,,
03.04.04,3:00:00,0.9,3.8,-200,15.1,57.6,87.75662249999999,118.9673229
11.04.04,8:00:00,1.1,3.7,58,8.7,64.3,133.82859009999999,155.750402
26.05.04,19:00:00,-200.0,22.7,-200,26.7,19.5,,
27.12.04,9:00:00,2.3,10.0,138,12.5,63.2,,
03.04.04,11:00:00,-200.0,11.4,-200,20.7,41.7,83.1420887,104.59402390000001
23.10.04,10:00:00,2.8,15.7,92,21.6,61.4,,
04.07.04,7:00:00,0.6,4.2,42,23.0,54.6,,
19.07.04,19:00:00,-200.0,19.5,174,34.3,24.2,,
13.10.04,10:00:00,1.2,5.3,72,16.5,49.9,,
08.02.05,5:00:00,0.6,1.3,69,6.4,42.7,,
18.07.04,5:00:00,0.6,3.4,50,21.1,45.6,,
09.08.04,16:00:00,1.4,-200.0,76,-200.0,-200.0,,
27.02.05,2:00:00,3.3,5.3,145,4.6,64.4,,
02.03.05,23:00:00,1.4,5.0,153,5.0,39.6,,
10.04.04,7:00:00,1.7,8.2,72,11.0,71.0,146.9487304,167.72028280000004
07.10.04,15:00:00,-200.0,12.7,-200,27.2,40.7,,
02.06.04,4:00:00,-200.0,3.2,31,18.9,67.8,,
29.07.04,19:00:00,-200.0,13.9,122,32.0,24.9,,
18.12.04,4:00:00,1.0,4.2,86,11.8,76.3,,
19.08.04,5:00:00,0.5,2.4,12,27.5,53.0,,
29.08.04,23:00:00,-200.0,12.2,-200,25.1,51.5,,
03.08.04,14:00:00,-200.0,9.3,114,35.4,30.9,,
31.03.05,5:00:00,0.6,2.6,64,12.3,74.2,,
11.11.04,12:00:00,3.0,12.7,210,11.8,76.1,,
28.08.04,23:00:00,-200.0,9.3,-200,25.3,52.9,,
13.11.04,16:00:00,2.3,10.6,133,20.8,45.5,,
24.05.04,18:00:00,2.4,13.5,106,22.6,17.2,,
01.07.04,15:00:00,1.9,11.7,121,37.8,26.9,,
05.05.04,12:00:00,3.0,14.5,113,17.4,61.1,36.60206048,156.6009263
21.04.04,3:00:00,-200.0,3.0,-200,10.9,71.0,186.9089186,207.8426235
31.05.04,11:00:00,1.4,12.6,123,28.9,26.0,,
30.08.04,13:00:00,-200.0,9.3,-200,31.5,34.4,,
28.06.04,5:00:00,0.5,3.1,60,24.0,46.4,,
18.06.04,21:00:00,1.5,7.6,105,26.6,42.2,,
28.01.05,0:00:00,1.2,3.4,111,3.7,46.0,,
11.05.04,6:00:00,1.4,8.4,64,11.3,70.4,112.7750866,66.11278372
02.01.05,20:00:00,3.4,13.0,174,8.3,58.2,,
12.07.04,16:00:00,1.6,8.3,106,24.8,33.1,,
22.03.04,1:00:00,1.5,5.1,76,15.8,60.5,40.51824888,55.24926677
23.06.04,7:00:00,3.8,23.1,117,20.5,52.3,,
26.01.05,8:00:00,0.3,3.3,136,3.3,50.2,,
18.07.04,20:00:00,0.8,7.4,73,31.6,22.9,,
14.01.05,9:00:00,4.3,16.9,144,6.9,75.2,,
29.01.05,0:00:00,1.1,-200.0,105,-200.0,-200.0,,
28.04.04,22:00:00,1.4,8.6,96,19.6,49.8,178.74152709999998,218.5147165
26.04.04,14:00:00,1.3,5.4,77,19.7,32.5,170.00948019999998,208.14442549999998
16.03.05,10:00:00,4.3,16.0,202,15.9,42.2,,
01.01.05,21:00:00,2.3,8.1,137,6.2,59.6,,
31.10.04,18:00:00,6.6,30.3,106,21.7,66.6,,
27.02.05,19:00:00,1.6,4.9,155,6.0,42.0,,
06.10.04,5:00:00,-200.0,3.6,-200,18.3,68.5,,
28.02.05,14:00:00,1.0,2.9,110,3.7,35.0,,
30.08.04,0:00:00,-200.0,7.8,-200,24.1,55.3,,
01.03.05,13:00:00,0.8,2.6,94,3.1,31.0,,
23.03.04,15:00:00,1.9,10.1,99,14.1,49.8,81.45179379999999,108.9560558
25.12.04,14:00:00,4.0,13.2,176,12.2,61.1,,
11.03.05,10:00:00,3.0,19.3,211,11.1,38.4,,
28.11.04,16:00:00,2.7,8.6,117,13.3,63.3,,
16.01.05,18:00:00,1.2,3.4,132,8.4,40.9,,
26.03.05,19:00:00,2.2,10.9,119,19.7,51.8,,
02.05.04,5:00:00,0.6,2.6,37,14.7,65.2,37.19690534,153.2253246
30.03.04,16:00:00,1.6,6.2,81,18.1,30.6,81.09517066,101.1653952
14.12.04,15:00:00,3.3,20.6,188,16.7,47.3,,
26.05.04,21:00:00,-200.0,13.1,-200,22.8,28.4,,
17.11.04,3:00:00,0.8,1.9,-200,7.9,55.4,,
28.06.04,21:00:00,1.8,11.1,92,29.7,33.9,,
28.06.04,23:00:00,2.0,11.7,96,27.8,38.7,,
11.11.04,9:00:00,6.8,32.3,211,9.9,83.4,,
28.06.04,15:00:00,2.0,13.1,129,40.4,20.0,,
22.09.04,11:00:00,3.3,18.3,180,29.1,36.7,,
08.08.04,11:00:00,1.3,4.8,64,27.6,52.4,,
16.03.04,9:00:00,3.7,19.7,95,13.6,56.3,22.2234326,59.57446284
22.11.04,9:00:00,3.1,50.7,215,5.4,55.1,,
14.05.04,1:00:00,2.1,11.1,104,16.8,57.5,120.19664250000001,61.84310888
06.10.04,12:00:00,-200.0,16.5,-200,26.8,44.6,,
31.01.05,22:00:00,2.1,7.1,208,5.4,43.5,,
20.05.04,4:00:00,-200.0,1.6,26,19.6,47.7,130.64968000000002,70.71182761
09.11.04,3:00:00,-200.0,1.9,-200,5.1,68.7,,
12.07.04,14:00:00,1.6,7.4,80,24.2,36.9,,
26.02.05,3:00:00,2.1,6.7,-200,2.8,74.0,,
27.05.04,13:00:00,-200.0,12.1,-200,27.5,20.9,,
15.01.05,3:00:00,1.6,5.1,-200,3.3,82.6,,
13.08.04,14:00:00,0.7,3.3,56,33.6,28.8,,
12.10.04,18:00:00,-200.0,12.1,-200,16.5,56.2,,
04.10.04,13:00:00,-200.0,18.2,-200,26.0,44.5,,
18.02.05,11:00:00,1.4,5.3,163,11.2,36.2,,
09.11.04,22:00:00,1.5,5.3,-200,7.3,85.7,,
05.07.04,14:00:00,1.8,10.4,123,39.5,15.6,,
22.05.04,10:00:00,2.1,11.0,96,23.7,40.0,116.0774399,62.62549076
08.10.04,20:00:00,2.9,18.6,98,24.9,50.9,,
23.10.04,22:00:00,2.6,14.6,89,20.3,70.5,,
09.02.05,14:00:00,2.3,-200.0,152,-200.0,-200.0,,
22.07.04,9:00:00,-200.0,17.5,158,28.1,42.0,,
16.05.04,12:00:00,1.4,7.7,82,29.5,19.8,113.28740379999999,61.44995133
15.08.04,9:00:00,1.1,6.0,59,26.3,50.1,,
02.09.04,3:00:00,0.6,3.1,-200,22.7,51.3,,
29.10.04,12:00:00,4.2,24.9,116,20.2,86.5,,
06.01.05,1:00:00,1.7,5.4,116,12.3,64.6,,
25.07.04,17:00:00,0.8,3.0,51,30.0,41.3,,
08.06.04,7:00:00,3.3,19.4,100,19.5,57.7,,
14.03.05,0:00:00,0.4,3.8,134,13.2,55.9,,
05.01.05,20:00:00,3.3,14.9,147,13.5,64.7,,
13.08.04,3:00:00,0.4,1.5,-200,26.0,62.7,,
25.11.04,10:00:00,4.6,20.1,190,10.0,63.4,,
21.03.04,12:00:00,1.8,7.6,82,19.4,46.1,31.04355817,54.53380494
03.07.04,11:00:00,1.3,8.8,97,33.9,21.3,,
16.11.04,2:00:00,0.8,2.2,73,11.0,42.6,,
29.05.04,1:00:00,1.1,6.8,103,18.5,48.7,,
29.07.04,4:00:00,-200.0,1.9,33,23.9,34.4,,
27.08.04,21:00:00,1.8,-200.0,112,-200.0,-200.0,,
17.12.04,2:00:00,4.2,-200.0,144,-200.0,-200.0,,
23.03.05,20:00:00,7.2,32.0,230,19.5,35.6,,
04.06.04,0:00:00,-200.0,8.5,-200,20.6,49.2,,
18.04.04,1:00:00,-200.0,6.3,-200,16.0,56.2,184.93120349999998,219.4723067
08.12.04,0:00:00,1.7,7.0,84,15.0,59.3,,
02.03.05,8:00:00,2.4,11.0,150,-1.9,51.4,,
25.07.04,2:00:00,0.7,3.6,52,24.7,56.9,,
14.03.05,19:00:00,6.5,29.1,234,16.7,43.4,,
12.02.05,6:00:00,1.4,7.3,156,4.6,67.6,,
14.12.04,9:00:00,4.4,27.2,139,7.6,70.6,,
18.05.04,13:00:00,2.9,17.0,126,30.9,19.1,123.6694999,65.84456351
14.10.04,22:00:00,-200.0,4.8,-200,16.6,77.3,,
03.03.05,8:00:00,3.0,15.6,175,3.8,72.4,,
19.09.04,23:00:00,1.8,8.7,100,22.7,53.6,,
27.09.04,22:00:00,1.5,8.4,105,17.4,42.8,,
01.02.05,18:00:00,3.5,14.4,173,10.8,40.3,,
01.05.04,18:00:00,2.4,11.0,104,22.3,38.9,34.35372879999999,162.7476342
29.06.04,2:00:00,0.4,3.9,46,27.3,41.6,,
19.12.04,0:00:00,3.6,15.6,164,7.9,39.0,,
01.06.04,19:00:00,4.8,27.9,101,21.5,65.8,,
11.03.04,5:00:00,0.7,1.1,28,11.0,56.2,41.55600608,52.41640396
24.01.05,11:00:00,0.6,5.4,151,10.0,40.6,,
23.04.04,12:00:00,3.3,20.1,142,29.7,20.6,177.7638454,201.97184950000002
30.12.04,14:00:00,-200.0,4.3,-200,11.4,32.8,,
21.11.04,17:00:00,2.1,12.7,172,13.1,25.4,,
17.12.04,12:00:00,3.6,-200.0,213,-200.0,-200.0,,
02.09.04,7:00:00,2.9,20.0,27,21.6,57.2,,
13.12.04,16:00:00,4.5,30.1,198,16.0,38.6,,
13.01.05,16:00:00,2.7,15.8,137,13.5,57.8,,
13.02.05,21:00:00,1.0,3.7,116,13.7,42.9,,
07.03.05,5:00:00,0.4,0.6,45,4.5,63.1,,
03.02.05,18:00:00,6.7,32.4,212,12.2,44.8,,
05.06.04,5:00:00,0.7,4.9,71,19.3,57.3,,
25.07.04,15:00:00,0.8,3.1,52,31.5,34.5,,
16.06.04,17:00:00,2.6,13.1,107,33.2,23.7,,
03.08.04,15:00:00,-200.0,9.3,109,36.5,28.7,,
09.08.04,5:00:00,0.7,3.7,46,23.2,68.0,,
26.03.05,6:00:00,0.1,4.9,83,16.1,70.0,,
20.03.04,6:00:00,0.8,2.5,67,13.6,59.0,44.61755343,57.71682597
12.01.05,20:00:00,5.6,27.5,166,13.1,62.9,,
19.07.04,14:00:00,-200.0,10.1,123,40.5,14.9,,
04.10.04,14:00:00,-200.0,14.2,-200,27.1,40.2,,
05.05.04,19:00:00,1.6,8.5,67,17.5,63.9,50.031656,175.51227839999999
01.10.04,13:00:00,4.1,22.3,132,23.9,54.4,,
07.07.04,3:00:00,0.5,3.0,-200,24.8,36.0,,
17.02.05,4:00:00,0.6,1.7,64,5.7,46.6,,
19.03.04,16:00:00,4.0,19.4,147,16.1,50.2,43.25901953,56.94653907
03.10.04,16:00:00,-200.0,6.2,-200,26.9,44.4,,
18.04.04,8:00:00,-200.0,2.9,-200,14.5,72.9,172.2157425,210.50439849999998
20.07.04,12:00:00,-200.0,13.0,139,38.9,18.0,,
10.01.05,18:00:00,2.0,17.1,134,14.0,66.4,,
24.01.05,2:00:00,0.1,7.6,136,4.0,80.4,,
27.07.04,9:00:00,-200.0,9.1,104,26.2,38.5,,
06.08.04,13:00:00,2.1,10.5,110,35.6,29.8,,
28.01.05,7:00:00,0.7,1.7,92,4.1,47.4,,
12.03.04,3:00:00,0.8,1.9,-200,7.0,62.3,21.1872315,57.88251092
25.06.04,16:00:00,2.1,11.7,111,36.2,18.6,,
01.04.05,21:00:00,0.9,1.9,110,13.1,31.7,,
25.08.04,13:00:00,1.6,7.9,76,33.9,34.1,,
22.06.04,14:00:00,2.1,13.0,126,30.8,26.7,,
12.12.04,4:00:00,2.1,9.8,102,5.4,64.1,,
21.12.04,4:00:00,0.2,0.5,39,5.3,38.8,,
10.11.04,15:00:00,2.1,9.8,98,11.4,59.1,,
03.03.05,15:00:00,1.5,5.4,151,6.0,70.1,,
20.02.05,20:00:00,1.5,4.6,149,7.4,59.3,,
31.05.04,7:00:00,1.6,14.2,83,17.4,50.9,,
13.11.04,14:00:00,3.3,12.1,133,21.5,43.1,,
16.09.04,5:00:00,0.9,6.6,50,19.4,75.4,,
19.01.05,4:00:00,-200.0,1.1,73,4.8,75.7,,
06.02.05,10:00:00,1.3,4.3,137,4.1,42.9,,
27.04.04,22:00:00,1.8,8.8,100,18.9,40.6,174.3799376,212.9532139
21.02.05,17:00:00,2.2,10.0,194,7.3,70.0,,
25.03.05,5:00:00,0.8,3.3,87,13.7,82.0,,
10.04.04,23:00:00,2.5,9.7,117,11.8,56.6,136.4961603,149.50280180000001
07.04.04,17:00:00,2.3,12.7,96,18.0,37.1,141.0860669,155.0073177
30.04.04,17:00:00,4.5,19.2,110,21.0,54.3,48.56909942,171.2190118
09.04.04,17:00:00,2.5,-200.0,117,-200.0,-200.0,139.60023669999998,147.6858906
01.04.04,11:00:00,1.6,6.8,88,19.7,38.4,74.17858089,114.0223378
05.10.04,9:00:00,-200.0,21.6,-200,20.6,58.5,,
28.05.04,19:00:00,1.8,11.4,103,22.1,44.1,,
10.11.04,0:00:00,0.8,2.5,-200,6.5,83.5,,
21.08.04,16:00:00,-200.0,3.5,-200,28.1,34.2,,
04.12.04,22:00:00,2.0,6.9,109,14.0,75.9,,
08.12.04,15:00:00,1.2,4.6,82,16.7,54.7,,
24.11.04,0:00:00,3.9,18.6,135,10.1,83.5,,
21.10.04,7:00:00,2.7,16.6,83,21.9,64.8,,
06.02.05,14:00:00,1.0,2.1,100,10.6,26.0,,
24.03.05,16:00:00,2.3,11.0,142,22.9,35.2,,
27.10.04,19:00:00,2.6,16.6,101,19.3,67.5,,
07.02.05,21:00:00,1.6,4.5,154,7.1,39.6,,
03.04.04,15:00:00,-200.0,11.9,-200,25.0,27.5,76.05075058,101.5424373
07.11.04,21:00:00,2.3,11.4,127,13.4,48.4,,
18.02.05,14:00:00,1.6,6.6,146,10.9,32.6,,
12.09.04,3:00:00,-200.0,4.9,-200,22.4,53.6,,
25.01.05,13:00:00,0.3,3.6,114,5.2,44.5,,
08.03.05,18:00:00,3.1,16.5,204,13.2,23.9,,
23.07.04,10:00:00,2.4,15.5,133,34.2,28.5,,
16.03.05,7:00:00,1.0,3.6,99,7.6,69.2,,
11.06.04,2:00:00,0.6,3.5,65,24.8,37.8,,
03.02.05,4:00:00,-200.0,2.6,96,2.0,60.8,,
23.01.05,4:00:00,-200.0,5.5,139,4.2,50.8,,
10.05.04,21:00:00,2.1,12.4,109,16.8,53.6,116.3374937,65.23567737
07.07.04,12:00:00,2.0,13.1,149,40.4,14.5,,
02.01.05,17:00:00,2.6,8.9,164,9.9,53.3,,
24.10.04,13:00:00,1.1,5.9,52,25.3,46.7,,
06.10.04,22:00:00,-200.0,11.0,-200,22.7,55.8,,
08.09.04,6:00:00,-200.0,-200.0,-200,-200.0,-200.0,,
17.09.04,23:00:00,1.3,6.3,94,22.1,42.8,,
22.10.04,6:00:00,1.0,6.5,55,19.8,69.2,,
09.05.04,9:00:00,-200.0,4.8,-200,17.9,44.8,129.3749035,69.98909526
30.06.04,15:00:00,1.9,10.4,143,38.5,22.4,,
19.07.04,13:00:00,-200.0,10.8,131,39.2,16.4,,
06.10.04,13:00:00,-200.0,18.3,-200,26.0,46.4,,
11.03.04,8:00:00,2.0,8.0,112,10.8,57.4,46.54165554,57.58190244
25.04.04,23:00:00,2.1,7.0,79,14.5,42.0,178.41401580000002,217.9733538
02.06.04,0:00:00,0.8,9.2,57,19.5,68.0,,
20.11.04,1:00:00,2.7,4.0,126,12.0,14.5,,
08.10.04,13:00:00,3.6,21.2,100,27.7,39.2,,
07.11.04,19:00:00,3.1,10.5,140,14.4,39.2,,
30.09.04,14:00:00,2.2,15.1,113,25.6,43.4,,
04.01.05,22:00:00,2.4,-200.0,150,-200.0,-200.0,,
20.10.04,4:00:00,-200.0,8.8,-200,18.7,73.4,,
06.02.05,1:00:00,1.4,4.9,176,3.7,40.1,,
03.05.04,12:00:00,1.9,11.0,96,26.8,25.2,49.95759024,149.39442140000003
05.11.04,13:00:00,3.6,22.1,114,21.7,53.1,,
07.01.05,15:00:00,3.3,14.8,168,12.6,57.7,,
01.09.04,13:00:00,2.0,11.3,80,31.3,29.1,,
23.09.04,0:00:00,1.6,8.0,87,22.2,64.9,,
29.12.04,18:00:00,-200.0,9.0,-200,11.3,44.1,,
20.08.04,2:00:00,-200.0,4.2,-200,27.4,53.5,,
22.12.04,0:00:00,1.5,6.6,133,5.8,42.5,,
19.06.04,19:00:00,1.6,-200.0,77,-200.0,-200.0,,
29.03.05,17:00:00,3.3,16.7,155,18.3,53.9,,
30.08.04,10:00:00,-200.0,13.7,-200,27.8,45.4,,
31.01.05,9:00:00,-200.0,14.0,-200,4.4,38.8,,
21.04.04,1:00:00,-200.0,5.8,-200,12.2,67.7,185.6625972,205.1176356
20.03.04,2:00:00,1.3,4.1,81,13.9,55.6,23.2403391,56.68859797
25.05.04,19:00:00,-200.0,-200.0,-200,-200.0,-200.0,,
01.09.04,2:00:00,0.7,3.3,61,22.8,58.5,,
28.03.05,23:00:00,1.7,6.0,114,14.5,68.9,,
10.02.05,7:00:00,1.9,-200.0,156,-200.0,-200.0,,
26.01.05,3:00:00,-200.0,0.3,-200,3.0,57.7,,
31.05.04,22:00:00,0.4,5.3,58,17.6,81.6,,
28.09.04,0:00:00,1.0,4.9,85,17.1,46.8,,
22.07.04,14:00:00,1.5,11.1,113,42.8,14.3,,
15.10.04,5:00:00,-200.0,3.5,-200,14.8,81.9,,
07.03.05,4:00:00,0.4,0.5,34,5.2,57.2,,
05.01.05,3:00:00,2.0,8.5,-200,8.1,72.1,,
20.06.04,22:00:00,2.3,-200.0,91,-200.0,-200.0,,
17.09.04,7:00:00,2.4,14.6,99,20.2,55.6,,
12.01.05,23:00:00,2.5,11.1,133,10.0,73.2,,
23.02.05,2:00:00,0.8,1.8,87,3.9,78.7,,
13.01.05,10:00:00,3.9,15.7,158,9.7,70.1,,
13.03.05,15:00:00,0.1,3.3,82,19.9,36.6,,
07.04.04,4:00:00,0.3,0.7,19,15.7,45.4,151.0527845,154.8477917
30.03.04,14:00:00,2.2,10.4,97,20.9,21.7,82.96566824,101.5002268
28.10.04,10:00:00,3.4,20.6,116,18.6,66.3,,
27.01.05,16:00:00,1.5,4.7,139,7.0,33.5,,
10.02.05,2:00:00,1.6,-200.0,95,-200.0,-200.0,,
20.05.04,3:00:00,0.3,1.7,-200,19.8,46.2,120.3414006,64.81489461
02.04.05,11:00:00,0.8,2.7,95,17.0,26.1,,
21.11.04,15:00:00,0.3,5.0,106,15.2,18.7,,
19.01.05,22:00:00,1.1,2.4,95,8.8,52.1,,
24.08.04,17:00:00,1.7,8.7,90,36.9,20.9,,
15.08.04,18:00:00,0.8,3.4,60,33.8,21.9,,
06.02.05,4:00:00,-200.0,2.6,108,0.8,53.8,,
01.02.05,20:00:00,4.0,14.8,186,8.3,39.5,,
11.03.04,14:00:00,2.9,11.5,128,8.0,81.1,42.90079247,59.08102129
18.10.04,3:00:00,-200.0,1.6,-200,13.8,67.6,,
12.12.04,8:00:00,1.9,6.9,111,4.0,69.0,,
28.12.04,5:00:00,-200.0,0.9,-200,10.7,62.5,,
06.12.04,2:00:00,1.1,3.1,71,13.3,65.3,,
16.06.04,20:00:00,3.5,17.2,139,26.5,35.0,,
19.12.04,15:00:00,3.4,14.0,148,4.8,81.4,,
08.09.04,19:00:00,4.7,24.1,176,29.9,22.3,,
04.11.04,0:00:00,1.8,9.9,66,18.7,69.0,,
18.07.04,3:00:00,0.8,3.8,-200,24.7,36.4,,
18.10.04,8:00:00,-200.0,26.8,-200,14.4,65.8,,
07.01.05,12:00:00,2.6,10.6,149,11.3,58.1,,
28.04.04,15:00:00,3.5,20.8,145,28.4,23.4,170.6827727,205.1467426
29.10.04,0:00:00,1.0,4.3,65,19.9,64.9,,
04.04.04,12:00:00,-200.0,8.6,-200,25.1,33.8,72.79298985,100.79986140000001
02.11.04,11:00:00,5.8,32.9,151,22.1,56.6,,
25.05.04,14:00:00,2.4,18.5,138,32.6,9.3,,
04.06.04,22:00:00,2.0,10.0,-200,22.4,41.0,,
16.05.04,16:00:00,1.4,9.2,85,31.2,24.6,111.6167057,70.73538306
18.07.04,21:00:00,1.2,9.0,99,29.7,24.8,,
08.10.04,6:00:00,1.7,10.8,50,18.2,70.0,,
03.04.05,0:00:00,0.8,2.5,102,13.5,37.4,,
15.05.04,12:00:00,1.7,9.4,94,25.6,23.5,116.27408340000001,69.7247187
22.03.05,9:00:00,4.7,27.8,151,14.1,58.9,,
03.05.04,2:00:00,0.6,2.2,39,16.4,62.1,31.07411658,128.2750878
21.11.04,23:00:00,1.0,7.0,186,5.3,50.5,,
04.12.04,1:00:00,3.2,12.8,99,12.8,77.9,,
27.03.05,19:00:00,1.8,5.7,121,13.9,83.6,,
19.01.05,7:00:00,0.1,2.5,89,5.6,69.5,,
12.08.04,18:00:00,1.5,8.1,79,35.2,31.2,,
27.07.04,8:00:00,-200.0,9.6,102,24.6,45.1,,
23.05.04,10:00:00,0.8,4.1,66,23.6,34.0,116.54704380000001,60.50177309
15.02.05,1:00:00,0.8,2.2,76,8.5,30.4,,
13.02.05,11:00:00,3.3,11.2,188,14.1,67.9,,
03.03.05,18:00:00,3.8,16.7,197,5.6,80.4,,
04.03.05,20:00:00,4.6,18.5,225,8.4,54.7,,
26.06.04,8:00:00,2.2,12.4,109,21.9,39.4,,
15.12.04,6:00:00,1.0,-200.0,82,-200.0,-200.0,,
04.02.05,20:00:00,2.6,11.3,207,7.7,41.9,,
27.10.04,1:00:00,1.2,5.7,67,17.4,81.3,,
24.03.05,9:00:00,3.4,15.0,115,16.1,46.4,,
07.02.05,4:00:00,0.6,0.8,65,3.8,41.0,,
18.03.04,4:00:00,-200.0,2.9,78,11.6,61.9,46.12875628,55.21967211
25.07.04,8:00:00,0.5,1.6,37,24.5,56.9,,
18.08.04,1:00:00,-200.0,6.0,-200,25.1,40.1,,
23.06.04,3:00:00,0.3,2.4,-200,21.7,47.3,,
27.12.04,3:00:00,0.6,1.5,-200,11.5,67.4,,
27.10.04,7:00:00,3.4,20.6,101,18.0,75.7,,
25.03.05,0:00:00,2.0,9.3,135,16.2,66.3,,
10.09.04,0:00:00,1.2,7.3,96,25.2,38.1,,
20.08.04,18:00:00,-200.0,5.6,-200,33.0,38.1,,
12.09.04,1:00:00,-200.0,8.0,-200,23.6,50.4,,
27.04.04,19:00:00,3.9,21.6,131,23.7,30.2,189.4136555,207.5988875
19.09.04,0:00:00,2.2,10.5,104,21.3,50.5,,
01.03.05,10:00:00,1.4,3.6,122,2.8,30.3,,
28.02.05,22:00:00,0.9,1.9,90,1.1,35.4,,
26.02.05,0:00:00,2.8,8.8,161,4.7,69.0,,
10.03.04,22:00:00,1.6,6.5,116,11.2,59.6,26.90851606,56.55333344
08.05.04,1:00:00,2.2,5.6,80,13.6,59.7,123.62835449999999,64.33116261
26.12.04,10:00:00,1.1,3.1,118,10.6,82.1,,
09.11.04,12:00:00,-200.0,10.6,-200,11.3,46.5,,
04.07.04,15:00:00,0.5,4.1,47,39.3,14.5,,
17.02.05,20:00:00,3.3,12.9,200,7.4,47.2,,
10.06.04,3:00:00,0.6,4.0,-200,20.7,56.1,,
23.08.04,1:00:00,-200.0,4.4,-200,23.4,46.3,,
31.01.05,4:00:00,0.4,0.4,37,3.7,37.7,,
10.02.05,10:00:00,4.3,-200.0,250,-200.0,-200.0,,
19.03.04,3:00:00,0.7,2.5,-200,12.5,67.5,44.34790391,59.18146442
13.03.04,8:00:00,2.7,11.8,96,6.5,71.6,25.71633795,55.23135778
20.03.04,0:00:00,1.7,5.8,92,13.8,57.9,29.67584376,53.244045799999995
07.03.05,12:00:00,1.3,4.4,155,10.6,25.3,,
11.11.04,18:00:00,3.9,16.5,187,11.6,76.0,,
21.04.04,6:00:00,-200.0,8.7,-200,10.2,70.9,189.1627054,202.56402580000002
03.01.05,2:00:00,3.0,-200.0,143,-200.0,-200.0,,
02.10.04,11:00:00,-200.0,12.1,-200,25.2,48.9,,
25.01.05,3:00:00,-200.0,0.3,-200,4.5,52.0,,
15.11.04,17:00:00,2.6,11.5,164,13.5,27.9,,
18.03.05,6:00:00,0.8,3.3,106,7.2,68.6,,
14.04.04,2:00:00,0.7,2.7,60,11.1,63.2,127.934395,162.81092230000002
19.03.04,7:00:00,1.5,6.7,99,12.4,64.9,34.09930986,60.26767363
01.06.04,17:00:00,3.6,22.0,109,23.7,50.5,,
15.12.04,10:00:00,4.9,-200.0,167,-200.0,-200.0,,
16.06.04,2:00:00,0.8,4.0,51,21.3,58.1,,
17.11.04,16:00:00,4.1,21.0,171,17.3,33.9,,
22.12.04,10:00:00,2.3,8.7,161,7.8,42.0,,
11.03.05,2:00:00,1.0,3.2,111,5.7,49.4,,
13.10.04,13:00:00,-200.0,7.3,-200,17.9,46.5,,
13.03.05,3:00:00,-200.0,2.0,69,12.7,51.8,,
22.03.04,12:00:00,1.9,9.6,90,21.0,29.6,24.01434129,56.54209864
14.10.04,5:00:00,-200.0,1.2,-200,14.9,56.8,,
26.12.04,17:00:00,2.1,6.9,129,13.6,68.9,,
12.12.04,10:00:00,2.7,9.9,130,9.4,48.7,,
30.06.04,9:00:00,2.9,17.0,157,30.8,37.1,,
04.08.04,13:00:00,-200.0,8.7,-200,37.9,25.7,,
07.04.04,19:00:00,3.1,14.5,129,11.3,71.3,128.9410159,143.27058780000002
05.02.05,10:00:00,1.3,4.9,200,7.5,39.2,,
14.06.04,2:00:00,0.3,0.7,16,19.5,46.3,,
11.03.04,4:00:00,-200.0,1.3,34,10.1,60.5,44.02220557,53.27735474
05.01.05,13:00:00,5.9,25.2,206,13.4,62.4,,
24.02.05,15:00:00,2.2,10.7,212,8.5,66.3,,
26.07.04,23:00:00,-200.0,8.0,97,27.7,37.9,,
16.03.05,9:00:00,4.2,25.2,161,11.7,54.3,,
22.07.04,21:00:00,2.5,15.0,112,32.2,30.4,,
30.10.04,0:00:00,2.4,9.9,108,17.3,79.9,,
11.03.04,9:00:00,2.2,9.5,101,10.5,60.6,36.87621795,57.16344296
28.08.04,22:00:00,-200.0,8.4,-200,26.0,47.6,,
14.07.04,18:00:00,4.0,22.9,172,35.8,13.7,,
18.08.04,4:00:00,-200.0,4.1,-200,22.5,46.7,,
25.08.04,3:00:00,0.5,2.0,-200,24.5,50.9,,
23.04.04,13:00:00,3.0,18.9,136,29.2,21.5,180.44082450000002,208.1773451
15.04.04,8:00:00,-200.0,22.1,-200,11.6,58.7,127.897093,148.54615619999998
05.07.04,5:00:00,0.4,2.4,43,21.6,45.7,,
09.02.05,10:00:00,3.3,-200.0,203,-200.0,-200.0,,
24.10.04,10:00:00,2.1,9.7,84,21.4,61.7,,
28.04.04,11:00:00,2.8,16.8,139,26.7,28.7,176.0079274,220.01250359999997
16.09.04,18:00:00,3.5,18.8,113,23.0,49.3,,
29.08.04,18:00:00,-200.0,8.8,-200,33.6,25.7,,
23.04.04,22:00:00,2.2,13.0,108,19.2,44.9,185.19377319999998,205.4379658
29.07.04,0:00:00,-200.0,9.0,88,25.4,30.1,,
02.04.05,0:00:00,1.5,5.8,174,13.1,32.0,,
30.03.05,10:00:00,2.7,12.1,158,18.6,49.5,,
26.02.05,15:00:00,2.6,2.9,108,9.7,45.1,,
07.11.04,14:00:00,0.9,3.9,26,17.5,33.7,,
08.09.04,13:00:00,-200.0,-200.0,-200,-200.0,-200.0,,
15.09.04,18:00:00,6.1,28.6,170,26.5,50.8,,
18.12.04,14:00:00,0.8,3.3,68,14.3,18.4,,
11.07.04,11:00:00,0.6,3.9,54,29.0,28.3,,
12.07.04,9:00:00,1.7,8.5,104,21.7,46.3,,
21.12.04,0:00:00,1.1,3.6,104,7.1,33.7,,
25.02.05,1:00:00,2.1,7.1,189,5.2,83.9,,
28.03.05,2:00:00,1.0,2.8,92,14.1,79.1,,
22.12.04,9:00:00,3.2,12.5,174,4.8,53.1,,
25.02.05,2:00:00,1.5,5.2,157,5.1,83.5,,
13.01.05,1:00:00,2.5,10.2,120,8.5,76.9,,
30.10.04,1:00:00,1.8,6.9,94,16.9,80.6,,
10.11.04,16:00:00,2.4,11.3,105,11.1,58.6,,
18.01.05,14:00:00,5.2,28.0,240,5.5,69.3,,
20.02.05,21:00:00,1.4,3.8,140,7.7,56.9,,
01.06.04,2:00:00,-200.0,2.0,26,18.0,76.4,,
18.05.04,3:00:00,0.2,1.2,-200,21.2,32.9,126.9346676,65.05597902
16.06.04,1:00:00,1.4,6.9,81,20.9,59.8,,
18.01.05,5:00:00,0.8,2.5,87,3.1,59.7,,
10.03.05,6:00:00,0.9,3.5,101,5.3,73.2,,
07.07.04,1:00:00,1.6,9.2,95,26.3,33.7,,
30.04.04,11:00:00,2.6,12.9,109,16.0,78.5,45.33910805,145.1735994
07.09.04,13:00:00,2.2,10.7,-200,31.7,20.5,,
18.03.05,18:00:00,4.1,20.1,225,22.1,25.6,,
13.03.04,0:00:00,2.7,9.6,113,9.5,64.1,39.51372853,58.13402924
30.11.04,0:00:00,1.2,3.6,67,15.6,66.6,,
09.05.04,17:00:00,-200.0,5.4,-200,17.8,44.4,127.1777558,63.81314248
18.11.04,22:00:00,3.1,11.7,160,15.9,59.0,,
26.08.04,9:00:00,1.7,-200.0,87,-200.0,-200.0,,
09.07.04,21:00:00,1.7,10.2,112,24.8,36.8,,
24.08.04,23:00:00,1.8,7.8,83,26.9,49.6,,
21.03.04,9:00:00,1.4,5.4,89,15.3,62.1,41.23024979,57.78123888
08.02.05,0:00:00,0.9,2.1,90,6.9,39.6,,
09.12.04,11:00:00,1.4,5.4,101,14.7,52.5,,
12.03.05,3:00:00,0.3,4.5,134,10.2,57.9,,
23.02.05,22:00:00,2.6,9.6,226,4.3,78.9,,
24.12.04,9:00:00,6.1,20.4,165,6.1,60.5,,
01.04.04,3:00:00,0.9,4.0,-200,9.0,73.1,80.12933004,101.9140455
25.08.04,10:00:00,2.2,12.1,93,30.2,43.2,,
27.10.04,15:00:00,2.8,14.5,113,19.6,69.7,,
17.04.04,20:00:00,-200.0,8.2,-200,16.5,52.8,189.2479595,220.4362742
23.08.04,8:00:00,-200.0,14.9,-200,21.7,49.1,,
10.08.04,8:00:00,2.9,18.7,62,26.0,55.8,,
15.03.05,23:00:00,1.5,6.1,149,13.2,51.6,,
14.03.04,10:00:00,2.2,8.6,98,14.5,53.1,20.49493002,51.59962272
09.07.04,5:00:00,0.6,3.9,61,26.6,42.8,,
11.02.05,5:00:00,1.5,-200.0,87,-200.0,-200.0,,
21.05.04,9:00:00,3.4,20.2,139,20.7,40.0,116.25075249999999,64.17081906
18.04.04,0:00:00,-200.0,6.9,-200,16.3,57.2,188.6558785,206.6603622
05.09.04,9:00:00,0.8,2.8,-200,29.9,29.6,,
25.01.05,12:00:00,0.3,3.9,126,5.7,44.1,,
01.08.04,18:00:00,1.2,6.4,100,36.6,24.6,,
27.10.04,5:00:00,0.7,5.1,56,16.8,81.3,,
19.08.04,12:00:00,1.2,6.3,44,36.2,30.6,,
06.08.04,22:00:00,1.5,8.8,77,25.1,59.9,,
15.07.04,4:00:00,-200.0,2.5,37,21.6,44.0,,
27.08.04,22:00:00,1.7,-200.0,99,-200.0,-200.0,,
29.09.04,14:00:00,2.4,13.5,129,26.4,28.5,,
16.03.05,4:00:00,0.6,1.7,97,9.0,65.4,,
20.02.05,1:00:00,1.7,6.1,169,8.5,45.8,,
13.03.04,10:00:00,3.2,12.9,126,12.4,51.2,21.145551100000002,55.53017702
04.05.04,8:00:00,4.3,22.3,113,16.1,79.2,59.26348289,175.0482629
29.05.04,13:00:00,0.7,4.8,64,22.8,31.4,,
18.04.04,17:00:00,-200.0,7.7,-200,17.5,54.6,170.8983329,213.8802414
30.08.04,19:00:00,-200.0,11.3,-200,28.4,38.4,,
20.11.04,9:00:00,2.8,15.3,214,7.2,43.2,,
14.01.05,5:00:00,1.6,6.9,98,4.3,82.9,,
21.02.05,6:00:00,0.6,2.1,63,3.3,84.3,,
13.07.04,19:00:00,4.9,27.1,173,28.9,24.1,,
14.12.04,0:00:00,1.9,7.4,107,8.6,70.5,,
06.10.04,4:00:00,-200.0,2.8,-200,20.0,62.9,,
25.10.04,3:00:00,0.7,4.1,-200,15.4,79.0,,
17.03.04,22:00:00,2.8,15.0,136,17.2,44.1,38.68268679,56.505111600000006
11.03.04,12:00:00,1.6,5.2,95,9.5,66.8,43.69074933,60.70693806
26.03.05,8:00:00,1.7,9.0,93,16.5,68.1,,
24.07.04,0:00:00,2.4,15.2,99,27.8,39.9,,
29.09.04,21:00:00,1.9,12.3,133,21.1,44.8,,
26.03.05,15:00:00,1.3,7.9,94,23.1,41.2,,
17.10.04,15:00:00,-200.0,4.7,-200,22.1,35.2,,
31.07.04,14:00:00,1.6,7.4,114,38.1,22.0,,
28.02.05,3:00:00,0.4,0.6,-200,3.9,48.1,,
26.01.05,7:00:00,-200.0,0.9,71,3.6,49.0,,
18.06.04,4:00:00,0.3,1.8,32,22.8,48.1,,
24.11.04,19:00:00,6.8,33.3,166,10.2,80.4,,
22.08.04,23:00:00,-200.0,5.5,-200,24.7,41.6,,
05.02.05,12:00:00,1.0,3.4,128,9.2,34.5,,
31.10.04,11:00:00,2.4,11.0,77,23.0,64.6,,
23.05.04,3:00:00,1.9,12.6,-200,18.1,61.6,117.0488906,62.60552439999999
25.11.04,20:00:00,2.6,14.5,122,11.5,57.3,,
21.04.04,13:00:00,-200.0,10.5,-200,25.8,26.1,178.52040730000002,220.7999461
22.04.04,18:00:00,-200.0,28.3,-200,25.8,24.3,187.62984840000001,202.5432043
16.11.04,17:00:00,3.5,16.3,188,16.7,25.9,,
01.09.04,11:00:00,1.9,11.2,122,30.0,31.6,,
14.04.04,0:00:00,1.1,4.9,74,11.5,61.4,158.67156819999997,170.2603026
11.12.04,1:00:00,1.6,4.4,121,12.5,24.0,,
10.02.05,17:00:00,2.6,-200.0,149,-200.0,-200.0,,
04.04.04,5:00:00,-200.0,3.0,-200,13.7,66.5,74.77175768,106.8297122
14.07.04,9:00:00,3.7,19.8,156,24.0,36.4,,
12.05.04,0:00:00,1.7,8.7,88,16.9,58.8,111.0462886,69.89538194
12.03.05,10:00:00,0.6,6.2,130,15.0,48.6,,
13.02.05,7:00:00,2.6,10.7,145,8.1,85.0,,
12.03.05,12:00:00,0.6,5.6,145,15.1,48.6,,
07.01.05,23:00:00,3.3,11.6,132,5.8,81.3,,
03.07.04,23:00:00,1.9,10.2,103,25.2,42.7,,
17.01.05,14:00:00,3.1,14.7,177,11.1,32.6,,
26.01.05,10:00:00,0.3,2.8,143,4.3,49.4,,
22.04.04,8:00:00,-200.0,21.6,-200,15.2,53.2,175.23617119999997,200.8618695
10.08.04,15:00:00,1.1,7.2,75,40.5,23.3,,
12.03.04,19:00:00,3.7,18.2,145,14.4,43.4,37.29440799,57.69835994
17.03.05,15:00:00,2.1,11.8,158,28.3,17.9,,
19.06.04,21:00:00,1.4,-200.0,70,-200.0,-200.0,,
08.11.04,15:00:00,1.7,7.8,121,11.5,46.4,,
04.04.05,6:00:00,1.1,4.4,93,9.5,63.1,,
09.08.04,7:00:00,2.3,15.1,63,24.3,63.3,,
31.07.04,11:00:00,3.3,15.9,174,36.0,28.0,,
26.07.04,1:00:00,1.2,4.8,68,26.0,48.0,,
11.04.04,3:00:00,1.0,4.0,-200,8.8,66.0,125.7838246,148.56794730000001
16.11.04,18:00:00,4.2,18.5,206,14.8,29.6,,
06.11.04,22:00:00,1.8,7.9,83,19.1,59.2,,
10.08.04,5:00:00,0.7,4.7,34,23.5,67.4,,
01.10.04,19:00:00,-200.0,33.7,-200,24.2,54.3,,
07.06.04,17:00:00,3.3,18.9,124,33.5,19.9,,
10.08.04,4:00:00,0.5,3.2,25,24.4,63.6,,
21.03.04,2:00:00,1.6,6.2,84,15.6,56.6,42.65081808,51.87616296
01.10.04,2:00:00,1.3,6.9,69,19.0,70.8,,
19.12.04,2:00:00,1.6,6.2,118,6.4,43.7,,
27.04.04,1:00:00,0.7,1.7,39,15.7,42.5,189.52429709999998,209.67175319999998
26.08.04,20:00:00,1.7,-200.0,91,-200.0,-200.0,,
02.04.05,9:00:00,0.8,2.7,103,15.6,33.3,,
19.11.04,3:00:00,1.2,2.3,-200,14.9,65.3,,
30.09.04,8:00:00,-200.0,36.3,-200,18.5,55.9,,
07.09.04,7:00:00,2.5,13.9,72,23.7,46.2,,
29.08.04,22:00:00,-200.0,9.2,-200,26.2,46.8,,
26.11.04,2:00:00,2.1,8.1,98,8.9,71.8,,
22.12.04,19:00:00,3.9,13.6,178,6.4,36.5,,
24.02.05,18:00:00,3.9,17.5,270,6.7,74.2,,
20.01.05,20:00:00,3.4,16.0,165,9.9,44.0,,
04.07.04,13:00:00,0.7,3.9,46,37.9,18.8,,
26.03.04,10:00:00,3.1,14.8,119,14.8,44.1,79.20140869,119.04428229999999
29.12.04,6:00:00,-200.0,1.6,-200,9.4,70.9,,
17.03.04,6:00:00,0.5,1.9,53,11.9,57.4,43.75408396,52.15184817
24.04.04,13:00:00,1.9,8.7,74,26.9,32.1,181.4549697,220.2116205
20.09.04,13:00:00,3.0,16.3,136,30.2,30.2,,
27.11.04,21:00:00,4.6,15.5,130,13.7,72.5,,
30.05.04,4:00:00,-200.0,5.2,55,17.0,47.7,,
11.06.04,12:00:00,2.0,13.1,111,35.9,19.6,,
09.07.04,12:00:00,1.5,9.5,116,33.9,18.4,,
18.04.04,21:00:00,-200.0,8.7,-200,15.8,60.4,181.4279831,203.1569305
23.11.04,10:00:00,6.6,31.5,183,10.7,76.2,,
21.06.04,7:00:00,2.5,17.3,91,20.8,48.0,,
14.01.05,3:00:00,1.0,3.6,-200,6.7,75.0,,
12.07.04,6:00:00,1.4,9.4,84,18.5,57.4,,
21.03.04,14:00:00,1.3,4.6,48,21.4,40.3,20.00784026,57.59291328
30.06.04,0:00:00,2.5,13.1,100,27.3,51.0,,
21.07.04,7:00:00,-200.0,18.4,102,24.2,46.4,,
14.01.05,8:00:00,5.0,24.5,159,6.8,74.8,,
27.11.04,10:00:00,3.9,17.8,122,13.8,77.8,,
10.06.04,19:00:00,5.1,25.4,211,33.1,25.9,,
20.07.04,2:00:00,-200.0,6.3,79,25.4,41.0,,
13.11.04,19:00:00,1.9,8.0,118,17.7,51.5,,
24.11.04,23:00:00,4.1,16.8,123,7.7,84.3,,
23.07.04,5:00:00,0.8,5.8,70,23.6,51.5,,
24.12.04,12:00:00,6.0,18.5,167,8.0,55.9,,
23.04.04,21:00:00,1.8,10.9,98,20.5,41.5,185.52471640000002,209.67419180000002
25.02.05,9:00:00,5.8,27.9,-200,6.2,76.8,,
19.05.04,14:00:00,2.1,13.0,118,31.0,22.6,125.16777450000001,65.46705075
27.05.04,2:00:00,-200.0,3.6,-200,18.6,38.8,,
16.09.04,22:00:00,1.9,9.6,-200,21.4,54.8,,
20.08.04,4:00:00,-200.0,1.0,-200,28.9,48.4,,
09.08.04,2:00:00,0.8,4.4,39,24.9,63.5,,
12.01.05,14:00:00,3.1,15.2,156,15.1,49.6,,
07.03.05,18:00:00,2.5,9.6,204,7.9,28.0,,
02.06.04,1:00:00,-200.0,7.5,49,19.9,66.4,,
27.06.04,9:00:00,1.6,7.9,100,27.2,41.1,,
28.02.05,17:00:00,0.9,2.8,114,2.6,35.1,,
28.05.04,12:00:00,-200.0,14.4,-200,28.3,25.0,,
02.08.04,14:00:00,1.2,8.7,95,36.1,26.4,,
05.06.04,7:00:00,1.5,7.4,95,19.8,59.4,,
23.05.04,16:00:00,1.5,6.1,73,25.9,28.7,111.4708021,62.88507331
18.09.04,8:00:00,1.1,5.0,81,20.7,49.7,,
25.04.04,9:00:00,0.8,2.3,48,15.1,43.9,186.7580066,210.63343430000003
19.01.05,8:00:00,0.7,7.6,128,7.0,64.9,,
09.08.04,12:00:00,1.6,8.3,71,34.3,31.5,,
06.08.04,21:00:00,1.7,9.8,94,25.5,58.0,,
03.10.04,10:00:00,-200.0,10.7,-200,23.5,54.5,,
26.02.05,22:00:00,3.8,8.5,169,6.7,59.1,,
22.03.05,21:00:00,4.3,11.0,141,17.4,50.6,,
29.03.04,14:00:00,1.5,5.5,92,17.9,26.8,79.17713708,102.28363809999999
11.01.05,17:00:00,3.4,17.6,152,13.4,59.7,,
18.09.04,0:00:00,1.4,6.7,96,22.1,43.5,,
15.07.04,15:00:00,2.0,12.6,135,37.1,17.7,,
21.08.04,6:00:00,-200.0,3.5,-200,24.5,40.6,,
28.12.04,6:00:00,-200.0,1.8,-200,10.4,64.8,,
08.07.04,19:00:00,5.1,30.0,206,34.9,29.3,,
09.11.04,19:00:00,4.6,19.9,-200,8.6,75.5,,
14.03.04,17:00:00,2.9,12.0,128,21.3,30.8,41.88060508,59.62651408
28.10.04,4:00:00,-200.0,3.8,41,14.6,79.9,,
03.09.04,2:00:00,-200.0,5.7,-200,24.0,50.3,,
11.10.04,1:00:00,1.4,6.0,52,20.2,67.9,,
12.01.05,12:00:00,3.5,17.3,196,13.0,60.9,,
18.10.04,20:00:00,-200.0,29.3,-200,17.8,66.3,,
05.12.04,22:00:00,1.0,2.8,72,12.5,69.1,,
10.06.04,0:00:00,1.0,7.6,61,24.1,43.3,,
25.11.04,23:00:00,1.8,7.6,102,9.9,62.1,,
31.01.05,14:00:00,2.7,11.7,194,13.2,17.3,,
19.05.04,20:00:00,3.8,18.4,154,22.9,36.5,112.2061989,64.67380645
11.08.04,19:00:00,1.7,10.1,69,33.8,34.5,,
08.07.04,12:00:00,1.4,10.6,115,40.3,15.8,,
13.04.04,3:00:00,0.4,1.3,-200,10.6,63.1,142.0129409,168.30293419999998
13.01.05,18:00:00,5.2,26.6,166,11.4,68.0,,
13.04.04,1:00:00,0.5,1.3,36,10.5,59.9,151.53515380000002,169.65483740000002
02.03.05,5:00:00,0.4,0.9,73,-1.3,46.3,,
28.09.04,9:00:00,4.1,21.3,152,17.8,45.7,,
10.01.05,22:00:00,2.6,11.9,126,13.0,70.0,,
24.10.04,15:00:00,2.0,10.1,90,25.3,48.0,,
05.03.05,3:00:00,1.5,4.4,-200,4.9,62.6,,
12.03.04,22:00:00,3.5,14.3,139,11.0,59.1,48.53105182,59.34977674
27.06.04,4:00:00,0.8,4.2,45,23.2,52.3,,
23.11.04,9:00:00,5.7,27.6,160,9.9,77.6,,
04.08.04,20:00:00,-200.0,7.2,-200,27.2,46.0,,
01.03.05,8:00:00,1.5,5.2,147,-0.2,40.2,,
01.10.04,3:00:00,0.8,4.0,-200,20.2,65.8,,
22.11.04,4:00:00,-200.0,2.0,68,4.2,54.8,,
16.10.04,3:00:00,-200.0,3.7,-200,14.5,82.1,,
29.04.04,13:00:00,3.8,22.3,129,24.9,29.9,172.119247,210.6504318
12.04.04,6:00:00,0.4,0.7,49,13.9,43.6,145.6077882,142.13042959999999
10.10.04,20:00:00,1.6,8.1,72,21.2,67.7,,
11.03.04,2:00:00,0.9,2.3,60,10.7,59.7,39.34447955,54.73830367
08.12.04,22:00:00,2.2,8.2,109,13.7,79.3,,
24.06.04,10:00:00,1.6,6.6,92,29.1,37.4,,
29.05.04,16:00:00,0.6,5.1,75,23.8,29.2,,
19.05.04,1:00:00,0.7,4.2,68,19.2,43.6,118.07083700000001,69.47408895
23.01.05,17:00:00,-200.0,3.7,124,7.1,66.0,,
25.11.04,6:00:00,2.0,9.1,93,4.0,84.4,,
11.12.04,20:00:00,2.3,10.9,142,14.2,26.8,,
17.07.04,7:00:00,1.3,8.2,75,21.1,46.9,,
17.10.04,19:00:00,-200.0,12.7,-200,18.2,46.0,,
23.06.04,16:00:00,2.5,14.4,137,34.3,22.4,,
02.08.04,1:00:00,1.2,5.0,97,26.7,60.1,,
18.09.04,9:00:00,1.6,7.9,89,24.3,39.5,,
17.08.04,20:00:00,-200.0,7.5,-200,30.4,29.8,,
18.05.04,14:00:00,2.0,12.5,106,30.6,20.2,115.326728,60.37475148
03.04.05,13:00:00,1.0,3.8,86,28.7,13.7,,
31.03.04,2:00:00,0.9,2.8,70,14.8,40.8,78.89705349,105.44465459999999
24.03.04,13:00:00,1.7,8.7,96,16.9,34.6,80.54386816,101.2499949
22.11.04,8:00:00,2.4,16.2,232,4.9,55.8,,
03.01.05,8:00:00,3.6,-200.0,164,-200.0,-200.0,,
16.03.04,16:00:00,2.9,16.6,129,28.2,18.6,27.20170842,56.31791954
26.07.04,3:00:00,-200.0,2.2,-200,25.9,46.3,,
22.07.04,3:00:00,0.9,4.8,-200,25.2,51.4,,
10.04.04,12:00:00,1.8,7.8,87,20.6,30.0,145.28117369999998,155.23786669999998
26.03.04,23:00:00,1.1,4.1,74,9.9,50.2,78.05862093,113.13977460000001
13.03.04,22:00:00,3.1,13.1,143,14.6,48.6,42.69824756,52.76959004
10.05.04,22:00:00,1.7,9.6,95,15.8,56.2,123.146051,62.26467464
25.01.05,21:00:00,0.3,2.8,106,3.5,60.3,,
16.08.04,1:00:00,0.7,3.7,43,25.3,39.7,,
16.01.05,19:00:00,2.0,7.1,160,8.3,38.5,,
31.08.04,9:00:00,-200.0,16.1,-200,27.7,46.1,,
20.11.04,6:00:00,0.7,2.8,96,8.7,24.7,,
18.04.04,6:00:00,-200.0,2.3,-200,13.8,72.7,185.7561481,214.23129509999998
02.04.05,5:00:00,0.4,1.4,44,11.0,40.5,,
16.10.04,22:00:00,-200.0,4.0,-200,17.2,66.7,,
20.12.04,15:00:00,2.2,3.8,89,9.4,44.9,,
21.12.04,23:00:00,1.5,5.8,140,5.8,43.4,,
09.05.04,22:00:00,-200.0,8.9,-200,13.8,59.8,123.8713618,64.37779672
14.02.05,2:00:00,1.1,4.0,109,9.8,61.2,,
23.12.04,3:00:00,1.7,3.7,-200,2.3,56.3,,
10.07.04,1:00:00,1.5,9.6,95,22.2,49.5,,
18.06.04,12:00:00,2.3,14.3,129,34.9,24.9,,
14.05.04,2:00:00,1.3,6.9,91,16.3,57.0,113.51089840000002,68.32534671
30.12.04,23:00:00,-200.0,4.2,-200,7.7,47.2,,
22.07.04,11:00:00,2.1,12.6,127,37.3,22.9,,
17.12.04,6:00:00,2.0,-200.0,111,-200.0,-200.0,,
17.01.05,16:00:00,3.3,15.3,182,12.9,24.5,,
26.05.04,22:00:00,-200.0,10.9,-200,21.7,29.2,,
10.11.04,6:00:00,0.3,0.9,39,6.3,84.8,,
17.03.05,7:00:00,1.3,5.9,123,7.9,68.4,,
19.11.04,8:00:00,4.8,20.5,194,14.7,63.1,,
24.01.05,21:00:00,0.3,3.6,107,6.6,43.2,,
03.09.04,18:00:00,4.3,23.2,-200,37.0,23.6,,
01.07.04,7:00:00,2.4,17.1,85,25.1,54.3,,
28.11.04,22:00:00,3.3,12.1,121,10.4,75.4,,
17.05.04,14:00:00,1.5,8.5,86,26.3,18.9,121.2317517,65.78071173
12.02.05,8:00:00,2.3,11.9,224,6.0,62.8,,
27.04.04,12:00:00,2.4,14.6,87,27.2,22.0,184.138724,215.3770756
23.02.05,14:00:00,2.5,10.1,232,5.7,72.5,,
06.01.05,0:00:00,1.6,5.6,115,12.5,63.7,,
22.07.04,6:00:00,1.1,6.3,60,25.0,49.2,,
01.05.04,10:00:00,2.1,8.8,89,21.6,46.1,58.59660865,154.6756576
27.05.04,11:00:00,-200.0,8.4,-200,26.4,23.1,,
10.12.04,6:00:00,0.4,0.8,39,11.7,38.1,,
28.09.04,4:00:00,0.5,2.2,61,12.8,59.8,,
22.09.04,4:00:00,0.6,3.8,44,18.3,70.8,,
31.03.05,0:00:00,1.2,4.8,101,14.5,67.8,,
07.04.04,5:00:00,0.3,0.8,32,15.3,50.1,127.2022848,153.13482130000003
09.06.04,21:00:00,2.7,15.2,132,28.4,35.7,,
14.09.04,6:00:00,-200.0,9.6,-200,21.3,59.4,,
28.08.04,9:00:00,1.7,8.3,81,24.7,41.8,,
23.07.04,2:00:00,0.8,6.0,59,28.0,39.8,,
14.03.05,23:00:00,1.6,7.5,149,12.7,62.8,,
22.08.04,11:00:00,-200.0,5.2,-200,33.4,25.1,,
08.03.05,10:00:00,4.1,16.3,219,7.7,34.6,,
19.03.05,0:00:00,2.2,6.8,163,11.8,68.3,,
03.10.04,20:00:00,-200.0,21.4,-200,22.7,59.6,,
21.04.04,10:00:00,-200.0,17.1,-200,22.3,36.9,180.0303881,205.7364106
13.03.04,12:00:00,3.6,14.0,161,18.4,33.8,21.53937614,60.92056046
25.10.04,15:00:00,4.2,25.5,119,21.6,60.9,,
02.06.04,6:00:00,-200.0,2.8,22,19.8,64.7,,
05.04.04,21:00:00,2.0,8.7,100,17.5,50.9,121.46133799999998,166.6194063
04.08.04,18:00:00,-200.0,8.7,-200,34.0,33.2,,
23.11.04,13:00:00,5.4,27.1,201,13.8,67.0,,
12.04.04,12:00:00,1.1,2.8,71,12.1,60.5,126.3012131,146.6360668
08.03.05,16:00:00,2.3,9.9,164,16.5,14.9,,
17.03.05,17:00:00,1.9,8.6,147,26.2,19.4,,
09.10.04,21:00:00,2.2,11.2,83,24.8,56.4,,
21.08.04,23:00:00,-200.0,6.7,-200,23.8,44.7,,
05.11.04,3:00:00,0.7,3.6,-200,17.9,66.8,,
30.03.04,0:00:00,1.0,2.6,76,13.1,26.8,76.87027262,119.0926144
07.03.05,7:00:00,0.7,1.7,99,5.6,51.3,,
16.10.04,19:00:00,-200.0,9.5,-200,17.9,56.9,,
06.11.04,15:00:00,3.4,17.7,141,22.0,54.2,,
08.09.04,4:00:00,-200.0,-200.0,-200,-200.0,-200.0,,
21.05.04,23:00:00,3.0,14.8,127,19.8,37.2,128.4462042,66.03970083
17.10.04,6:00:00,-200.0,2.1,-200,13.9,75.2,,
20.06.04,13:00:00,0.6,-200.0,36,-200.0,-200.0,,
16.08.04,14:00:00,0.8,4.0,67,35.8,17.8,,
25.03.04,1:00:00,1.0,2.5,58,11.0,58.4,70.81170359,114.79742990000001
28.03.05,12:00:00,1.4,4.2,96,21.6,46.8,,
09.12.04,3:00:00,0.5,1.2,-200,15.2,63.2,,
19.09.04,2:00:00,1.2,6.2,64,19.6,56.6,,
10.08.04,12:00:00,1.5,9.2,86,39.0,23.7,,
09.11.04,18:00:00,3.5,16.9,-200,8.3,76.5,,
12.01.05,13:00:00,3.8,17.7,185,14.7,52.3,,
26.01.05,9:00:00,0.6,4.4,163,3.5,47.5,,
17.01.05,8:00:00,3.0,15.9,169,1.8,63.3,,
19.08.04,4:00:00,0.5,1.9,16,27.7,52.5,,
14.09.04,20:00:00,-200.0,6.7,-200,20.3,77.2,,
01.02.05,13:00:00,3.7,18.8,181,9.5,47.2,,
09.04.04,7:00:00,2.6,-200.0,111,-200.0,-200.0,134.6398363,141.46295700000002
29.11.04,2:00:00,2.3,8.1,86,9.8,81.4,,
04.09.04,8:00:00,1.9,11.0,-200,23.4,51.6,,
23.03.05,5:00:00,0.5,1.8,63,15.0,64.8,,
03.08.04,12:00:00,-200.0,12.3,127,33.7,35.1,,
13.09.04,8:00:00,-200.0,32.1,-200,21.8,61.8,,
03.08.04,9:00:00,-200.0,17.2,185,29.1,45.5,,
01.01.05,18:00:00,4.7,16.6,191,9.0,51.8,,
01.11.04,2:00:00,3.5,16.7,68,19.6,73.2,,
26.01.05,15:00:00,0.3,3.4,132,5.6,42.4,,
21.12.04,22:00:00,2.3,9.3,166,5.9,44.7,,
17.08.04,11:00:00,-200.0,7.8,-200,35.3,23.1,,
10.01.05,2:00:00,1.2,3.9,96,13.2,69.9,,
06.12.04,1:00:00,0.9,3.2,66,13.3,63.6,,
10.03.05,21:00:00,4.2,14.6,229,11.5,35.9,,
29.11.04,12:00:00,5.0,23.0,168,15.3,63.2,,
24.04.04,2:00:00,1.8,9.0,87,16.3,55.3,184.51826730000002,208.2729122
05.12.04,17:00:00,1.1,2.8,77,11.3,81.0,,
24.08.04,6:00:00,1.1,5.7,71,20.1,47.8,,
26.06.04,10:00:00,2.3,12.7,144,30.0,25.6,,
30.09.04,13:00:00,1.7,11.2,101,24.6,44.1,,
31.03.05,11:00:00,1.2,4.2,118,21.0,36.9,,
20.06.04,21:00:00,1.4,-200.0,85,-200.0,-200.0,,
22.12.04,21:00:00,3.3,11.4,166,5.1,40.7,,
19.04.04,22:00:00,-200.0,5.0,-200,10.2,74.0,182.5482978,218.2443111
05.03.05,17:00:00,2.0,8.4,159,11.6,38.7,,
21.10.04,2:00:00,2.0,9.3,77,20.8,71.7,,
17.10.04,17:00:00,-200.0,12.7,-200,20.9,40.3,,
29.08.04,10:00:00,-200.0,6.9,-200,29.5,39.0,,
10.06.04,11:00:00,2.4,13.6,134,33.5,27.2,,
26.06.04,15:00:00,1.0,5.6,65,38.4,17.5,,
04.05.04,9:00:00,3.2,16.2,104,17.7,70.8,36.62528949,161.3997576
30.01.05,19:00:00,1.2,2.8,140,5.4,30.1,,
12.09.04,18:00:00,-200.0,8.0,-200,27.4,51.4,,
18.10.04,0:00:00,-200.0,5.4,-200,15.8,59.9,,
23.03.05,15:00:00,2.4,11.7,153,23.1,22.8,,
27.12.04,16:00:00,2.5,10.5,132,12.8,73.6,,
22.03.04,6:00:00,0.6,2.0,46,16.4,54.0,37.61592438,54.00473873
28.04.04,6:00:00,1.1,7.5,69,13.9,60.7,172.4467977,205.6114271
25.09.04,8:00:00,0.7,2.5,14,15.7,51.1,,
28.08.04,3:00:00,0.6,3.8,-200,19.8,59.3,,
31.01.05,7:00:00,0.7,1.4,109,3.7,35.2,,
28.07.04,4:00:00,-200.0,3.2,65,20.5,41.2,,
07.02.05,3:00:00,0.6,1.2,-200,3.9,39.9,,
01.02.05,15:00:00,3.3,16.7,151,12.7,45.5,,
24.11.04,7:00:00,1.8,8.7,86,9.5,80.3,,
17.05.04,9:00:00,1.8,8.6,90,19.8,28.5,121.6774743,70.40597175
25.09.04,3:00:00,0.3,1.0,-200,15.3,52.4,,
07.02.05,13:00:00,1.6,6.2,168,12.2,21.4,,
22.01.05,16:00:00,-200.0,5.9,126,15.4,29.3,,
23.06.04,2:00:00,0.5,3.2,55,21.8,47.3,,
09.04.04,1:00:00,1.8,-200.0,97,-200.0,-200.0,144.1795067,162.5024477
06.02.05,0:00:00,1.8,4.7,173,4.0,39.2,,
06.08.04,19:00:00,2.6,14.6,114,27.7,49.9,,
23.03.04,22:00:00,1.3,5.3,96,12.0,54.9,82.57645898,112.4196777
16.08.04,12:00:00,1.4,7.3,77,37.4,14.7,,
18.12.04,22:00:00,2.0,8.4,148,10.2,23.8,,
28.09.04,18:00:00,6.7,36.9,204,24.7,27.9,,
11.07.04,6:00:00,0.2,2.3,35,21.3,48.8,,
10.09.04,8:00:00,4.1,28.3,147,22.9,41.3,,
14.10.04,14:00:00,-200.0,12.0,-200,21.0,46.8,,
07.11.04,22:00:00,1.8,7.3,117,12.7,51.2,,
24.10.04,3:00:00,1.5,8.4,-200,19.3,71.1,,
24.03.04,8:00:00,3.1,13.8,97,11.0,57.3,77.48280282,120.80285649999999
31.10.04,20:00:00,4.1,20.6,89,20.8,70.9,,
10.08.04,22:00:00,1.7,10.2,64,29.5,50.6,,
28.10.04,6:00:00,1.6,10.0,61,15.5,77.2,,
14.06.04,7:00:00,1.5,7.0,92,21.1,46.2,,
12.03.05,18:00:00,0.9,8.3,156,15.6,40.0,,
29.12.04,9:00:00,-200.0,2.9,-200,9.3,64.7,,
19.05.04,9:00:00,4.6,22.0,165,21.0,41.1,118.7217337,60.09499801
20.03.05,17:00:00,1.4,5.7,109,21.5,35.7,,
16.03.05,18:00:00,3.5,17.5,193,24.1,20.6,,
20.06.04,19:00:00,2.5,-200.0,105,-200.0,-200.0,,
21.10.04,17:00:00,3.2,20.9,101,27.0,51.0,,
27.10.04,14:00:00,3.6,18.6,119,18.5,76.2,,
28.06.04,4:00:00,0.4,2.7,39,24.0,46.6,,
04.03.05,11:00:00,3.3,15.5,192,7.6,59.8,,
07.03.05,9:00:00,1.9,6.6,168,6.9,41.3,,
18.03.05,9:00:00,5.4,26.5,180,12.0,51.0,,
09.12.04,0:00:00,1.9,5.5,100,14.2,71.7,,
27.08.04,7:00:00,2.4,-200.0,68,-200.0,-200.0,,
11.04.04,23:00:00,1.1,3.1,81,14.2,38.2,157.5076213,166.3545711
02.06.04,11:00:00,-200.0,8.8,62,25.0,46.5,,
07.10.04,20:00:00,7.0,35.7,117,23.2,54.7,,
20.08.04,23:00:00,-200.0,6.9,-200,27.3,49.1,,
22.03.04,4:00:00,-200.0,0.8,27,16.1,55.9,26.75097366,53.18739638
30.07.04,14:00:00,-200.0,10.5,118,36.9,21.8,,
02.01.05,10:00:00,1.6,4.9,112,4.1,65.8,,
24.10.04,18:00:00,4.3,20.3,128,22.9,57.6,,
30.12.04,6:00:00,-200.0,0.7,-200,8.5,44.8,,
27.03.05,7:00:00,1.1,4.2,76,15.6,67.7,,
13.11.04,6:00:00,1.0,3.8,75,15.2,61.8,,
30.01.05,4:00:00,-200.0,1.8,83,3.1,44.8,,
18.06.04,0:00:00,1.8,10.6,105,24.0,47.3,,
19.03.04,18:00:00,4.1,20.2,146,15.8,50.3,47.06371124,58.40796679
19.08.04,23:00:00,-200.0,5.6,-200,29.0,51.7,,
07.12.04,4:00:00,-200.0,2.6,64,11.9,71.4,,
07.04.04,6:00:00,0.8,3.6,61,14.2,58.6,153.87319240000002,151.85268390000002
17.11.04,15:00:00,4.0,19.5,198,17.4,32.7,,
27.08.04,12:00:00,2.0,-200.0,104,-200.0,-200.0,,
04.02.05,17:00:00,1.9,8.8,184,11.4,32.6,,
05.09.04,12:00:00,0.9,3.0,-200,34.5,19.3,,
20.06.04,10:00:00,1.2,-200.0,64,-200.0,-200.0,,
06.06.04,13:00:00,0.5,2.3,48,25.9,28.8,,
27.06.04,3:00:00,1.0,6.7,-200,23.2,53.7,,
20.02.05,3:00:00,1.6,5.1,-200,7.7,49.7,,
19.12.04,17:00:00,3.6,13.0,148,4.7,82.8,,
10.11.04,11:00:00,1.3,4.4,150,6.8,87.1,,
14.11.04,10:00:00,0.4,0.5,41,10.8,35.4,,
04.06.04,8:00:00,-200.0,10.0,-200,21.8,41.9,,
23.07.04,13:00:00,2.1,14.6,135,42.2,14.6,,
25.06.04,19:00:00,3.4,17.9,129,29.9,19.8,,
30.04.04,15:00:00,3.4,16.7,121,22.7,45.8,43.09559537,141.7270499
29.07.04,8:00:00,-200.0,26.6,136,24.0,36.6,,
27.03.04,18:00:00,2.7,12.4,125,15.8,36.1,90.20413387,110.2548996
20.09.04,18:00:00,5.6,31.1,200,30.5,29.2,,
03.09.04,3:00:00,-200.0,3.1,-200,25.2,47.9,,
06.05.04,15:00:00,3.1,12.7,128,12.3,78.3,55.53862672,159.857421
09.10.04,4:00:00,0.9,5.1,48,21.3,63.9,,
03.04.04,10:00:00,-200.0,11.2,-200,19.7,43.3,75.57554501,105.08891909999998
08.09.04,17:00:00,3.4,-200.0,-200,-200.0,-200.0,,
28.11.04,5:00:00,0.9,1.6,45,11.2,69.0,,
26.10.04,16:00:00,5.8,32.8,166,24.0,55.0,,
23.08.04,19:00:00,1.6,7.8,73,30.8,26.5,,
16.08.04,17:00:00,1.3,6.9,69,38.8,15.8,,
04.03.05,9:00:00,6.1,28.0,205,5.0,69.4,,
08.12.04,16:00:00,1.4,5.5,96,15.4,58.9,,
01.05.04,22:00:00,3.6,14.8,115,17.4,57.6,48.48815242,142.53082369999998
27.12.04,17:00:00,2.2,6.9,117,13.3,68.2,,
04.04.04,11:00:00,-200.0,8.1,-200,23.3,37.1,86.52367273,105.9192101
22.11.04,0:00:00,0.3,5.0,116,5.6,48.0,,
27.12.04,10:00:00,1.9,8.6,127,12.9,63.2,,
24.05.04,7:00:00,1.6,7.8,111,17.5,30.9,,
02.07.04,11:00:00,1.8,10.1,112,34.6,27.7,,
15.05.04,19:00:00,2.5,12.1,120,23.0,28.7,117.8919524,62.78186677
06.04.04,12:00:00,2.6,14.5,91,20.9,36.6,150.0561851,146.3339319
24.11.04,20:00:00,8.4,36.0,181,10.1,79.3,,
31.10.04,17:00:00,2.3,10.8,93,22.4,63.2,,
08.12.04,2:00:00,1.4,4.4,77,15.3,59.1,,
26.06.04,6:00:00,0.9,5.5,70,18.6,45.8,,
27.06.04,0:00:00,2.1,11.7,97,26.5,44.8,,
29.03.05,21:00:00,2.3,9.0,151,15.2,64.2,,
29.08.04,13:00:00,-200.0,4.0,-200,31.9,28.2,,
24.01.05,15:00:00,1.1,8.0,148,10.7,33.1,,
22.05.04,7:00:00,1.2,9.2,80,17.2,52.9,111.3973817,70.73390865
26.06.04,13:00:00,1.4,8.2,86,37.7,16.0,,
11.07.04,13:00:00,0.4,2.8,36,31.8,22.3,,
22.10.04,4:00:00,-200.0,4.6,48,19.6,71.3,,
05.06.04,23:00:00,1.7,8.0,67,21.6,53.6,,
21.02.05,12:00:00,1.7,6.6,208,7.7,67.6,,
14.04.04,17:00:00,-200.0,11.0,-200,18.7,34.8,153.60129640000002,162.0893941
12.02.05,13:00:00,3.6,17.6,207,10.8,52.0,,
06.06.04,23:00:00,1.7,8.4,98,20.0,45.6,,
10.05.04,12:00:00,2.4,13.4,93,20.7,42.4,116.30695290000001,66.21288104
26.07.04,0:00:00,1.5,5.9,93,26.6,47.2,,
19.05.04,13:00:00,2.2,15.2,115,31.0,22.9,122.17711840000001,69.25211939
08.03.05,20:00:00,5.9,24.2,246,9.5,39.0,,
01.10.04,21:00:00,-200.0,13.5,-200,21.5,63.2,,
28.10.04,23:00:00,1.2,5.4,69,20.1,62.6,,
01.07.04,17:00:00,2.9,17.3,157,36.9,24.7,,
08.01.05,12:00:00,2.7,11.2,139,13.5,49.4,,
17.03.05,5:00:00,0.5,1.4,69,9.8,61.8,,
27.01.05,22:00:00,1.4,3.6,128,4.3,41.1,,
14.02.05,19:00:00,4.2,17.4,212,10.7,19.9,,
16.02.05,15:00:00,1.6,5.7,155,9.3,34.6,,
01.09.04,7:00:00,3.6,20.9,99,20.6,62.3,,
28.03.04,5:00:00,0.8,2.6,52,9.6,58.5,73.33835334,118.79588580000001
20.03.05,13:00:00,1.2,3.4,109,21.5,35.0,,
31.05.04,9:00:00,2.2,16.3,137,20.9,43.6,,
25.03.05,8:00:00,3.2,17.4,146,14.8,73.6,,
21.12.04,9:00:00,5.5,23.5,198,6.5,38.1,,
05.12.04,14:00:00,1.7,5.5,85,11.4,83.7,,
03.08.04,16:00:00,-200.0,11.0,-200,38.0,24.7,,
30.06.04,20:00:00,3.5,17.6,158,31.9,33.7,,
13.05.04,22:00:00,2.7,12.0,121,17.8,55.0,122.85744340000001,62.77062045
16.10.04,13:00:00,-200.0,8.2,-200,20.2,45.6,,
21.03.05,8:00:00,3.2,17.3,141,13.5,63.9,,
15.06.04,19:00:00,3.6,20.8,158,28.7,31.2,,
27.09.04,3:00:00,0.6,2.9,-200,14.1,61.0,,
08.12.04,14:00:00,2.3,6.9,98,17.3,53.3,,
10.06.04,15:00:00,2.3,13.8,133,40.4,17.2,,
29.03.05,7:00:00,3.0,16.0,122,13.2,69.9,,
07.05.04,23:00:00,2.1,7.3,101,13.3,63.6,41.60370369,173.4422906
28.04.04,2:00:00,0.6,2.8,64,16.5,50.1,186.86787080000002,204.8426754
10.04.04,0:00:00,1.3,5.4,79,12.0,66.9,147.29392380000002,142.57671100000002
13.08.04,12:00:00,1.1,5.3,89,35.8,27.7,,
04.08.04,9:00:00,-200.0,10.6,-200,29.9,42.1,,
18.06.04,20:00:00,2.9,16.0,153,28.7,35.8,,
18.06.04,17:00:00,3.1,18.6,180,35.6,23.4,,
01.04.04,9:00:00,4.6,21.0,139,16.2,48.6,81.33702209,109.88040090000001
22.11.04,10:00:00,3.1,63.7,218,6.2,51.8,,
27.10.04,2:00:00,0.8,4.4,61,17.4,81.0,,
08.07.04,0:00:00,1.2,10.2,88,29.8,30.2,,
05.06.04,13:00:00,1.4,8.4,72,30.3,25.2,,
15.04.04,13:00:00,3.5,17.0,120,19.3,35.4,120.08935729999999,144.5636037
25.08.04,1:00:00,1.3,6.3,71,24.9,50.6,,
29.03.04,19:00:00,2.1,8.2,106,14.5,35.4,86.28390767,108.5379568
27.04.04,7:00:00,4.1,23.4,122,15.9,48.5,189.71534269999998,210.9359014
10.07.04,8:00:00,1.1,6.8,84,25.0,41.6,,
13.07.04,21:00:00,2.6,13.6,128,26.0,28.5,,
11.11.04,11:00:00,4.5,21.0,194,11.2,80.7,,
10.09.04,10:00:00,2.0,12.8,131,30.3,23.0,,
31.03.04,23:00:00,1.2,4.8,79,12.0,58.4,76.9339641,102.89944150000001
16.05.04,1:00:00,1.5,7.1,88,17.0,43.3,125.35692639999999,65.91994047
08.06.04,12:00:00,2.5,15.7,124,33.7,25.5,,
07.05.04,20:00:00,1.5,7.5,85,13.9,62.9,48.73436421,152.83961609999997
03.06.04,3:00:00,-200.0,1.3,-200,18.1,64.6,,
29.07.04,20:00:00,-200.0,11.7,118,29.7,28.1,,
21.04.04,19:00:00,-200.0,33.6,-200,23.8,33.7,181.3273041,216.1084548
25.01.05,2:00:00,-200.0,0.4,29,5.5,42.4,,
30.09.04,17:00:00,6.5,35.9,188,25.4,47.9,,
08.06.04,10:00:00,3.5,19.0,171,28.1,35.2,,
23.06.04,19:00:00,4.4,24.2,166,30.2,29.0,,
17.09.04,8:00:00,2.2,9.7,91,19.7,57.8,,
08.10.04,3:00:00,0.7,3.3,-200,18.7,68.5,,
30.12.04,12:00:00,-200.0,4.4,-200,12.6,31.7,,
18.02.05,2:00:00,1.0,2.1,82,6.3,49.6,,
13.01.05,13:00:00,2.2,11.3,135,14.2,54.1,,
18.03.04,17:00:00,2.7,14.5,149,25.8,23.9,36.53149456,50.76046807
03.12.04,1:00:00,2.6,9.3,100,14.4,82.7,,
22.03.04,11:00:00,1.6,7.3,87,18.5,36.7,22.810943100000003,59.6321806
25.11.04,18:00:00,4.5,21.4,173,13.8,48.9,,
14.11.04,7:00:00,0.2,0.2,21,10.2,41.9,,
19.07.04,9:00:00,2.5,17.7,145,27.1,34.9,,
03.09.04,1:00:00,-200.0,8.5,-200,24.9,47.9,,
01.06.04,20:00:00,3.7,19.7,88,21.0,66.9,,
16.03.05,16:00:00,3.0,12.4,211,28.8,15.1,,
22.02.05,21:00:00,2.7,8.5,218,4.3,79.5,,
13.01.05,11:00:00,3.6,16.5,175,11.7,62.7,,
01.10.04,14:00:00,3.2,-200.0,123,-200.0,-200.0,,
30.03.04,21:00:00,1.3,4.7,84,15.0,46.1,90.31525288,117.2102324
13.08.04,16:00:00,0.7,4.3,61,35.0,22.4,,
23.05.04,4:00:00,-200.0,4.9,55,18.0,57.6,129.0019238,63.83943914
29.06.04,5:00:00,0.5,3.0,54,25.9,45.1,,
19.09.04,17:00:00,4.3,20.7,151,33.2,25.4,,
31.03.05,18:00:00,2.1,7.2,124,20.0,38.9,,
06.03.05,22:00:00,1.4,3.5,156,6.8,46.9,,
01.12.04,10:00:00,4.7,19.7,158,10.4,76.0,,
04.10.04,8:00:00,-200.0,20.1,-200,18.5,67.0,,
23.03.04,1:00:00,0.8,2.7,64,14.0,51.3,77.24714822,120.4319621
01.03.05,12:00:00,0.7,1.9,95,3.3,29.2,,
28.05.04,14:00:00,-200.0,13.5,-200,28.5,25.8,,
05.07.04,6:00:00,0.7,5.6,57,21.1,47.3,,
09.09.04,19:00:00,4.3,22.3,175,31.2,25.5,,
11.12.04,10:00:00,2.8,13.0,147,14.4,28.2,,
12.01.05,1:00:00,2.4,11.4,123,11.4,69.6,,
09.04.04,5:00:00,0.9,-200.0,84,-200.0,-200.0,131.7989778,141.5002966
21.08.04,12:00:00,-200.0,3.1,-200,32.4,26.3,,
07.12.04,17:00:00,2.6,13.9,110,16.5,54.6,,
21.08.04,1:00:00,-200.0,5.4,-200,26.0,45.0,,
27.03.04,2:00:00,1.2,4.5,78,8.1,62.1,78.58012169,115.2088389
15.09.04,19:00:00,6.7,31.8,173,25.1,55.8,,
29.12.04,14:00:00,-200.0,4.5,-200,11.6,46.8,,
16.12.04,9:00:00,5.3,-200.0,146,-200.0,-200.0,,
31.01.05,13:00:00,2.5,11.9,181,12.5,17.2,,
27.04.04,13:00:00,3.0,18.0,107,28.2,20.4,170.3481951,203.6522444
13.09.04,22:00:00,2.1,14.6,112,25.1,49.4,,
27.10.04,21:00:00,1.4,8.0,75,17.8,71.2,,
21.06.04,4:00:00,0.3,1.5,24,18.9,55.2,,
15.06.04,3:00:00,0.4,1.0,-200,21.0,47.1,,
29.12.04,17:00:00,-200.0,4.9,-200,11.3,45.4,,
03.12.04,16:00:00,4.6,23.8,150,19.0,61.6,,
30.07.04,1:00:00,-200.0,8.0,81,25.1,46.3,,
15.10.04,19:00:00,-200.0,14.1,-200,20.1,53.6,,
10.08.04,20:00:00,1.7,9.7,67,32.3,43.6,,
28.03.05,4:00:00,0.8,2.0,63,13.9,79.6,,
09.10.04,22:00:00,1.5,8.9,62,24.9,56.0,,
25.06.04,8:00:00,2.9,16.2,125,22.9,48.7,,
11.07.04,19:00:00,1.2,7.7,101,26.9,27.1,,
17.09.04,1:00:00,0.8,6.1,72,21.4,52.1,,
30.04.04,16:00:00,4.0,18.0,114,20.9,60.8,41.66804049,153.27642880000002
20.05.04,1:00:00,0.8,5.8,73,18.0,53.0,127.3170108,66.05460585
24.12.04,5:00:00,2.5,8.8,121,4.3,64.1,,
11.09.04,8:00:00,-200.0,13.0,-200,21.3,47.2,,
01.04.04,18:00:00,4.2,21.2,132,22.8,32.1,86.66776306,110.9446413
15.03.05,10:00:00,4.0,15.6,194,16.4,44.6,,
18.03.05,12:00:00,2.4,10.3,169,22.2,28.1,,
13.04.04,21:00:00,2.1,9.3,108,13.5,54.1,129.9427586,143.16936830000003
10.07.04,12:00:00,0.8,6.0,71,32.4,20.5,,
17.07.04,0:00:00,2.1,12.8,108,24.7,36.9,,
24.03.04,1:00:00,1.1,4.6,79,10.8,62.5,82.51461792,101.2290304
06.04.04,6:00:00,1.7,8.5,94,14.4,58.9,158.25600569999997,167.84872969999998
19.05.04,0:00:00,1.2,7.7,84,19.3,43.0,130.2895503,62.23693993
06.12.04,7:00:00,1.3,6.1,89,12.2,78.8,,
02.09.04,8:00:00,5.2,30.0,67,22.8,54.2,,
01.04.05,19:00:00,2.2,7.4,160,15.6,26.2,,
29.03.04,10:00:00,1.5,5.6,97,13.9,33.2,85.83691354,105.99345220000001
01.03.05,6:00:00,0.2,0.3,33,-0.6,40.1,,
14.09.04,18:00:00,-200.0,18.7,-200,28.6,48.2,,
30.03.05,23:00:00,1.5,6.6,112,15.3,65.4,,
30.01.05,13:00:00,0.9,1.6,95,6.9,35.6,,
29.03.05,20:00:00,3.2,13.5,159,16.4,62.5,,
22.04.04,3:00:00,-200.0,2.2,-200,14.3,59.2,190.8116749,210.57441459999998
24.04.04,7:00:00,1.5,10.0,73,14.6,56.8,172.87689530000003,220.053075
22.11.04,12:00:00,2.3,20.1,224,7.3,50.6,,
10.07.04,13:00:00,0.8,6.0,78,33.3,19.2,,
20.03.05,5:00:00,0.8,2.4,69,12.6,65.9,,
29.10.04,13:00:00,5.1,22.4,137,20.2,82.2,,
11.04.04,5:00:00,0.7,2.9,49,7.7,70.7,142.0818726,163.44115109999998
03.07.04,15:00:00,0.8,6.2,70,37.9,15.0,,
08.08.04,12:00:00,1.4,4.6,79,25.4,68.0,,
11.06.04,10:00:00,-200.0,12.9,-200,30.0,27.5,,
12.12.04,15:00:00,3.2,14.5,168,17.5,30.8,,
19.03.05,8:00:00,2.0,10.1,141,12.2,65.6,,
17.11.04,12:00:00,3.2,14.4,187,13.3,42.3,,
16.02.05,5:00:00,0.8,3.8,137,3.2,52.4,,
09.12.04,20:00:00,2.6,10.3,124,14.5,45.4,,
16.02.05,7:00:00,1.6,8.8,201,3.5,54.2,,
15.11.04,18:00:00,4.0,16.7,194,12.7,28.9,,
24.04.04,23:00:00,1.3,3.2,69,11.5,76.9,171.7647797,216.3638519
04.01.05,18:00:00,3.8,-200.0,173,-200.0,-200.0,,
01.09.04,23:00:00,1.9,11.6,125,25.3,41.7,,
31.05.04,16:00:00,1.8,15.7,128,28.1,29.8,,
12.12.04,12:00:00,2.7,11.3,128,14.4,35.3,,
15.07.04,16:00:00,2.2,14.3,152,36.5,18.1,,
15.08.04,12:00:00,1.1,4.8,36,38.3,19.8,,
24.08.04,0:00:00,1.1,5.8,53,24.1,37.9,,
20.12.04,14:00:00,2.3,3.9,93,9.7,49.8,,
15.05.04,16:00:00,1.4,8.1,86,27.4,20.5,129.4300821,60.974468200000004
15.11.04,6:00:00,0.4,0.8,41,10.4,37.4,,
02.09.04,18:00:00,-200.0,26.0,-200,36.1,20.0,,
27.03.05,12:00:00,1.5,5.0,97,17.5,67.1,,
08.12.04,19:00:00,2.4,8.9,114,16.5,55.3,,
02.01.05,4:00:00,1.3,3.3,87,3.2,68.3,,
30.06.04,3:00:00,0.7,3.7,-200,26.8,51.9,,
04.04.05,0:00:00,0.9,3.5,93,14.2,51.4,,
15.03.05,14:00:00,2.2,10.0,142,22.2,25.5,,
08.05.04,6:00:00,-200.0,2.6,-200,8.7,81.5,123.12802649999999,68.29215937
14.12.04,19:00:00,7.4,-200.0,208,-200.0,-200.0,,
04.10.04,23:00:00,-200.0,7.4,-200,20.6,60.9,,
10.02.05,18:00:00,4.2,-200.0,209,-200.0,-200.0,,
07.07.04,14:00:00,2.2,14.1,130,42.5,10.2,,
13.03.04,18:00:00,3.2,15.5,148,16.1,41.0,33.13135829,57.82884892
13.10.04,8:00:00,-200.0,5.9,-200,14.0,58.3,,
19.06.04,14:00:00,1.2,-200.0,68,-200.0,-200.0,,
02.05.04,22:00:00,2.3,10.2,118,19.4,42.6,38.04031283,132.4427326
13.11.04,22:00:00,0.8,1.8,59,14.0,55.2,,
12.03.05,4:00:00,-200.0,2.3,85,10.3,59.4,,
03.10.04,8:00:00,-200.0,5.6,-200,20.4,64.1,,
08.02.05,19:00:00,2.3,-200.0,208,-200.0,-200.0,,
11.04.04,14:00:00,0.6,2.3,35,22.2,18.9,127.305521,161.03942759999998
15.11.04,12:00:00,1.7,6.4,116,13.4,37.1,,
17.01.05,18:00:00,8.6,43.0,272,9.2,39.3,,
01.02.05,12:00:00,4.5,19.8,227,7.3,50.8,,
05.11.04,2:00:00,1.5,7.6,59,16.8,73.3,,
04.03.05,16:00:00,4.8,16.6,217,11.9,42.3,,
30.12.04,10:00:00,-200.0,5.0,-200,10.8,35.1,,
28.12.04,13:00:00,-200.0,14.8,-200,13.9,49.0,,
15.09.04,21:00:00,1.9,9.2,93,23.1,62.8,,
22.11.04,13:00:00,3.0,23.5,235,7.8,49.0,,
31.08.04,20:00:00,2.0,10.3,87,26.2,47.8,,
28.08.04,18:00:00,-200.0,8.0,-200,33.5,29.0,,
25.11.04,19:00:00,3.1,15.4,137,13.3,50.9,,
07.08.04,9:00:00,2.0,10.5,84,25.4,56.2,,
22.12.04,23:00:00,1.9,5.7,132,4.5,43.9,,
04.11.04,8:00:00,3.5,22.2,84,16.0,72.2,,
05.12.04,2:00:00,1.2,3.4,96,12.3,71.2,,
25.03.04,13:00:00,2.0,8.9,96,14.2,48.4,90.83039062,110.08059879999999
02.04.05,4:00:00,0.4,0.9,49,11.2,38.3,,
10.05.04,5:00:00,-200.0,2.6,-200,14.0,63.8,110.59797649999999,63.6275218
23.08.04,11:00:00,1.6,8.2,83,32.9,24.9,,
23.03.04,13:00:00,3.5,16.9,132,13.8,53.4,85.79096667,105.361553
06.01.05,14:00:00,1.7,6.2,127,16.5,50.8,,
03.01.05,3:00:00,2.7,-200.0,-200,-200.0,-200.0,,
27.03.05,20:00:00,2.1,6.3,126,14.2,82.3,,
19.11.04,0:00:00,2.4,7.7,133,15.7,60.9,,
27.02.05,3:00:00,3.0,5.8,-200,3.5,68.8,,
18.06.04,18:00:00,2.9,16.7,164,33.1,24.3,,
02.04.04,17:00:00,3.7,19.7,138,26.9,22.3,81.93609132,102.65224479999999
15.10.04,0:00:00,-200.0,7.7,-200,15.1,82.3,,
26.11.04,0:00:00,2.5,9.5,114,9.3,64.5,,
28.11.04,9:00:00,1.1,2.8,81,8.6,76.6,,
23.01.05,5:00:00,-200.0,2.3,74,4.6,45.1,,
23.12.04,23:00:00,4.2,17.0,190,6.1,54.7,,
27.10.04,18:00:00,3.6,20.7,116,19.2,66.4,,
27.07.04,5:00:00,-200.0,2.7,37,25.1,42.3,,
05.05.04,8:00:00,-200.0,22.0,-200,16.4,70.8,38.66797755,167.5362289
05.02.05,22:00:00,1.1,3.5,157,4.9,43.7,,
13.02.05,9:00:00,3.3,13.4,155,9.5,82.4,,
13.03.05,23:00:00,0.9,7.1,168,13.2,55.6,,
28.09.04,12:00:00,3.8,21.8,176,26.4,26.4,,
05.01.05,9:00:00,4.8,21.6,162,9.1,67.5,,
24.09.04,17:00:00,2.2,11.1,107,18.3,75.4,,
10.05.04,8:00:00,-200.0,35.2,-200,16.0,57.3,128.5162231,60.18851253
27.11.04,11:00:00,4.2,16.7,136,15.1,73.2,,
11.09.04,16:00:00,-200.0,9.5,-200,35.9,20.3,,
02.04.04,0:00:00,2.0,8.0,104,14.1,54.4,79.65148070000001,107.0516507
13.01.05,23:00:00,1.8,7.8,101,8.0,73.4,,
23.11.04,8:00:00,4.5,24.0,139,9.5,77.9,,
25.10.04,10:00:00,3.2,19.5,114,20.5,60.2,,
07.09.04,19:00:00,4.1,19.9,-200,28.9,25.4,,
20.09.04,0:00:00,1.1,5.7,79,22.7,53.8,,
16.05.04,19:00:00,2.7,15.1,125,25.5,37.4,111.29573490000001,62.98638469
29.07.04,1:00:00,-200.0,7.8,72,24.7,32.1,,
16.10.04,16:00:00,-200.0,8.7,-200,22.0,35.7,,
23.05.04,18:00:00,1.4,6.8,91,24.8,29.5,121.4002888,69.18113025
07.10.04,16:00:00,2.9,15.3,87,28.6,37.6,,
18.01.05,19:00:00,5.5,26.0,216,5.1,83.0,,
09.02.05,7:00:00,1.0,-200.0,149,-200.0,-200.0,,
23.10.04,17:00:00,3.3,16.3,120,25.6,48.3,,
03.04.04,1:00:00,1.3,6.3,88,16.2,54.2,85.38436834,100.67914870000001
03.05.04,18:00:00,4.2,23.3,130,24.9,39.4,51.15880429999999,140.815924
01.06.04,12:00:00,1.9,15.9,89,21.6,61.8,,
14.10.04,15:00:00,-200.0,11.3,-200,21.9,44.9,,
03.04.05,5:00:00,0.3,1.0,46,9.6,51.0,,
27.05.04,16:00:00,-200.0,11.3,-200,31.3,15.8,,
07.08.04,11:00:00,1.7,8.4,88,33.5,34.0,,
08.02.05,1:00:00,0.9,1.4,74,7.0,39.8,,
16.07.04,18:00:00,4.0,23.7,206,35.9,17.7,,
15.09.04,1:00:00,-200.0,2.6,-200,21.4,74.0,,
16.09.04,12:00:00,1.7,10.0,95,21.1,58.3,,
25.12.04,5:00:00,2.2,8.6,119,9.0,69.8,,
16.08.04,11:00:00,1.4,7.4,106,35.3,17.0,,
25.02.05,16:00:00,2.0,7.9,150,12.6,38.5,,
11.12.04,17:00:00,2.5,11.5,131,16.1,23.4,,
11.11.04,23:00:00,1.1,4.0,84,12.7,71.0,,
28.06.04,12:00:00,1.9,12.3,118,37.5,21.5,,
16.06.04,10:00:00,2.4,12.2,115,27.1,38.8,,
02.10.04,13:00:00,-200.0,11.2,-200,25.7,49.2,,
21.04.04,21:00:00,-200.0,16.4,-200,19.8,39.5,176.0223104,204.1411699
21.04.04,22:00:00,-200.0,10.6,-200,19.2,42.1,182.6202199,208.2240528
13.12.04,3:00:00,1.3,2.4,-200,6.9,62.3,,
20.06.04,23:00:00,4.2,-200.0,108,-200.0,-200.0,,
12.07.04,18:00:00,3.3,15.3,119,23.6,35.5,,
07.08.04,13:00:00,1.1,6.0,64,37.5,24.7,,
04.05.04,22:00:00,0.9,4.3,53,18.5,56.0,41.36774068,132.42280290000002
27.11.04,14:00:00,4.7,20.1,158,15.6,71.4,,
16.04.04,3:00:00,1.0,2.7,-200,12.9,68.5,132.2408346,144.7849689
05.04.04,6:00:00,-200.0,6.2,-200,12.9,65.3,145.47397769999998,164.87535580000002
14.05.04,17:00:00,3.0,14.9,126,27.6,22.3,129.8757347,62.65846266
13.05.04,4:00:00,-200.0,1.0,25,16.2,53.0,114.33120819999999,65.93037354
31.10.04,9:00:00,1.3,5.7,64,19.3,74.1,,
06.07.04,12:00:00,3.4,19.3,179,38.2,20.9,,
09.12.04,19:00:00,3.2,12.2,135,15.1,45.4,,
23.11.04,6:00:00,1.4,7.7,98,8.5,81.1,,
05.07.04,22:00:00,1.9,11.3,103,27.3,36.8,,
30.03.04,9:00:00,4.2,21.5,150,16.3,28.8,71.11253821,114.11823170000001
12.12.04,18:00:00,6.3,25.4,188,12.2,53.9,,
13.11.04,10:00:00,3.1,14.7,164,17.9,54.6,,
07.09.04,23:00:00,-200.0,-200.0,-200,-200.0,-200.0,,
21.05.04,8:00:00,4.8,28.2,126,18.2,46.2,113.98480420000001,60.93587612
30.05.04,22:00:00,1.2,8.4,117,22.3,33.6,,
04.05.04,17:00:00,1.6,10.6,59,19.5,55.7,59.39100258,170.1930285
20.02.05,17:00:00,1.2,2.8,115,8.4,56.3,,
26.04.04,11:00:00,1.3,5.2,78,18.8,31.7,170.3987764,202.58292509999998
29.10.04,6:00:00,1.3,7.7,91,19.3,71.6,,
21.03.04,17:00:00,2.3,9.0,105,19.4,41.3,42.895404600000006,52.96502071
19.07.04,17:00:00,-200.0,16.8,149,39.6,17.0,,
05.08.04,4:00:00,-200.0,2.1,-200,24.5,57.1,,
30.01.05,15:00:00,0.9,1.8,76,7.6,27.9,,
13.06.04,1:00:00,1.0,5.8,53,25.4,45.5,,
17.09.04,19:00:00,3.1,15.9,129,22.8,42.5,,
06.12.04,21:00:00,2.7,12.8,112,15.3,63.1,,
24.11.04,1:00:00,2.8,13.4,123,10.0,83.6,,
13.05.04,12:00:00,1.9,8.7,97,17.2,52.8,126.4063899,62.215161800000004
02.04.05,21:00:00,0.8,1.8,87,13.5,39.4,,
24.12.04,23:00:00,5.2,-200.0,152,-200.0,-200.0,,
25.04.04,8:00:00,0.6,1.6,45,14.4,45.9,172.3024763,204.5205893
13.01.05,21:00:00,3.3,13.0,129,9.5,71.3,,
07.07.04,9:00:00,4.0,24.5,189,29.6,28.7,,
18.03.04,21:00:00,3.2,14.1,135,16.0,48.4,28.41245145,56.94017165
25.07.04,18:00:00,1.2,4.0,78,27.6,47.5,,
29.05.04,19:00:00,1.0,7.0,93,21.7,32.2,,
07.01.05,10:00:00,2.4,9.3,123,7.7,73.8,,
25.08.04,6:00:00,1.1,6.4,78,23.6,54.2,,
12.08.04,14:00:00,1.0,5.0,56,35.9,32.1,,
26.06.04,2:00:00,0.9,4.5,61,21.2,37.6,,
02.08.04,15:00:00,1.4,9.4,105,37.9,23.8,,
14.06.04,3:00:00,0.3,0.5,-200,19.0,49.0,,
07.05.04,11:00:00,1.3,6.3,101,19.7,33.7,48.04354473,159.05378169999997
05.04.04,15:00:00,2.1,9.8,89,21.6,41.7,131.49088270000001,145.66040800000002
28.04.04,23:00:00,1.6,9.5,92,17.9,56.2,182.4227961,209.9115375
17.05.04,11:00:00,1.5,8.3,92,24.2,21.7,117.5002686,60.65902794
28.08.04,8:00:00,1.2,7.1,62,20.7,53.3,,
25.12.04,23:00:00,4.2,13.1,125,11.0,81.7,,
19.03.04,0:00:00,2.0,8.9,106,12.0,69.7,34.33079736,60.91309341
09.11.04,17:00:00,1.6,8.1,-200,11.0,58.8,,
05.10.04,10:00:00,-200.0,22.8,-200,23.9,48.7,,
22.06.04,6:00:00,0.9,6.4,67,17.8,56.5,,
25.10.04,6:00:00,1.2,7.2,59,15.8,79.6,,
03.10.04,18:00:00,-200.0,11.0,-200,24.7,51.9,,
26.12.04,0:00:00,2.6,7.7,121,11.7,79.8,,
14.08.04,11:00:00,1.0,4.0,57,35.0,29.0,,
14.03.04,11:00:00,2.8,10.9,114,16.9,46.1,49.13273986,52.38482753
12.02.05,14:00:00,3.8,17.5,216,11.0,51.4,,
30.03.04,4:00:00,-200.0,1.3,69,12.2,37.2,81.3348314,109.49608559999999
19.12.04,1:00:00,3.9,13.0,162,7.6,40.6,,
15.08.04,3:00:00,0.4,2.2,-200,23.8,57.5,,
09.12.04,10:00:00,1.4,4.7,102,14.3,55.4,,
16.08.04,18:00:00,1.3,7.0,77,35.2,22.3,,
15.11.04,11:00:00,1.6,6.2,127,13.8,36.2,,
17.07.04,21:00:00,1.9,8.7,106,29.7,24.2,,
10.10.04,12:00:00,2.3,9.3,81,24.5,58.8,,
20.02.05,0:00:00,1.9,7.5,173,9.4,44.7,,
21.08.04,15:00:00,-200.0,3.0,-200,26.9,35.2,,
29.10.04,3:00:00,0.6,2.2,-200,18.7,73.5,,
08.05.04,13:00:00,-200.0,9.2,-200,16.2,60.0,112.2015665,67.33327831
13.04.04,0:00:00,0.7,2.0,58,10.7,58.2,132.8607658,152.6704695
14.06.04,0:00:00,0.7,2.0,45,19.4,45.9,,
12.04.04,8:00:00,0.6,1.5,57,13.3,53.6,124.5147054,146.4491533
01.12.04,5:00:00,0.6,2.5,63,8.3,80.4,,
26.02.05,20:00:00,3.7,10.2,157,7.3,56.7,,
29.07.04,18:00:00,-200.0,14.0,127,35.7,19.8,,
17.06.04,9:00:00,3.7,22.1,154,25.2,43.0,,
19.02.05,11:00:00,2.1,6.9,217,4.2,54.0,,
02.04.04,10:00:00,3.3,15.9,127,16.9,52.3,76.61513254,103.06985350000001
22.02.05,4:00:00,0.4,0.5,46,3.4,85.4,,
09.08.04,0:00:00,1.2,6.5,57,25.8,60.4,,
30.03.05,18:00:00,3.4,17.1,183,21.5,39.1,,
06.05.04,23:00:00,1.8,7.3,81,14.1,64.9,31.17488775,140.42306630000002
14.11.04,5:00:00,0.3,0.4,20,9.5,52.2,,
20.07.04,23:00:00,-200.0,14.2,112,29.0,33.4,,
08.01.05,8:00:00,2.3,10.0,113,6.7,77.1,,
09.12.04,8:00:00,1.9,7.6,114,15.0,55.3,,
30.03.04,1:00:00,0.7,1.8,66,11.6,33.6,87.60769668,110.5244216
07.11.04,1:00:00,2.0,8.4,87,17.5,60.7,,
01.04.04,5:00:00,0.9,2.9,50,11.0,63.7,71.27810621,105.1658149
03.08.04,5:00:00,-200.0,2.5,86,27.2,47.2,,
22.04.04,17:00:00,-200.0,27.1,-200,29.4,20.5,181.2219361,203.6704447
11.09.04,23:00:00,-200.0,12.4,-200,24.6,47.2,,
11.01.05,20:00:00,4.7,24.5,162,12.9,61.5,,
16.01.05,4:00:00,1.7,5.9,115,3.7,68.9,,
12.08.04,0:00:00,1.6,7.9,46,27.3,57.8,,
18.10.04,21:00:00,-200.0,14.2,-200,17.6,65.9,,
17.11.04,19:00:00,6.6,30.1,288,13.0,55.1,,
21.05.04,18:00:00,3.6,20.1,155,27.6,25.7,114.2780111,66.03733506
03.08.04,23:00:00,-200.0,11.2,111,28.0,49.0,,
08.11.04,8:00:00,1.7,7.4,131,10.7,50.4,,
29.05.04,2:00:00,0.6,5.1,84,18.0,51.4,,
03.10.04,14:00:00,-200.0,6.0,-200,27.4,42.8,,
09.11.04,5:00:00,-200.0,1.9,-200,4.1,73.1,,
29.12.04,0:00:00,-200.0,2.9,-200,8.7,83.0,,
12.10.04,9:00:00,-200.0,8.4,-200,18.1,56.4,,
10.01.05,3:00:00,0.9,2.1,-200,12.8,71.2,,
18.04.04,18:00:00,-200.0,8.5,-200,17.5,54.2,173.2653329,203.73754519999997
17.11.04,4:00:00,0.7,1.2,68,6.2,61.0,,
09.03.05,7:00:00,1.7,7.2,141,2.0,65.3,,
14.01.05,13:00:00,3.3,17.4,160,11.0,60.9,,
01.11.04,8:00:00,1.5,8.7,51,19.1,75.6,,
24.11.04,3:00:00,1.8,8.4,-200,10.6,80.3,,
27.03.05,6:00:00,0.7,2.3,61,15.8,65.9,,
24.05.04,5:00:00,0.1,0.7,29,16.1,36.5,112.03965990000002,69.17555141
24.06.04,2:00:00,1.0,5.3,44,23.3,59.4,,
25.05.04,22:00:00,-200.0,-200.0,-200,-200.0,-200.0,,
30.06.04,12:00:00,2.5,13.4,155,36.6,27.8,,
01.06.04,9:00:00,2.3,15.2,103,18.5,70.3,,
27.06.04,1:00:00,1.4,9.3,75,25.5,47.6,,
19.12.04,16:00:00,3.3,11.6,146,4.7,82.3,,
09.04.04,3:00:00,1.0,-200.0,-200,-200.0,-200.0,149.0817495,162.1622801
27.06.04,22:00:00,2.4,11.9,137,29.0,33.6,,
10.09.04,22:00:00,1.6,9.2,127,26.0,33.4,,
31.05.04,14:00:00,1.3,13.8,121,30.5,26.2,,
11.01.05,6:00:00,0.9,3.3,75,12.0,69.2,,
27.01.05,10:00:00,2.0,5.5,185,5.9,40.2,,
04.05.04,11:00:00,2.2,12.4,87,21.2,49.3,33.18431518,173.75918230000002
28.07.04,14:00:00,-200.0,7.8,92,33.9,16.2,,
13.09.04,14:00:00,2.2,12.6,120,32.1,33.5,,
12.08.04,20:00:00,1.5,7.9,79,30.3,45.1,,
20.09.04,21:00:00,2.1,11.7,118,24.8,33.7,,
21.01.05,4:00:00,-200.0,5.9,101,5.4,65.9,,
02.09.04,17:00:00,-200.0,15.3,-200,37.2,18.9,,
06.04.04,8:00:00,6.2,33.7,129,16.2,52.5,147.3496272,141.100109
22.09.04,18:00:00,5.1,26.2,213,28.8,39.0,,
31.08.04,17:00:00,2.0,10.1,82,32.7,33.0,,
28.10.04,5:00:00,0.8,5.2,48,15.2,78.0,,
06.01.05,6:00:00,0.8,1.8,72,12.4,62.6,,
21.06.04,3:00:00,0.3,-200.0,-200,-200.0,-200.0,,
26.12.04,14:00:00,1.0,2.7,88,14.9,57.9,,
28.03.05,17:00:00,1.6,6.2,109,24.2,38.1,,
14.03.04,16:00:00,3.0,11.9,129,22.2,28.4,22.08459852,59.68157374
01.03.05,21:00:00,2.2,5.3,159,0.8,36.3,,
20.11.04,22:00:00,0.9,7.1,149,6.6,44.1,,
31.03.04,10:00:00,1.7,6.5,118,11.5,71.0,83.46841742,115.8525242
07.02.05,8:00:00,2.3,8.7,246,2.9,49.5,,
26.10.04,8:00:00,4.5,25.0,93,16.3,75.9,,
03.04.05,20:00:00,2.5,7.9,187,17.5,40.7,,
06.09.04,0:00:00,1.3,4.1,-200,25.3,36.9,,
06.09.04,21:00:00,1.3,5.5,-200,25.7,35.8,,
23.07.04,20:00:00,2.5,14.8,115,33.1,28.3,,
21.05.04,11:00:00,1.8,11.2,117,28.5,23.8,123.8484551,60.38722648
18.01.05,6:00:00,0.9,3.5,106,4.2,57.1,,
15.12.04,18:00:00,7.3,-200.0,214,-200.0,-200.0,,
04.02.05,12:00:00,1.5,7.0,169,15.0,28.5,,
08.04.04,9:00:00,4.2,19.1,130,13.0,54.2,151.8070161,142.55164399999998
23.06.04,22:00:00,2.8,15.1,125,26.1,37.8,,
16.01.05,1:00:00,3.2,9.8,165,4.9,67.1,,
15.01.05,20:00:00,3.3,12.8,166,7.6,65.3,,
05.05.04,6:00:00,1.3,6.9,81,14.5,78.3,47.06528813,132.668499
28.11.04,12:00:00,2.2,6.5,110,11.8,65.0,,
07.11.04,12:00:00,1.0,3.6,61,18.0,35.1,,
26.07.04,22:00:00,-200.0,7.0,92,28.4,35.8,,
03.11.04,23:00:00,2.7,14.2,77,19.5,67.6,,
10.11.04,9:00:00,2.0,9.5,149,7.9,73.5,,
25.05.04,21:00:00,-200.0,-200.0,-200,-200.0,-200.0,,
07.03.05,20:00:00,4.2,15.4,224,6.1,33.3,,
18.09.04,7:00:00,1.2,6.4,82,20.0,50.7,,
10.02.05,11:00:00,3.7,-200.0,232,-200.0,-200.0,,
16.08.04,22:00:00,1.3,5.7,84,28.0,34.9,,
06.07.04,9:00:00,3.4,17.6,162,26.7,39.4,,
30.03.05,19:00:00,4.2,19.9,193,19.3,46.2,,
12.06.04,2:00:00,0.6,4.3,52,24.1,32.0,,
01.09.04,4:00:00,0.5,2.8,48,20.8,64.9,,
23.02.05,6:00:00,0.6,1.0,66,4.2,75.9,,
28.11.04,2:00:00,-200.0,6.1,-200,10.5,78.6,,
10.08.04,10:00:00,2.6,14.5,90,33.6,35.7,,
08.02.05,21:00:00,1.9,-200.0,187,-200.0,-200.0,,
29.10.04,20:00:00,1.7,6.7,103,18.9,70.4,,
20.05.04,11:00:00,2.2,12.5,117,28.6,25.8,130.0319439,64.51380474
05.06.04,12:00:00,1.4,8.0,68,30.7,26.0,,
02.08.04,18:00:00,2.2,13.7,173,35.5,25.7,,
11.11.04,2:00:00,1.4,6.6,97,9.2,73.9,,
13.01.05,4:00:00,1.1,3.7,86,6.2,82.1,,
04.11.04,10:00:00,-200.0,26.3,143,20.6,56.0,,
12.03.05,8:00:00,0.1,3.3,88,10.6,66.1,,
20.03.05,22:00:00,1.9,6.3,124,14.8,61.3,,
25.02.05,12:00:00,1.7,6.6,153,13.0,40.3,,
15.07.04,5:00:00,0.4,3.1,46,21.4,45.6,,
01.08.04,9:00:00,0.8,5.5,36,27.3,52.4,,
13.06.04,18:00:00,1.0,2.9,68,20.7,43.4,,
01.08.04,2:00:00,0.9,6.2,40,25.1,53.9,,
25.01.05,19:00:00,1.0,5.8,142,4.3,56.7,,
25.01.05,6:00:00,-200.0,0.1,35,3.3,58.1,,
31.05.04,6:00:00,0.5,6.5,60,16.6,52.1,,
23.07.04,11:00:00,1.8,11.2,120,37.3,22.9,,
17.02.05,10:00:00,1.8,5.4,167,10.1,36.7,,
22.01.05,20:00:00,0.7,12.6,175,11.3,25.7,,
20.04.04,10:00:00,-200.0,17.1,-200,16.0,56.3,183.2358628,211.6899028
14.10.04,16:00:00,-200.0,10.4,-200,21.5,46.7,,
04.05.04,6:00:00,1.9,9.9,88,16.0,80.8,45.98498575,168.9614735
06.06.04,20:00:00,1.6,7.6,94,22.5,37.8,,
06.06.04,16:00:00,0.9,4.2,59,25.9,32.0,,
27.09.04,23:00:00,1.3,6.8,90,16.7,46.6,,
06.11.04,18:00:00,3.5,17.0,101,20.1,59.6,,
05.06.04,9:00:00,1.6,7.6,81,22.4,47.9,,
21.10.04,20:00:00,5.0,27.5,107,24.7,58.7,,
21.01.05,5:00:00,1.3,6.6,117,5.5,66.5,,
05.10.04,4:00:00,-200.0,2.5,-200,18.8,65.3,,
15.10.04,11:00:00,-200.0,14.2,-200,24.4,43.9,,
09.07.04,15:00:00,1.5,10.3,138,33.2,20.4,,
16.04.04,18:00:00,5.2,20.4,141,14.0,76.3,124.8662808,143.2021155
11.04.04,10:00:00,1.6,6.2,77,17.4,35.4,139.849486,141.4970689
07.11.04,11:00:00,0.7,2.7,63,18.0,34.7,,
27.07.04,3:00:00,-200.0,2.0,-200,26.0,40.6,,
22.07.04,7:00:00,4.4,26.9,127,24.7,50.9,,
20.05.04,22:00:00,2.6,12.8,137,20.7,38.0,127.712972,70.03199319
11.05.04,11:00:00,3.0,18.3,119,23.5,29.5,120.20407990000001,69.79468615
06.01.05,4:00:00,-200.0,2.5,67,12.0,64.6,,
31.05.04,18:00:00,3.5,25.0,161,26.0,34.6,,
17.09.04,2:00:00,0.5,3.2,40,20.6,56.6,,
26.09.04,1:00:00,2.5,11.7,101,15.5,52.2,,
12.03.04,5:00:00,0.6,1.0,44,6.3,65.0,45.3152533,58.82454421
22.01.05,18:00:00,0.1,8.6,148,13.4,27.2,,
29.08.04,16:00:00,-200.0,5.4,-200,36.2,21.4,,
08.11.04,6:00:00,0.3,0.6,26,10.9,50.1,,
27.08.04,0:00:00,1.3,-200.0,71,-200.0,-200.0,,
16.01.05,12:00:00,0.8,2.2,89,11.1,33.4,,
13.10.04,9:00:00,1.5,5.9,78,15.4,53.2,,
21.09.04,12:00:00,3.3,17.7,157,30.1,35.1,,
02.02.05,17:00:00,3.1,13.4,158,13.2,20.4,,
18.06.04,3:00:00,0.4,2.5,-200,22.2,50.7,,
01.06.04,11:00:00,1.6,12.4,86,20.4,63.1,,
09.07.04,7:00:00,2.9,18.1,129,27.0,37.3,,
01.08.04,6:00:00,0.4,2.6,30,23.3,62.0,,
05.01.05,2:00:00,1.9,8.1,119,9.1,70.9,,
11.02.05,19:00:00,7.1,-200.0,289,-200.0,-200.0,,
02.04.04,11:00:00,2.9,14.2,127,19.4,44.1,76.74904148,114.70269259999999
03.05.04,21:00:00,2.0,9.8,100,18.7,64.6,50.661736600000005,129.79551999999998
23.06.04,21:00:00,2.5,13.0,121,27.3,35.3,,
14.05.04,16:00:00,2.3,13.1,119,28.1,21.9,130.1293384,67.89295855
13.02.05,5:00:00,2.9,11.5,153,8.5,82.9,,
04.01.05,11:00:00,3.3,-200.0,196,-200.0,-200.0,,
13.12.04,17:00:00,5.9,33.4,218,14.1,44.9,,
06.04.04,23:00:00,1.1,4.8,74,15.7,47.0,124.98695790000001,144.29024109999997
04.07.04,8:00:00,1.1,6.1,69,23.7,54.3,,
19.04.04,21:00:00,-200.0,4.6,-200,10.8,68.2,178.2839936,202.68930600000002
25.08.04,22:00:00,1.4,6.8,83,26.3,37.3,,
21.10.04,11:00:00,2.0,12.2,91,27.0,47.6,,
18.04.04,15:00:00,-200.0,6.8,-200,16.2,62.4,170.14483380000001,211.68399359999998
08.06.04,19:00:00,4.5,25.0,170,30.8,27.2,,
12.09.04,4:00:00,-200.0,4.2,-200,21.6,55.8,,
25.02.05,22:00:00,2.7,11.2,188,6.2,62.4,,
30.05.04,16:00:00,0.6,6.2,77,30.3,17.0,,
28.07.04,23:00:00,-200.0,8.5,96,26.3,29.0,,
02.08.04,2:00:00,0.7,3.7,51,26.2,61.6,,
21.08.04,9:00:00,-200.0,2.6,-200,28.0,34.9,,
05.12.04,23:00:00,1.0,3.3,73,13.1,64.3,,
14.04.04,23:00:00,-200.0,5.8,-200,13.4,54.2,120.9432413,146.090978
24.10.04,12:00:00,1.5,7.6,68,25.0,49.1,,
19.11.04,21:00:00,4.3,6.5,146,14.2,27.7,,
10.04.04,9:00:00,2.0,8.8,84,15.0,53.1,155.4685729,142.07029980000002
13.05.04,16:00:00,3.1,16.4,123,19.8,44.3,121.53786840000001,65.67927257
26.01.05,5:00:00,-200.0,0.1,17,2.7,53.9,,
13.05.04,21:00:00,3.3,15.9,131,18.2,54.7,127.77186370000001,66.49285586
20.04.04,4:00:00,-200.0,1.2,-200,9.8,80.0,182.0335301,211.73661529999998
09.01.05,13:00:00,1.9,8.1,128,16.9,50.9,,
24.11.04,10:00:00,3.6,17.7,110,11.1,77.2,,
18.09.04,6:00:00,0.8,3.6,71,20.1,47.8,,
24.08.04,13:00:00,1.3,7.1,107,34.6,18.2,,
23.05.04,20:00:00,0.9,5.5,56,23.9,40.4,112.69830120000002,68.61317577
13.08.04,7:00:00,1.6,8.6,80,26.0,61.9,,
29.07.04,15:00:00,-200.0,12.3,137,38.6,16.1,,
07.08.04,16:00:00,1.0,5.8,68,38.5,21.8,,
12.07.04,21:00:00,1.5,7.5,95,22.5,36.8,,
06.06.04,22:00:00,1.7,7.5,96,20.9,42.6,,
05.02.05,14:00:00,1.1,3.7,129,9.3,33.1,,
21.11.04,19:00:00,1.6,7.4,150,10.1,34.4,,
13.01.05,3:00:00,1.6,6.3,-200,6.9,80.7,,
16.02.05,19:00:00,3.4,15.9,171,7.0,43.4,,
21.04.04,5:00:00,-200.0,3.7,-200,10.1,71.8,189.5982803,211.18314109999997
08.05.04,9:00:00,-200.0,7.7,-200,13.6,66.1,122.47532079999999,63.49467687
16.03.05,1:00:00,1.1,4.0,123,11.4,58.0,,
03.12.04,8:00:00,3.8,21.1,124,13.7,84.5,,
29.12.04,4:00:00,-200.0,1.0,-200,9.0,75.8,,
05.10.04,5:00:00,-200.0,4.1,-200,17.6,69.5,,
10.07.04,14:00:00,0.6,5.0,62,33.1,16.8,,
06.02.05,18:00:00,1.1,2.9,142,6.9,36.4,,
13.06.04,10:00:00,0.6,2.5,60,22.3,35.3,,
13.11.04,13:00:00,3.6,14.1,166,21.5,42.7,,
30.06.04,8:00:00,2.8,16.7,136,28.4,40.4,,
22.08.04,6:00:00,-200.0,2.8,-200,18.6,67.4,,
31.08.04,6:00:00,-200.0,6.6,-200,22.3,62.9,,
23.08.04,14:00:00,0.9,4.1,53,33.4,21.6,,
24.11.04,22:00:00,4.5,19.0,141,8.6,82.3,,
08.04.04,2:00:00,1.1,4.1,72,8.2,79.6,152.7766382,155.58756619999997
06.09.04,7:00:00,1.8,7.8,-200,23.6,49.6,,
24.02.05,17:00:00,3.0,13.2,262,7.2,72.4,,
20.03.04,1:00:00,1.6,5.2,83,13.9,55.9,25.654095899999998,55.12919396
20.08.04,17:00:00,-200.0,5.7,-200,34.5,34.7,,
02.04.05,2:00:00,0.6,1.5,81,12.2,35.6,,
07.05.04,13:00:00,2.2,10.9,110,19.7,28.5,55.23433572,127.76630220000001
13.07.04,1:00:00,1.0,5.0,76,19.3,51.4,,
12.04.04,10:00:00,1.0,2.9,78,13.0,59.6,122.7769355,143.4372415
17.07.04,2:00:00,1.2,8.3,77,22.2,43.0,,
01.11.04,0:00:00,3.2,15.9,69,20.1,71.3,,
27.12.04,22:00:00,1.6,6.0,117,12.1,65.6,,
31.03.04,5:00:00,0.6,1.5,58,14.6,36.0,84.20877592,100.00716159999999
24.03.04,11:00:00,1.7,8.0,88,15.1,44.3,85.12460898,106.4054928
09.08.04,18:00:00,1.7,-200.0,86,-200.0,-200.0,,
09.04.04,13:00:00,4.3,-200.0,135,-200.0,-200.0,120.40621399999999,155.3689593
08.04.04,8:00:00,5.1,27.1,118,9.9,64.3,147.07514430000003,141.46228280000003
22.03.05,18:00:00,3.3,20.9,156,21.3,32.9,,
13.10.04,3:00:00,-200.0,0.5,-200,14.4,57.6,,
21.04.04,23:00:00,-200.0,7.1,-200,18.8,45.8,182.52999440000002,219.18239759999997
18.06.04,22:00:00,1.7,10.2,98,25.2,46.6,,
05.08.04,11:00:00,-200.0,11.2,115,35.8,28.7,,
07.01.05,21:00:00,4.8,17.7,156,5.8,83.8,,
11.01.05,19:00:00,3.6,19.7,146,13.2,61.8,,
20.11.04,5:00:00,0.6,1.5,70,9.0,23.1,,
13.03.04,11:00:00,4.1,16.1,158,15.6,42.2,43.92950759,55.45553332
05.01.05,6:00:00,1.8,8.1,110,7.5,71.7,,
21.08.04,0:00:00,-200.0,6.0,-200,26.7,46.7,,
06.05.04,16:00:00,3.6,14.6,139,12.7,74.2,46.9639129,143.87955
30.11.04,12:00:00,2.0,8.8,105,14.6,65.9,,
27.05.04,4:00:00,-200.0,2.0,-200,18.0,40.9,,
29.12.04,21:00:00,-200.0,4.7,-200,10.7,47.7,,
18.08.04,14:00:00,-200.0,5.4,-200,34.9,29.5,,
15.03.04,6:00:00,1.4,6.4,80,11.4,70.5,42.87789087,60.80136841
17.03.04,14:00:00,2.6,13.7,123,25.9,25.9,44.20596952,59.7520218
11.01.05,23:00:00,3.5,16.2,151,11.9,69.0,,
07.01.05,13:00:00,2.5,11.4,137,10.6,62.3,,
07.01.05,8:00:00,1.7,7.6,99,6.0,78.5,,
01.02.05,7:00:00,1.6,7.7,149,2.2,65.3,,
14.01.05,17:00:00,5.0,24.3,196,10.3,66.3,,
26.02.05,19:00:00,3.0,5.2,142,6.8,58.0,,
05.04.04,22:00:00,1.7,7.7,89,17.4,51.8,137.5102562,143.46380190000002
23.01.05,18:00:00,-200.0,4.3,130,5.7,75.1,,
30.06.04,17:00:00,4.2,24.5,226,38.8,24.2,,
30.12.04,0:00:00,-200.0,2.2,-200,9.7,46.0,,
28.04.04,5:00:00,0.5,2.5,39,16.3,52.8,171.4448734,201.87939540000002
18.04.04,3:00:00,-200.0,5.4,-200,14.6,68.2,181.4254995,205.6103501
01.01.05,5:00:00,1.4,4.8,106,4.2,57.1,,
01.11.04,20:00:00,3.1,14.5,94,21.3,66.3,,
24.04.04,12:00:00,2.6,14.6,105,27.2,32.4,171.164423,211.141366
18.12.04,1:00:00,1.4,5.6,101,13.1,70.5,,
28.02.05,0:00:00,1.6,3.8,150,4.0,50.0,,
10.11.04,18:00:00,2.5,12.6,141,10.6,56.9,,
25.09.04,17:00:00,1.3,6.7,43,21.1,27.7,,
13.03.05,18:00:00,0.8,7.1,135,16.4,43.5,,
05.08.04,2:00:00,-200.0,3.8,-200,25.4,54.4,,
26.07.04,2:00:00,0.8,2.9,48,26.2,45.7,,
29.03.05,4:00:00,-200.0,1.3,46,13.7,68.2,,
08.05.04,16:00:00,-200.0,5.4,-200,19.8,35.4,129.4406367,62.51893486
11.01.05,16:00:00,3.9,20.1,159,13.6,58.9,,
20.06.04,4:00:00,-200.0,-200.0,62,-200.0,-200.0,,
01.12.04,2:00:00,1.2,3.8,76,9.1,80.0,,
19.02.05,14:00:00,1.2,3.7,118,13.8,32.4,,
01.06.04,3:00:00,-200.0,1.1,-200,17.3,77.2,,
04.03.05,8:00:00,3.7,16.8,167,3.7,74.4,,
26.03.04,5:00:00,0.8,3.0,73,7.7,72.4,81.01679543,120.93802600000001
05.09.04,16:00:00,0.8,2.7,-200,33.0,17.5,,
20.07.04,9:00:00,-200.0,26.2,189,29.4,33.6,,
15.03.05,21:00:00,5.7,19.9,233,14.9,47.6,,
28.10.04,15:00:00,4.4,25.9,122,20.7,63.0,,
16.12.04,13:00:00,4.1,-200.0,170,-200.0,-200.0,,
04.06.04,6:00:00,-200.0,3.4,-200,19.2,53.1,,
16.03.04,14:00:00,3.8,20.4,161,25.8,23.2,25.38511462,53.31010875
02.07.04,3:00:00,0.8,3.4,-200,26.6,43.0,,
24.06.04,5:00:00,0.6,3.1,46,21.2,60.9,,
30.11.04,17:00:00,3.5,14.2,143,12.6,62.0,,
27.05.04,1:00:00,-200.0,6.6,-200,18.6,39.3,,
07.05.04,18:00:00,4.3,17.4,133,12.7,70.4,43.79807185,159.1176765
25.10.04,12:00:00,3.5,20.0,111,20.0,63.9,,
21.10.04,4:00:00,-200.0,6.6,59,21.4,69.3,,
22.10.04,7:00:00,2.8,19.5,78,19.8,69.4,,
04.01.05,23:00:00,1.7,-200.0,131,-200.0,-200.0,,
14.12.04,3:00:00,1.0,3.9,-200,8.0,70.6,,
13.03.05,17:00:00,0.5,5.6,119,19.0,37.4,,
16.06.04,6:00:00,1.0,6.8,61,20.6,57.4,,
12.11.04,19:00:00,5.2,20.8,178,16.7,58.0,,
13.05.04,3:00:00,0.4,1.4,-200,16.0,53.7,118.25970749999999,66.91320401
27.12.04,6:00:00,0.5,1.4,67,12.5,57.3,,
25.11.04,17:00:00,4.0,21.8,187,15.4,41.3,,
13.11.04,8:00:00,2.1,9.7,124,14.9,64.1,,
25.10.04,8:00:00,4.4,25.0,88,16.3,74.3,,
14.12.04,20:00:00,5.3,-200.0,167,-200.0,-200.0,,
28.09.04,8:00:00,4.3,27.1,135,14.4,55.7,,
13.03.04,4:00:00,-200.0,6.2,83,7.0,71.1,21.20742698,50.58580122
10.11.04,8:00:00,1.4,5.8,128,7.1,77.9,,
13.09.04,9:00:00,-200.0,17.7,-200,23.0,60.2,,
06.07.04,16:00:00,2.4,15.3,168,39.6,13.2,,
06.12.04,15:00:00,2.5,13.8,109,20.3,47.5,,
26.09.04,20:00:00,2.1,7.3,98,19.6,36.3,,
26.09.04,16:00:00,0.9,3.5,54,23.4,27.1,,
09.02.05,17:00:00,2.3,-200.0,176,-200.0,-200.0,,
13.03.04,5:00:00,1.0,2.6,65,8.3,63.6,32.91571516,59.95661832
07.12.04,6:00:00,0.8,2.8,67,14.1,60.6,,
24.01.05,16:00:00,1.3,7.1,172,10.6,34.2,,
18.10.04,17:00:00,-200.0,36.5,-200,19.7,57.8,,
29.05.04,6:00:00,0.1,2.0,45,17.9,46.1,,
08.09.04,5:00:00,-200.0,-200.0,-200,-200.0,-200.0,,
10.10.04,7:00:00,1.3,7.7,56,21.3,68.2,,
17.01.05,7:00:00,1.0,3.2,95,3.6,55.4,,
11.06.04,8:00:00,4.8,28.9,134,22.8,42.7,,
28.12.04,10:00:00,-200.0,15.3,-200,10.6,67.9,,
14.09.04,7:00:00,-200.0,27.8,-200,22.0,58.3,,
15.04.04,3:00:00,-200.0,1.7,-200,10.2,63.2,157.7680936,170.8489865
21.08.04,4:00:00,-200.0,2.2,-200,24.3,46.3,,
21.05.04,21:00:00,2.5,13.8,130,22.3,32.1,120.6086118,65.76505771
29.03.05,18:00:00,3.9,15.3,181,18.5,54.6,,
17.04.04,5:00:00,-200.0,4.2,-200,12.8,80.0,158.74444580000002,162.1480747
26.04.04,5:00:00,0.4,1.2,44,13.9,43.9,184.35132280000002,202.34682769999998
19.10.04,2:00:00,-200.0,6.5,-200,14.1,76.7,,
14.03.04,20:00:00,5.9,23.1,173,17.6,46.1,35.85184141,51.35748733
04.04.05,11:00:00,2.4,11.4,179,24.3,23.7,,
11.02.05,20:00:00,4.9,-200.0,215,-200.0,-200.0,,
24.01.05,7:00:00,0.6,2.9,104,6.6,47.9,,
12.03.04,16:00:00,2.8,12.7,120,15.9,37.2,37.25957247,50.3012818
18.11.04,11:00:00,4.7,20.2,278,13.4,52.8,,
10.03.05,4:00:00,1.0,3.3,94,4.0,80.9,,
17.10.04,8:00:00,-200.0,4.8,-200,15.9,61.0,,
17.02.05,3:00:00,1.0,3.6,-200,5.8,42.9,,
19.04.04,10:00:00,-200.0,6.8,-200,19.5,43.3,181.63272030000002,214.88535299999998
13.03.04,9:00:00,3.7,15.1,119,9.6,59.7,35.5065547,51.74483208
17.07.04,16:00:00,1.4,7.2,87,41.1,13.1,,
29.06.04,11:00:00,2.1,12.8,122,35.4,27.8,,
06.09.04,10:00:00,1.3,5.7,-200,27.6,34.2,,
16.12.04,11:00:00,4.5,-200.0,210,-200.0,-200.0,,
28.05.04,21:00:00,0.9,7.0,102,20.0,47.6,,
18.03.05,13:00:00,2.3,12.0,161,24.7,25.5,,
27.03.04,8:00:00,1.5,6.7,71,7.2,63.9,86.09255273,107.5051486
08.04.04,1:00:00,1.5,5.7,89,9.0,76.7,120.9091138,167.7210807
06.03.05,15:00:00,3.0,13.3,163,13.3,25.7,,
27.10.04,22:00:00,1.1,5.8,69,17.6,69.9,,
08.11.04,7:00:00,0.7,2.1,72,10.8,49.7,,
11.01.05,10:00:00,3.7,15.3,143,12.8,62.5,,
16.07.04,21:00:00,2.9,16.5,149,28.5,27.8,,
13.02.05,15:00:00,1.7,8.4,106,19.9,34.1,,
20.09.04,3:00:00,0.6,2.2,-200,19.9,62.3,,
02.04.04,8:00:00,3.9,20.3,114,12.6,70.2,78.10507159,115.84911389999999
29.08.04,2:00:00,-200.0,7.3,-200,22.6,62.6,,
19.11.04,17:00:00,7.5,24.4,193,17.7,56.6,,
22.01.05,11:00:00,1.5,16.6,246,11.6,59.8,,
22.02.05,3:00:00,0.4,0.6,-200,2.5,86.6,,
30.11.04,10:00:00,3.6,15.9,141,13.7,70.9,,
30.01.05,16:00:00,1.0,1.8,95,7.9,25.9,,
05.01.05,4:00:00,2.0,7.7,111,7.9,72.1,,
15.09.04,6:00:00,-200.0,7.8,-200,20.1,77.4,,
04.05.04,13:00:00,2.3,12.3,100,21.4,47.7,49.60425128,138.1480622
08.12.04,4:00:00,1.7,7.9,75,11.6,72.5,,
27.07.04,2:00:00,-200.0,4.1,49,25.8,40.9,,
01.11.04,12:00:00,2.7,12.5,90,25.8,56.1,,
16.08.04,10:00:00,2.0,10.6,110,33.4,20.1,,
02.05.04,1:00:00,1.8,7.9,74,17.1,60.4,52.38876621,155.258565
14.01.05,14:00:00,3.1,15.1,143,11.3,60.1,,
17.02.05,2:00:00,2.3,7.9,173,5.7,42.1,,
05.07.04,0:00:00,1.5,9.0,93,24.7,38.7,,
14.10.04,4:00:00,-200.0,0.8,-200,15.1,55.4,,
10.12.04,13:00:00,1.8,8.1,114,18.1,21.3,,
02.06.04,14:00:00,-200.0,4.8,30,30.9,30.7,,
03.11.04,15:00:00,2.5,12.9,87,26.3,43.7,,
12.12.04,21:00:00,2.6,9.6,125,10.6,51.2,,
13.11.04,23:00:00,0.8,2.1,52,13.3,53.0,,
29.11.04,18:00:00,2.3,10.0,115,16.7,57.3,,
12.11.04,0:00:00,1.2,4.5,92,12.9,69.9,,
30.04.04,21:00:00,3.1,15.1,110,18.2,65.4,40.60319265,164.4955585
19.10.04,15:00:00,-200.0,15.3,-200,22.8,53.0,,
08.07.04,10:00:00,2.7,17.6,162,29.8,33.1,,
05.10.04,0:00:00,-200.0,6.4,-200,20.0,63.1,,
01.11.04,11:00:00,2.6,13.9,88,25.1,56.0,,
15.08.04,5:00:00,0.4,2.4,27,22.5,61.8,,
28.05.04,0:00:00,-200.0,7.8,-200,19.4,40.7,,
28.06.04,16:00:00,1.8,11.6,130,39.9,20.1,,
13.08.04,6:00:00,0.8,4.0,52,25.2,67.1,,
22.09.04,9:00:00,5.5,29.0,165,23.5,52.0,,
18.09.04,12:00:00,1.4,6.6,78,27.7,28.1,,
04.12.04,5:00:00,1.7,6.8,71,11.4,81.1,,
15.06.04,10:00:00,2.1,11.9,109,28.8,29.1,,
06.07.04,6:00:00,1.6,10.2,97,21.8,52.5,,
31.01.05,23:00:00,1.4,5.4,161,5.1,45.6,,
08.06.04,20:00:00,3.8,21.6,143,28.8,30.2,,
02.07.04,7:00:00,2.6,17.5,102,25.7,49.7,,
17.12.04,23:00:00,1.4,5.7,106,12.6,74.3,,
05.04.04,12:00:00,3.2,15.7,114,17.0,54.3,127.4321284,140.24839269999998
27.11.04,2:00:00,3.8,14.9,122,12.4,78.4,,
28.08.04,19:00:00,-200.0,9.0,-200,29.8,39.6,,
30.03.04,7:00:00,2.6,13.4,115,11.9,38.4,78.20756409,107.08931709999999
21.01.05,22:00:00,3.5,21.8,230,8.9,71.0,,
24.07.04,18:00:00,1.3,6.0,82,32.3,33.4,,
04.04.04,16:00:00,-200.0,10.5,-200,24.4,36.0,159.1425561,170.1685315
26.01.05,13:00:00,0.2,3.5,122,4.3,49.7,,
16.04.04,1:00:00,1.9,6.7,93,13.4,69.6,142.96482369999998,161.15598319999998
25.08.04,18:00:00,1.3,5.8,54,32.5,34.1,,
19.05.04,6:00:00,0.7,5.7,54,16.4,52.1,113.199177,68.08207183
25.04.04,6:00:00,0.5,1.1,37,12.8,49.3,182.6759414,203.65439650000002
21.10.04,16:00:00,3.0,17.7,102,26.5,52.2,,
02.09.04,6:00:00,0.8,5.8,58,21.8,55.5,,
19.09.04,14:00:00,2.0,10.8,87,29.8,28.5,,
21.03.04,18:00:00,3.8,15.1,116,18.5,43.8,49.615404999999996,51.68413967
22.06.04,17:00:00,3.5,20.5,145,33.1,23.5,,
20.02.05,9:00:00,0.7,1.6,81,8.8,50.7,,
31.10.04,4:00:00,-200.0,2.7,45,18.4,74.2,,
16.03.05,13:00:00,2.4,10.9,173,26.1,20.8,,
04.04.04,8:00:00,-200.0,4.2,-200,15.3,59.0,77.03962613,116.8542412
24.01.05,10:00:00,1.4,5.7,183,8.7,46.7,,
29.10.04,2:00:00,0.6,2.5,43,18.4,73.8,,
08.08.04,5:00:00,0.6,2.4,29,23.8,61.3,,
02.12.04,8:00:00,4.2,21.6,131,12.9,73.8,,
04.11.04,9:00:00,3.6,23.3,88,17.8,65.4,,
21.09.04,23:00:00,1.3,7.7,77,22.1,58.4,,
09.05.04,18:00:00,-200.0,6.3,-200,17.8,44.3,124.5735544,64.63552629
01.04.05,2:00:00,0.5,1.1,35,14.5,43.7,,
02.11.04,3:00:00,0.7,3.1,-200,17.5,74.5,,
19.08.04,0:00:00,1.2,5.7,46,27.7,53.0,,
05.03.05,2:00:00,1.7,4.0,157,5.8,59.6,,
29.03.05,16:00:00,2.7,12.3,153,18.3,54.8,,
04.09.04,6:00:00,1.0,5.3,-200,22.5,53.6,,
12.07.04,13:00:00,2.1,9.6,96,27.0,27.9,,
28.04.04,14:00:00,3.2,21.9,126,27.7,26.5,187.33718249999998,217.3818801
16.10.04,5:00:00,-200.0,4.7,-200,14.5,80.5,,
18.08.04,16:00:00,1.4,7.4,71,36.4,27.1,,
06.05.04,7:00:00,2.9,16.8,101,14.7,58.5,53.16734225,150.1410758
17.08.04,18:00:00,-200.0,4.2,-200,36.1,20.7,,
14.02.05,7:00:00,0.7,2.2,104,9.0,37.3,,
09.01.05,11:00:00,1.5,5.7,111,14.0,59.7,,
05.04.04,19:00:00,3.9,18.0,121,18.8,47.5,136.20797240000002,161.0998745
18.03.05,5:00:00,0.7,2.0,99,7.7,67.1,,
06.08.04,4:00:00,-200.0,3.4,55,21.4,75.5,,
08.02.05,22:00:00,1.1,-200.0,127,-200.0,-200.0,,
14.11.04,3:00:00,0.4,0.8,-200,9.9,54.3,,
10.12.04,23:00:00,1.0,3.4,99,12.6,23.4,,
16.12.04,0:00:00,2.2,-200.0,100,-200.0,-200.0,,
22.11.04,16:00:00,3.5,22.8,235,8.5,49.6,,
29.04.04,14:00:00,3.4,20.9,122,22.4,37.9,184.5662695,207.57530500000001
23.05.04,5:00:00,0.3,2.1,37,17.7,56.0,118.8079076,67.89121192
02.07.04,12:00:00,1.8,11.7,108,35.6,27.2,,
14.04.04,6:00:00,1.6,7.4,71,10.3,65.6,123.9282143,150.9950826
02.08.04,8:00:00,-200.0,17.8,-200,27.1,54.4,,
17.07.04,4:00:00,0.9,4.6,76,21.3,45.9,,
08.01.05,21:00:00,3.4,13.6,169,13.3,63.6,,
17.01.05,11:00:00,3.8,15.1,208,8.2,40.5,,
28.05.04,10:00:00,-200.0,9.6,-200,24.3,35.1,,
07.02.05,17:00:00,1.7,6.9,187,10.5,27.8,,
04.06.04,12:00:00,-200.0,9.5,-200,27.0,27.8,,
22.03.04,17:00:00,2.6,12.4,103,20.2,28.5,37.91933107,59.30602054
26.01.05,16:00:00,0.3,4.2,133,5.7,43.1,,
26.03.04,1:00:00,1.4,4.8,91,9.7,61.6,75.77626409,113.0842172
01.07.04,6:00:00,0.9,6.4,60,24.4,55.2,,
14.03.05,4:00:00,-200.0,2.8,90,8.9,71.9,,
31.01.05,12:00:00,3.1,12.8,261,11.9,18.6,,
06.06.04,9:00:00,0.7,2.8,54,21.6,45.3,,
02.07.04,2:00:00,1.5,7.6,87,25.3,47.6,,
14.06.04,21:00:00,1.0,4.1,67,22.0,44.9,,
28.09.04,14:00:00,3.4,18.9,174,26.1,24.8,,
10.12.04,17:00:00,2.9,11.8,148,16.0,20.8,,
26.08.04,7:00:00,1.9,-200.0,83,-200.0,-200.0,,
05.05.04,7:00:00,3.5,19.1,107,15.1,76.8,38.77315528,129.7560326
31.07.04,21:00:00,2.2,13.0,105,30.1,37.7,,
24.07.04,21:00:00,0.9,3.7,53,27.2,45.9,,
26.10.04,13:00:00,4.0,23.6,157,24.6,47.1,,
07.08.04,15:00:00,1.0,5.3,56,38.1,21.1,,
24.03.04,22:00:00,1.7,5.9,108,10.1,66.9,72.57063179,111.4170865
03.09.04,7:00:00,-200.0,18.0,-200,22.0,59.3,,
15.07.04,21:00:00,2.8,14.7,140,26.7,28.9,,
17.03.04,11:00:00,2.9,15.4,135,21.1,33.4,40.99399083,50.89679312
04.03.05,3:00:00,1.2,2.5,-200,4.5,70.6,,
24.11.04,17:00:00,4.5,22.3,169,12.3,72.5,,
16.08.04,6:00:00,0.9,5.4,68,21.3,47.0,,
25.02.05,20:00:00,4.0,13.6,195,7.8,50.8,,
01.11.04,16:00:00,3.1,15.3,88,23.8,65.0,,
10.02.05,1:00:00,1.8,-200.0,106,-200.0,-200.0,,
20.05.04,2:00:00,0.5,3.1,59,18.4,51.7,116.5069094,60.74578781
08.08.04,8:00:00,1.0,4.5,47,25.1,56.6,,
25.11.04,8:00:00,4.0,21.3,127,4.4,81.3,,
29.09.04,8:00:00,4.2,28.0,122,15.1,59.0,,
12.05.04,13:00:00,5.1,29.3,131,20.4,55.7,111.6652187,67.3421891
12.03.05,21:00:00,3.3,12.4,221,12.0,56.1,,
23.01.05,8:00:00,-200.0,2.1,98,2.5,54.1,,
05.02.05,6:00:00,0.9,5.6,150,0.8,69.9,,
21.07.04,4:00:00,-200.0,2.7,34,26.3,40.9,,
13.06.04,7:00:00,0.4,1.3,36,21.4,47.8,,
01.12.04,18:00:00,7.5,29.2,185,12.3,78.8,,
12.11.04,15:00:00,2.4,11.4,126,17.7,55.5,,
16.03.04,17:00:00,2.9,15.8,133,28.0,19.1,40.352121399999994,50.86672679
04.12.04,7:00:00,1.3,6.2,70,12.4,77.1,,
23.08.04,13:00:00,1.0,4.7,50,34.3,22.5,,
17.02.05,1:00:00,2.6,7.4,187,5.7,42.1,,
23.09.04,10:00:00,2.4,14.8,118,26.3,48.1,,
09.02.05,5:00:00,0.7,-200.0,92,-200.0,-200.0,,
09.09.04,16:00:00,2.9,16.2,175,38.4,13.8,,
05.06.04,3:00:00,1.3,6.9,-200,19.8,53.6,,
04.07.04,6:00:00,0.6,4.0,44,21.3,56.7,,
08.04.04,15:00:00,2.5,13.2,101,20.6,24.8,159.0440484,141.4726791
23.03.05,7:00:00,1.2,6.1,103,14.0,68.6,,
30.07.04,18:00:00,-200.0,15.5,137,36.6,23.3,,
27.03.04,12:00:00,1.9,9.0,93,17.6,30.1,85.41038276,101.8333339
27.06.04,6:00:00,0.6,2.8,44,23.5,51.2,,
09.10.04,19:00:00,4.8,25.7,122,26.5,52.7,,
14.02.05,17:00:00,1.4,6.4,140,13.6,22.7,,
07.02.05,0:00:00,1.1,2.4,110,4.8,38.0,,
22.08.04,12:00:00,-200.0,4.6,-200,35.5,18.2,,
26.04.04,0:00:00,1.1,3.9,57,14.1,44.9,170.8342658,210.5696617
26.09.04,22:00:00,1.9,8.6,115,18.0,42.7,,
29.04.04,3:00:00,0.4,2.3,-200,15.6,61.2,174.32308500000002,210.9569242
21.08.04,10:00:00,-200.0,3.5,-200,29.0,34.1,,
24.05.04,4:00:00,-200.0,0.5,19,16.3,41.0,123.2272169,69.69113802
14.10.04,20:00:00,-200.0,17.9,-200,17.6,69.2,,
02.06.04,18:00:00,-200.0,10.5,53,27.2,42.5,,
14.08.04,18:00:00,0.9,5.1,56,35.2,32.1,,
19.03.04,1:00:00,1.6,6.6,96,11.9,71.1,46.49065233,58.90429399
25.03.04,3:00:00,0.7,1.4,-200,9.5,68.2,71.79009015,120.10866940000001
18.09.04,19:00:00,2.4,11.6,132,25.3,35.3,,
02.06.04,2:00:00,-200.0,4.9,38,19.1,69.0,,
17.01.05,5:00:00,0.5,1.0,79,2.6,58.6,,
11.12.04,4:00:00,0.8,2.7,83,11.5,34.2,,
19.12.04,10:00:00,1.5,6.2,101,5.0,48.8,,
22.12.04,13:00:00,1.9,8.5,128,10.3,32.6,,
24.02.05,0:00:00,1.6,4.7,172,3.2,83.0,,
13.12.04,7:00:00,1.5,6.8,106,5.6,68.9,,
16.08.04,4:00:00,0.3,1.5,23,23.3,41.9,,
10.03.05,17:00:00,1.9,8.6,137,19.8,16.0,,
12.10.04,1:00:00,1.0,4.6,50,18.1,65.2,,
23.08.04,2:00:00,-200.0,3.4,-200,21.6,51.6,,
30.03.04,13:00:00,3.4,17.1,128,22.4,20.0,76.4321213,104.6193892
13.08.04,20:00:00,1.1,5.7,80,28.1,41.1,,
04.07.04,3:00:00,0.8,6.1,-200,22.2,52.7,,
26.03.05,11:00:00,2.1,9.3,124,19.1,57.5,,
14.11.04,11:00:00,0.4,0.6,44,11.4,32.9,,
26.09.04,12:00:00,1.0,3.6,58,22.7,30.2,,
25.12.04,3:00:00,5.2,11.4,-200,9.2,67.3,,
15.09.04,15:00:00,-200.0,18.6,-200,24.6,63.9,,
04.12.04,6:00:00,1.7,7.4,66,11.5,81.7,,
29.07.04,11:00:00,-200.0,14.0,150,34.4,16.6,,
30.11.04,6:00:00,0.7,1.9,64,11.5,81.4,,
26.09.04,9:00:00,0.9,3.0,55,19.8,38.6,,
31.03.05,10:00:00,1.3,4.9,124,21.0,37.3,,
14.12.04,8:00:00,3.1,15.4,133,6.9,73.7,,
18.09.04,21:00:00,1.5,7.5,109,23.5,40.6,,
22.11.04,18:00:00,6.3,38.3,240,8.9,53.4,,
04.04.05,12:00:00,2.4,12.4,175,26.9,18.3,,
02.06.04,22:00:00,-200.0,8.7,59,21.9,60.9,,
17.07.04,10:00:00,2.2,12.9,138,30.9,26.9,,
04.01.05,14:00:00,2.6,-200.0,148,-200.0,-200.0,,
24.04.04,6:00:00,0.9,5.7,64,14.0,59.7,187.255651,210.8382528
28.07.04,11:00:00,-200.0,10.4,91,34.2,15.8,,
31.08.04,19:00:00,2.8,14.1,105,27.7,43.5,,
14.11.04,15:00:00,0.5,1.1,48,10.5,37.9,,
20.04.04,18:00:00,-200.0,25.3,-200,22.6,39.5,181.0151991,201.9528857
10.04.04,16:00:00,1.5,6.8,91,22.1,21.3,123.39182050000001,165.6602221
05.04.04,16:00:00,2.0,9.6,82,22.2,38.3,149.5062501,168.34863049999998
02.07.04,20:00:00,2.8,14.2,154,29.5,23.8,,
06.07.04,19:00:00,3.9,21.1,155,34.2,17.9,,
20.12.04,21:00:00,3.7,7.6,149,7.8,33.9,,
18.01.05,3:00:00,0.7,2.4,-200,3.3,57.7,,
11.06.04,3:00:00,0.5,2.5,-200,22.7,43.8,,
27.04.04,5:00:00,0.7,3.3,68,15.5,47.3,183.7089378,202.306513
15.05.04,15:00:00,1.4,8.3,81,28.2,19.4,130.2527665,63.08843292
05.09.04,5:00:00,0.9,4.4,-200,25.6,37.6,,
17.03.05,0:00:00,1.6,6.3,147,14.7,48.0,,
12.04.04,14:00:00,0.7,1.7,60,10.7,67.6,150.36151519999999,160.2466466
31.03.05,21:00:00,1.0,2.3,93,16.3,44.8,,
21.07.04,21:00:00,2.9,15.3,120,31.2,33.2,,
11.05.04,4:00:00,-200.0,1.8,53,11.4,70.5,110.9736988,70.55030467
19.02.05,2:00:00,1.5,4.3,156,3.1,56.7,,
30.11.04,22:00:00,2.3,8.0,117,9.6,83.0,,
07.10.04,18:00:00,5.3,26.1,119,25.2,45.8,,
20.05.04,5:00:00,0.3,2.3,35,17.3,54.1,128.2936781,62.42830616
10.01.05,15:00:00,2.4,19.3,152,14.1,65.9,,
29.03.04,5:00:00,0.7,1.7,70,10.1,51.2,89.38951027,103.6249509
28.08.04,7:00:00,0.7,4.3,43,19.6,56.1,,
10.03.05,1:00:00,1.3,4.5,109,7.5,65.9,,
07.08.04,23:00:00,1.9,10.9,93,26.3,51.3,,
09.08.04,6:00:00,1.2,7.4,55,23.2,67.5,,
18.03.05,2:00:00,1.1,4.5,132,10.4,58.4,,
11.11.04,5:00:00,1.1,5.3,68,7.5,81.5,,
11.10.04,10:00:00,3.4,17.1,88,19.2,73.4,,
20.06.04,5:00:00,1.0,-200.0,60,-200.0,-200.0,,
03.10.04,9:00:00,-200.0,7.5,-200,21.6,60.8,,
29.10.04,11:00:00,2.6,13.9,101,19.8,81.0,,
06.07.04,23:00:00,2.4,14.3,110,27.8,29.9,,
28.12.04,14:00:00,-200.0,14.6,-200,14.4,49.2,,
02.11.04,13:00:00,5.1,31.2,150,25.7,45.6,,
17.04.04,14:00:00,-200.0,3.9,-200,19.3,46.6,128.84822509999998,157.3768141
13.09.04,1:00:00,-200.0,4.6,-200,22.8,63.3,,
25.11.04,11:00:00,2.8,11.8,171,13.6,48.7,,
19.08.04,17:00:00,1.7,9.3,63,39.6,24.3,,
24.04.04,5:00:00,0.7,3.7,65,14.8,57.7,175.3540941,201.1479879
11.01.05,12:00:00,3.1,16.4,148,13.4,57.9,,
11.10.04,18:00:00,4.5,22.2,95,20.8,61.4,,
18.07.04,15:00:00,0.5,5.8,60,41.3,11.9,,
30.12.04,15:00:00,-200.0,3.6,-200,12.1,31.1,,
28.12.04,16:00:00,-200.0,15.5,-200,13.6,52.8,,
31.12.04,12:00:00,-200.0,3.8,-200,11.9,30.6,,
07.08.04,20:00:00,1.6,8.4,93,29.7,41.7,,
05.10.04,7:00:00,-200.0,30.8,-200,17.4,70.1,,
29.01.05,20:00:00,1.4,3.4,125,2.8,49.0,,
22.01.05,10:00:00,1.6,18.5,217,9.2,67.7,,
01.06.04,7:00:00,1.4,12.5,94,16.9,80.9,,
02.02.05,3:00:00,2.9,7.3,-200,3.4,66.7,,
12.06.04,17:00:00,1.3,7.9,76,35.2,22.6,,
05.09.04,22:00:00,1.7,6.7,-200,26.3,29.5,,
13.08.04,5:00:00,0.5,2.0,34,26.1,60.3,,
17.06.04,2:00:00,1.0,4.4,68,20.8,51.7,,
15.10.04,6:00:00,-200.0,10.0,-200,14.6,82.9,,
21.03.04,1:00:00,2.1,7.4,90,15.1,60.9,49.85999829,56.03117526
14.02.05,18:00:00,2.3,11.9,185,11.8,23.0,,
21.12.04,11:00:00,1.5,6.3,125,7.9,36.4,,
21.06.04,22:00:00,1.6,9.5,95,21.8,46.3,,
12.09.04,7:00:00,-200.0,4.9,-200,20.6,59.8,,
16.09.04,11:00:00,1.3,6.8,79,18.7,73.1,,
22.05.04,18:00:00,2.8,13.9,110,25.2,40.1,115.17092079999999,61.87706239
17.05.04,13:00:00,1.7,9.1,88,25.8,19.5,126.3413259,60.62207073
03.06.04,4:00:00,-200.0,1.7,24,18.6,64.5,,
22.04.04,5:00:00,-200.0,2.2,-200,13.4,59.5,177.8095261,200.7635041
25.12.04,6:00:00,2.0,8.6,106,8.9,70.5,,
02.07.04,21:00:00,1.9,10.7,124,27.4,27.1,,
01.04.04,4:00:00,0.7,2.4,49,10.2,66.6,85.61945921,100.038168
19.07.04,6:00:00,0.8,8.3,89,21.4,46.5,,
03.06.04,12:00:00,-200.0,11.1,-200,26.2,33.6,,
27.10.04,17:00:00,2.4,15.8,101,20.0,63.3,,
15.12.04,21:00:00,2.1,-200.0,107,-200.0,-200.0,,
13.02.05,13:00:00,1.2,4.9,107,18.7,48.0,,
17.08.04,4:00:00,0.4,2.2,29,24.3,48.3,,
20.04.04,6:00:00,-200.0,7.6,-200,10.3,79.4,190.1754025,200.94454209999998
27.08.04,18:00:00,2.0,-200.0,107,-200.0,-200.0,,
28.01.05,6:00:00,0.6,1.6,79,4.1,48.1,,
14.04.04,11:00:00,2.1,8.9,95,21.1,30.2,154.49380349999998,161.05138459999998
06.12.04,23:00:00,1.5,5.8,79,14.6,64.7,,
13.11.04,9:00:00,2.1,10.7,128,15.6,62.0,,
10.11.04,19:00:00,3.7,17.0,177,10.6,59.3,,
22.03.05,10:00:00,4.5,18.8,169,16.5,51.6,,
15.06.04,9:00:00,2.4,10.9,96,25.3,35.8,,
07.09.04,6:00:00,1.3,7.7,64,23.1,47.0,,
11.05.04,21:00:00,3.3,18.1,128,19.2,52.3,110.2465638,66.43387576
01.08.04,15:00:00,0.7,3.9,85,40.2,17.7,,
03.06.04,11:00:00,-200.0,10.9,-200,27.4,31.0,,
24.03.04,2:00:00,0.9,2.7,61,11.3,60.0,90.13577336,120.41284409999999
06.10.04,3:00:00,-200.0,3.2,-200,19.8,65.1,,
09.10.04,17:00:00,3.7,19.9,110,28.7,45.1,,
04.04.04,20:00:00,-200.0,10.5,-200,18.5,48.9,139.2883333,148.7366882
26.04.04,3:00:00,0.3,0.8,-200,14.0,44.3,178.8697455,211.2905772
22.10.04,9:00:00,2.9,18.7,88,22.3,60.6,,
02.03.05,6:00:00,0.5,1.4,96,-1.2,47.2,,
29.12.04,15:00:00,-200.0,4.1,-200,12.0,44.0,,
25.07.04,9:00:00,0.5,1.7,31,24.9,54.8,,
31.08.04,0:00:00,-200.0,5.1,-200,24.0,55.6,,
20.02.05,18:00:00,1.3,3.4,127,8.0,57.7,,
26.05.04,20:00:00,-200.0,20.3,-200,25.0,24.4,,
01.05.04,12:00:00,2.0,9.2,86,26.0,31.9,49.41027307,138.0877564
14.09.04,5:00:00,-200.0,5.0,-200,20.6,62.9,,
20.10.04,9:00:00,-200.0,26.2,-200,21.3,66.1,,
16.10.04,20:00:00,-200.0,7.9,-200,14.7,75.5,,
09.03.05,21:00:00,5.5,20.0,192,10.6,58.8,,
20.03.04,23:00:00,2.1,8.9,97,15.9,57.7,34.43895426,59.15554588
26.03.05,13:00:00,1.7,6.6,104,22.3,43.9,,
11.08.04,5:00:00,0.7,3.5,32,25.9,63.6,,
07.11.04,17:00:00,1.1,4.0,55,16.0,34.1,,
27.01.05,8:00:00,1.9,6.6,184,4.6,39.4,,
29.05.04,14:00:00,0.4,3.8,60,22.9,31.3,,
04.06.04,10:00:00,-200.0,5.7,-200,24.8,31.3,,
14.08.04,0:00:00,1.3,5.6,78,25.4,54.6,,
01.12.04,0:00:00,2.2,7.5,113,9.8,79.4,,
30.10.04,21:00:00,2.8,13.8,96,20.4,64.8,,
04.04.04,4:00:00,-200.0,3.5,-200,14.3,65.3,81.96862198,112.8347415
21.11.04,18:00:00,2.4,10.9,179,11.7,32.7,,
24.11.04,9:00:00,4.2,21.0,115,10.3,80.3,,
10.04.04,19:00:00,2.5,11.2,129,16.1,35.0,155.41720990000002,170.3866368
26.02.05,2:00:00,1.9,6.4,136,3.4,71.3,,
24.12.04,15:00:00,6.1,16.9,204,10.8,52.4,,
25.01.05,7:00:00,-200.0,0.4,60,3.9,47.3,,
22.06.04,19:00:00,4.1,23.1,148,29.0,30.4,,
07.05.04,19:00:00,2.2,10.5,96,13.9,62.7,31.97401543,153.0307631
27.05.04,22:00:00,-200.0,10.3,-200,20.5,35.3,,
17.07.04,22:00:00,2.3,11.6,112,27.9,27.6,,
24.09.04,19:00:00,2.9,10.5,109,15.6,75.7,,
03.02.05,9:00:00,5.6,29.1,309,2.1,62.2,,
03.05.04,13:00:00,1.7,10.8,90,28.4,23.6,56.76706703,175.4358148
05.01.05,18:00:00,2.8,13.5,152,13.6,64.0,,
12.06.04,8:00:00,1.3,8.9,81,21.3,41.8,,
18.04.04,5:00:00,-200.0,1.9,-200,13.8,71.9,187.907752,215.92574879999998
27.03.05,2:00:00,1.0,3.3,78,16.6,63.0,,
11.02.05,23:00:00,3.6,12.6,192,7.1,58.1,,
12.04.04,11:00:00,1.3,3.9,93,12.7,62.7,133.84822830000002,168.9635898
14.05.04,9:00:00,3.3,13.6,138,21.0,37.9,129.5824672,64.09976168
18.09.04,18:00:00,2.0,9.2,122,26.6,32.1,,
16.02.05,13:00:00,1.5,6.3,139,9.6,31.3,,
13.12.04,13:00:00,4.1,22.4,187,13.9,42.8,,
12.06.04,20:00:00,1.1,6.3,59,26.9,39.7,,
13.04.04,18:00:00,4.6,21.5,134,15.3,46.8,159.96394469999998,164.4466893
10.08.04,17:00:00,1.8,9.7,126,39.6,23.3,,
19.10.04,0:00:00,-200.0,7.2,-200,16.2,69.1,,
10.09.04,16:00:00,2.5,13.4,153,34.9,18.4,,
28.12.04,21:00:00,-200.0,12.9,-200,11.0,73.8,,
14.08.04,8:00:00,1.2,6.8,68,25.0,53.2,,
07.01.05,0:00:00,1.3,4.3,98,10.0,70.9,,
15.11.04,1:00:00,0.5,1.1,44,10.6,34.9,,
29.04.04,6:00:00,1.5,9.4,68,12.9,66.5,170.62647330000001,210.1838285
05.09.04,1:00:00,3.0,18.5,-200,27.2,33.3,,
29.08.04,9:00:00,-200.0,3.9,-200,25.1,51.8,,
23.05.04,6:00:00,0.4,2.2,53,17.9,52.4,122.92079629999999,66.97399449
27.06.04,20:00:00,2.0,10.5,120,32.7,27.7,,
06.05.04,0:00:00,1.4,4.6,76,12.5,75.8,41.66072679,133.44006370000002
30.07.04,0:00:00,-200.0,11.1,104,25.7,46.1,,
01.05.04,4:00:00,-200.0,3.5,42,16.2,69.9,30.00088282,142.1682513
28.05.04,9:00:00,-200.0,19.4,-200,20.8,43.6,,
04.06.04,23:00:00,2.9,13.1,-200,21.7,44.7,,
06.10.04,19:00:00,-200.0,44.0,-200,24.5,49.5,,
11.06.04,11:00:00,2.0,12.2,-200,34.4,21.0,,
01.06.04,6:00:00,0.3,6.1,65,17.3,78.6,,
03.08.04,3:00:00,-200.0,1.7,-200,28.0,45.2,,
26.02.05,6:00:00,0.9,2.7,103,4.6,60.5,,
02.04.05,3:00:00,0.5,1.4,70,11.9,35.6,,
15.10.04,15:00:00,-200.0,18.1,-200,23.2,39.9,,
15.01.05,1:00:00,2.4,7.5,128,4.9,80.1,,
27.03.05,16:00:00,1.4,3.5,104,15.4,75.2,,
06.08.04,6:00:00,1.2,7.7,56,21.9,74.9,,
19.09.04,1:00:00,1.4,7.1,81,20.6,53.2,,
03.11.04,11:00:00,3.4,19.3,95,26.6,42.8,,
22.05.04,1:00:00,3.3,16.0,124,17.8,46.1,123.2380624,66.12941297
05.08.04,12:00:00,-200.0,10.2,108,36.8,27.2,,
05.07.04,12:00:00,2.2,12.2,140,36.2,18.0,,
15.12.04,12:00:00,3.4,-200.0,177,-200.0,-200.0,,
23.06.04,9:00:00,3.5,20.1,136,24.0,43.1,,
20.05.04,0:00:00,1.5,8.2,102,18.5,50.1,126.9674345,67.95698577
15.01.05,4:00:00,-200.0,4.8,115,2.4,86.6,,
26.07.04,17:00:00,-200.0,12.0,118,34.6,23.5,,
28.05.04,22:00:00,1.0,7.0,96,19.8,46.8,,
04.07.04,23:00:00,1.9,9.9,104,25.3,39.2,,
16.11.04,6:00:00,0.5,1.2,63,10.2,43.6,,
12.10.04,4:00:00,0.5,3.2,34,17.8,67.5,,
16.10.04,10:00:00,-200.0,9.6,-200,21.3,42.9,,
22.04.04,10:00:00,-200.0,20.1,-200,23.7,30.6,182.967,217.0911315
07.07.04,19:00:00,5.3,29.8,223,35.6,20.4,,
28.07.04,17:00:00,-200.0,17.3,166,34.4,16.4,,
24.04.04,3:00:00,1.1,5.8,-200,15.7,53.6,178.8549865,208.3533729
02.08.04,13:00:00,1.4,8.5,99,37.1,25.6,,
09.06.04,20:00:00,3.4,18.6,162,30.7,32.2,,
12.05.04,16:00:00,2.4,12.7,123,17.3,61.1,120.4315274,62.48033888
27.10.04,16:00:00,2.1,13.4,102,19.9,65.3,,
16.12.04,2:00:00,1.6,-200.0,92,-200.0,-200.0,,
22.03.04,21:00:00,3.3,14.5,124,14.5,49.7,32.94862337,50.2875727
04.06.04,14:00:00,-200.0,8.1,-200,27.0,29.6,,
07.01.05,4:00:00,1.0,2.5,77,7.0,77.3,,
21.09.04,9:00:00,5.3,27.3,161,22.6,51.4,,
13.06.04,12:00:00,0.7,2.7,65,24.4,29.6,,
06.12.04,10:00:00,4.7,18.5,161,15.9,63.4,,
22.07.04,13:00:00,2.0,12.2,125,42.0,15.8,,
28.08.04,6:00:00,0.5,3.4,39,19.5,57.0,,
08.01.05,11:00:00,2.5,10.4,141,11.6,54.1,,
04.12.04,3:00:00,2.1,8.2,-200,11.6,80.1,,
20.10.04,14:00:00,-200.0,24.6,-200,25.4,55.1,,
06.06.04,5:00:00,0.5,2.4,34,16.6,80.2,,
27.03.04,16:00:00,2.2,11.8,108,18.7,26.0,85.92721234,119.8678749
29.07.04,2:00:00,-200.0,2.6,33,25.7,30.9,,
26.05.04,12:00:00,1.6,12.3,115,29.6,19.4,,
06.12.04,18:00:00,3.1,18.0,123,16.4,59.5,,
04.03.05,7:00:00,1.9,7.5,139,3.1,77.3,,
11.09.04,18:00:00,-200.0,11.7,-200,32.0,27.3,,
11.10.04,22:00:00,1.9,8.9,57,19.0,66.1,,
12.04.04,23:00:00,0.8,2.4,65,10.4,58.4,124.2496379,152.2841133
13.05.04,20:00:00,4.6,21.2,141,19.1,52.3,127.1150375,62.80328543
05.05.04,20:00:00,2.1,9.2,79,15.9,70.7,55.14556803,169.411646
06.01.05,17:00:00,1.9,7.7,134,15.6,54.8,,
22.10.04,10:00:00,2.7,18.3,83,22.6,59.9,,
06.12.04,3:00:00,1.1,3.0,-200,12.7,72.2,,
23.05.04,9:00:00,0.8,3.8,64,20.6,41.2,114.7544972,68.17830078
03.04.05,17:00:00,1.4,6.1,156,28.9,9.9,,
23.09.04,3:00:00,0.5,2.4,-200,22.4,59.9,,
30.10.04,8:00:00,3.1,15.4,102,16.9,79.9,,
09.03.05,14:00:00,2.2,10.3,123,16.1,36.3,,
18.03.05,14:00:00,2.3,10.4,160,25.0,23.4,,
02.06.04,23:00:00,-200.0,6.9,43,21.7,61.0,,
23.04.04,4:00:00,-200.0,2.3,-200,14.1,53.9,182.9021635,217.06194530000002
22.07.04,22:00:00,2.3,13.6,100,30.4,35.4,,
15.03.04,21:00:00,4.2,19.9,145,16.7,57.4,45.12697232,55.646201500000004
23.03.05,11:00:00,3.4,15.8,184,21.4,38.7,,
27.10.04,3:00:00,0.6,3.9,-200,17.2,81.8,,
15.03.04,20:00:00,6.5,31.0,165,18.3,52.6,44.52109721,51.72654886
28.11.04,10:00:00,0.8,1.9,65,9.7,72.0,,
29.12.04,5:00:00,-200.0,1.4,-200,9.1,73.9,,
07.05.04,2:00:00,0.9,3.3,56,13.7,69.4,33.01516728,161.4562166
21.06.04,10:00:00,1.8,10.2,111,27.8,25.8,,
18.03.04,7:00:00,1.5,7.7,85,10.6,63.3,20.38022779,52.49921855
14.12.04,13:00:00,4.7,25.8,182,14.0,53.0,,
24.03.05,10:00:00,3.5,18.1,132,17.9,42.2,,
09.06.04,11:00:00,2.8,17.6,159,34.7,25.9,,
11.11.04,0:00:00,2.6,11.2,158,9.7,73.1,,
17.08.04,22:00:00,-200.0,10.0,-200,28.6,35.7,,
04.10.04,6:00:00,-200.0,5.6,-200,17.1,71.8,,
18.12.04,21:00:00,4.4,17.2,179,10.1,29.7,,
20.01.05,0:00:00,1.8,4.1,112,8.7,51.1,,
21.09.04,6:00:00,1.4,8.1,79,18.3,65.5,,
02.12.04,0:00:00,2.2,8.1,102,11.6,81.0,,
12.08.04,12:00:00,1.3,5.5,54,34.5,35.1,,
17.06.04,17:00:00,2.8,15.4,124,31.4,30.3,,
12.03.05,11:00:00,0.7,6.7,137,14.2,51.5,,
12.11.04,22:00:00,1.6,5.9,115,15.7,60.8,,
17.08.04,19:00:00,-200.0,5.0,-200,32.8,24.3,,
08.12.04,17:00:00,1.9,6.5,107,15.2,58.0,,
24.08.04,3:00:00,0.5,2.1,-200,21.2,43.8,,
12.06.04,5:00:00,0.9,6.0,78,18.8,46.6,,
16.04.04,5:00:00,1.2,5.4,77,11.6,76.4,125.1074169,170.16722719999999
21.08.04,18:00:00,-200.0,5.4,-200,27.3,31.0,,
25.05.04,5:00:00,0.1,1.7,51,11.6,40.0,,
27.03.04,15:00:00,1.9,7.6,101,17.8,28.4,76.31849358,108.7472881
11.04.04,6:00:00,0.8,2.9,49,7.4,71.0,122.7063909,170.79863469999998
28.09.04,22:00:00,1.5,8.3,111,19.8,47.7,,
08.03.05,1:00:00,1.5,5.3,154,2.5,52.1,,
16.04.04,15:00:00,4.0,17.5,126,14.4,77.4,128.99036759999998,142.6829426
14.07.04,7:00:00,4.7,27.5,142,19.9,46.5,,
04.07.04,12:00:00,0.8,4.9,52,35.8,22.4,,
21.10.04,13:00:00,2.6,14.8,-200,26.6,49.3,,
03.10.04,7:00:00,-200.0,5.4,-200,19.8,66.4,,
15.08.04,17:00:00,0.6,3.1,43,36.7,17.1,,
22.05.04,16:00:00,2.1,11.7,101,28.9,29.3,130.4636002,64.40390782
24.08.04,11:00:00,1.6,8.3,121,32.9,21.8,,
15.02.05,6:00:00,0.4,1.3,56,6.1,40.8,,
07.10.04,13:00:00,-200.0,15.7,-200,25.9,44.2,,
22.04.04,14:00:00,-200.0,12.2,-200,28.0,21.0,170.2291129,208.4431974
11.05.04,22:00:00,2.7,14.2,114,18.1,58.7,113.5991381,70.80712249
14.08.04,1:00:00,1.0,4.5,63,25.1,55.7,,
05.03.05,4:00:00,-200.0,4.0,136,4.4,63.9,,
03.02.05,20:00:00,3.9,17.6,231,9.3,55.5,,
06.10.04,20:00:00,-200.0,31.0,-200,23.3,54.4,,
03.06.04,18:00:00,-200.0,14.7,-200,27.2,28.3,,
02.04.04,23:00:00,2.3,12.1,124,16.8,53.2,90.91793958,116.6452226
30.11.04,7:00:00,1.1,3.6,86,11.8,80.7,,
31.08.04,21:00:00,2.1,11.5,98,25.7,48.7,,
20.07.04,11:00:00,-200.0,16.1,164,38.1,18.5,,
02.01.05,15:00:00,1.6,5.5,137,13.5,41.3,,
13.04.04,7:00:00,3.9,19.1,130,11.0,64.2,137.7082702,166.9454055
25.06.04,1:00:00,2.0,10.9,94,23.0,48.1,,
28.02.05,19:00:00,2.4,8.1,141,1.6,37.9,,
03.05.04,6:00:00,1.3,8.2,80,16.0,65.8,43.79157175,160.70253730000002
29.10.04,9:00:00,3.0,16.6,119,21.9,61.8,,
16.12.04,18:00:00,7.5,-200.0,231,-200.0,-200.0,,
25.03.04,0:00:00,1.3,4.5,89,10.3,59.9,72.28242759,113.7102485
17.03.04,4:00:00,-200.0,1.9,60,12.7,57.9,46.19501714,50.216615000000004
13.01.05,0:00:00,2.9,11.5,123,9.4,75.0,,
24.09.04,4:00:00,0.4,2.5,52,21.1,59.9,,
06.09.04,17:00:00,2.3,11.7,-200,29.6,27.5,,
28.03.04,9:00:00,1.9,7.5,83,12.5,50.1,88.40804183,112.3770664
14.11.04,12:00:00,0.6,1.1,54,12.4,32.0,,
01.04.05,1:00:00,0.6,1.0,50,14.6,43.0,,
28.03.05,20:00:00,2.9,9.4,157,17.6,54.4,,
09.02.05,15:00:00,2.0,-200.0,144,-200.0,-200.0,,
01.01.05,2:00:00,2.5,7.5,129,5.9,50.0,,
13.07.04,17:00:00,2.8,14.3,126,31.9,18.3,,
22.06.04,23:00:00,2.4,13.6,104,23.8,39.6,,
08.10.04,23:00:00,1.7,9.6,71,23.8,56.1,,
07.06.04,3:00:00,0.3,2.0,-200,18.6,52.7,,
12.06.04,19:00:00,1.1,6.3,52,29.1,35.1,,
07.06.04,8:00:00,4.3,25.0,118,21.7,44.2,,
11.12.04,18:00:00,2.4,10.7,133,14.9,24.9,,
22.06.04,11:00:00,2.1,12.6,109,30.4,26.4,,
17.10.04,1:00:00,-200.0,2.7,-200,16.4,70.3,,
19.11.04,7:00:00,1.6,5.3,98,14.5,63.0,,
19.05.04,4:00:00,-200.0,2.2,52,16.3,51.4,114.83299270000002,70.88740193
14.07.04,11:00:00,1.8,11.3,122,33.4,17.1,,
28.06.04,13:00:00,1.9,12.1,106,39.6,19.0,,
06.05.04,9:00:00,3.4,16.4,130,17.9,46.1,58.41257509,168.59109909999998
07.10.04,4:00:00,-200.0,2.9,-200,19.9,66.1,,
12.10.04,6:00:00,1.2,6.0,74,17.8,60.6,,
11.12.04,6:00:00,1.0,4.3,107,7.8,47.4,,
22.01.05,23:00:00,1.3,15.1,196,8.2,36.8,,
24.02.05,19:00:00,4.0,17.7,260,6.1,75.8,,
26.02.05,16:00:00,2.5,3.1,98,9.0,47.3,,
21.12.04,6:00:00,0.6,2.2,97,4.3,43.9,,
15.04.04,10:00:00,3.8,17.3,127,15.0,49.3,152.7695651,157.8350525
13.11.04,12:00:00,3.7,17.5,192,20.3,46.7,,
21.05.04,0:00:00,1.2,6.8,93,20.5,42.0,116.14432839999999,65.68810739
20.10.04,1:00:00,-200.0,10.0,-200,19.5,69.7,,
17.12.04,8:00:00,4.1,-200.0,137,-200.0,-200.0,,
17.01.05,22:00:00,1.9,8.7,153,5.3,55.0,,
25.04.04,14:00:00,0.7,2.0,44,18.3,27.2,184.22862869999997,219.2057511
29.11.04,14:00:00,2.6,12.8,121,18.6,49.3,,
10.12.04,1:00:00,0.7,2.7,59,13.7,45.0,,
29.03.04,6:00:00,0.9,2.9,75,9.9,50.7,72.38843205,104.9722672
17.02.05,23:00:00,1.2,2.8,106,7.1,47.9,,
09.06.04,6:00:00,1.0,8.1,69,20.5,54.8,,
02.09.04,19:00:00,-200.0,28.6,-200,32.8,29.4,,
26.02.05,9:00:00,1.5,4.1,133,6.7,49.5,,
02.07.04,19:00:00,3.0,17.3,161,31.4,18.5,,
01.05.04,15:00:00,1.8,9.2,82,26.1,30.3,34.69392642,143.1215757
18.09.04,3:00:00,0.6,2.4,-200,20.4,47.1,,
14.03.05,12:00:00,1.5,7.0,123,17.9,38.8,,
12.01.05,2:00:00,2.1,9.1,122,11.2,70.3,,
19.11.04,22:00:00,2.6,3.6,120,13.4,14.3,,
05.02.05,8:00:00,3.1,12.7,283,2.0,63.6,,
13.03.05,12:00:00,1.6,10.1,164,13.2,56.2,,
22.03.05,15:00:00,2.0,9.1,130,25.5,28.3,,
11.10.04,11:00:00,2.3,12.3,82,20.0,69.6,,
21.12.04,16:00:00,2.3,8.6,137,8.8,35.7,,
13.10.04,14:00:00,-200.0,7.2,-200,17.4,48.3,,
12.10.04,5:00:00,0.8,3.9,44,16.9,66.7,,
24.10.04,7:00:00,1.5,8.1,48,17.5,76.6,,
29.06.04,18:00:00,3.7,23.2,181,36.9,27.8,,
18.11.04,3:00:00,1.3,3.5,-200,7.5,69.3,,
10.11.04,17:00:00,2.7,12.3,106,10.8,57.6,,
04.08.04,3:00:00,-200.0,4.0,-200,25.9,55.1,,
04.09.04,7:00:00,1.7,9.1,-200,22.0,55.4,,
11.02.05,3:00:00,1.6,-200.0,-200,-200.0,-200.0,,
16.06.04,7:00:00,2.7,18.9,95,21.3,56.9,,
20.01.05,14:00:00,3.0,14.3,154,14.8,25.4,,
07.06.04,12:00:00,1.9,11.8,132,31.3,24.1,,
21.11.04,13:00:00,1.9,11.2,193,12.2,30.0,,
17.08.04,0:00:00,0.9,5.5,54,26.5,40.7,,
22.05.04,23:00:00,3.1,15.3,100,20.2,52.9,114.96554240000002,60.78500241
29.10.04,19:00:00,3.1,12.9,128,18.3,74.9,,
05.04.04,11:00:00,3.0,13.7,121,16.6,55.2,146.3497396,158.7144929
24.11.04,2:00:00,2.3,10.1,106,10.4,80.8,,
02.05.04,18:00:00,2.3,11.9,114,22.6,39.3,50.73007163,134.00155900000001
02.04.04,4:00:00,-200.0,2.8,52,11.2,65.9,90.70439777,100.1697441
28.07.04,20:00:00,-200.0,13.6,131,29.6,26.1,,
08.10.04,2:00:00,0.7,3.6,47,20.5,62.1,,
21.09.04,18:00:00,5.6,30.3,204,28.5,37.2,,
13.09.04,6:00:00,-200.0,8.3,-200,19.7,70.3,,
25.03.05,20:00:00,5.5,23.7,189,18.8,58.3,,
24.10.04,21:00:00,1.3,7.3,72,21.2,63.4,,
31.03.04,19:00:00,2.7,11.5,107,14.3,52.9,72.87819115,103.5141074
18.11.04,1:00:00,2.2,5.1,127,8.8,63.8,,
29.07.04,22:00:00,-200.0,14.8,134,27.6,40.5,,
11.11.04,13:00:00,2.8,13.6,199,12.5,71.3,,
06.08.04,1:00:00,-200.0,6.8,71,21.8,74.1,,
07.07.04,5:00:00,0.5,4.0,53,24.0,37.8,,
16.04.04,16:00:00,4.7,17.7,140,14.6,74.9,142.43135569999998,149.7102775
28.07.04,8:00:00,-200.0,26.7,120,22.4,38.0,,
19.06.04,9:00:00,1.6,9.7,99,27.0,39.9,,
31.03.04,6:00:00,1.0,3.5,93,14.4,38.5,78.07882366,116.2746152
20.06.04,6:00:00,0.9,-200.0,65,-200.0,-200.0,,
06.08.04,11:00:00,2.6,15.6,117,29.3,48.4,,
01.04.05,8:00:00,1.9,6.3,150,16.1,41.0,,
27.06.04,17:00:00,1.6,7.9,109,41.4,15.5,,
05.02.05,19:00:00,1.6,6.2,174,6.4,36.8,,
22.03.05,13:00:00,2.4,12.3,145,23.5,35.0,,
21.02.05,3:00:00,0.6,0.7,-200,4.5,79.2,,
01.11.04,3:00:00,3.0,16.0,-200,19.1,75.8,,
30.12.04,18:00:00,-200.0,8.1,-200,9.3,40.8,,
08.11.04,13:00:00,1.3,6.0,100,13.4,36.3,,
01.02.05,3:00:00,0.9,3.3,-200,3.7,57.5,,
09.11.04,8:00:00,-200.0,22.4,-200,4.9,70.7,,
14.04.04,16:00:00,-200.0,8.9,-200,20.4,30.4,136.477776,170.8540853
06.05.04,11:00:00,2.1,9.8,100,18.5,42.8,55.47782144,133.598598
14.12.04,14:00:00,4.2,21.8,192,15.1,50.2,,
23.06.04,13:00:00,2.1,11.8,101,35.4,19.9,,
10.09.04,5:00:00,0.5,3.6,55,22.4,43.5,,
25.02.05,6:00:00,1.0,4.1,146,5.2,80.7,,
24.03.04,10:00:00,3.4,14.2,113,12.1,54.9,87.94107875,104.7241105
15.02.05,19:00:00,2.8,14.1,185,9.5,25.2,,
08.07.04,6:00:00,0.6,6.2,62,27.5,34.6,,
14.08.04,7:00:00,1.1,6.3,61,24.0,57.2,,
04.08.04,19:00:00,-200.0,8.0,-200,25.5,58.6,,
05.11.04,15:00:00,4.3,26.4,138,24.2,44.0,,
08.03.05,21:00:00,3.2,13.3,215,8.5,42.4,,
18.11.04,7:00:00,2.1,9.9,162,6.8,74.5,,
05.06.04,20:00:00,1.8,8.2,102,23.4,44.4,,
07.01.05,2:00:00,1.2,3.1,82,8.0,75.0,,
28.03.05,1:00:00,1.2,3.0,101,14.4,78.0,,
01.02.05,17:00:00,3.6,16.3,165,12.3,48.9,,
22.02.05,16:00:00,2.5,10.9,218,7.4,69.3,,
11.03.05,13:00:00,1.5,12.1,172,17.8,33.3,,
03.07.04,19:00:00,1.4,8.7,90,31.9,20.4,,
03.07.04,17:00:00,1.2,8.0,93,36.9,17.5,,
29.11.04,16:00:00,2.3,11.4,121,17.9,51.4,,
20.09.04,9:00:00,5.7,27.5,159,23.5,49.7,,
01.06.04,16:00:00,2.5,17.1,95,24.8,47.4,,
20.10.04,22:00:00,3.4,17.7,99,21.8,69.6,,
10.04.04,14:00:00,1.3,5.1,81,19.8,23.1,135.99700359999997,162.50134369999998
03.04.05,10:00:00,1.4,3.4,113,21.1,23.7,,
25.06.04,10:00:00,1.9,8.0,113,29.9,33.2,,
19.08.04,22:00:00,-200.0,7.8,-200,29.8,49.1,,
19.08.04,19:00:00,1.7,9.3,66,33.9,37.1,,
18.07.04,14:00:00,0.1,3.8,40,40.2,12.3,,
05.03.05,12:00:00,1.5,5.3,133,14.0,28.1,,
20.06.04,7:00:00,0.8,-200.0,55,-200.0,-200.0,,
03.06.04,15:00:00,-200.0,9.7,-200,28.7,25.0,,
01.10.04,9:00:00,3.7,20.5,114,22.3,59.3,,
10.05.04,13:00:00,2.2,12.9,104,20.8,40.6,127.65706809999999,62.76750465
05.01.05,19:00:00,3.1,15.0,148,13.4,64.5,,
22.08.04,20:00:00,-200.0,8.0,-200,28.1,34.3,,
30.08.04,8:00:00,-200.0,30.7,-200,23.8,56.5,,
14.03.04,23:00:00,2.2,8.8,119,14.7,55.9,22.59235631,52.31511657
29.10.04,16:00:00,2.7,13.9,118,20.1,75.4,,
18.08.04,21:00:00,1.4,7.9,55,29.9,44.7,,
03.12.04,20:00:00,6.1,30.7,132,15.0,74.4,,
09.07.04,18:00:00,2.2,14.0,162,31.0,17.1,,
16.05.04,22:00:00,1.4,5.9,97,20.8,36.3,130.1202882,65.33069839999999
31.07.04,23:00:00,2.3,13.3,92,27.7,44.6,,
18.04.04,7:00:00,-200.0,2.4,-200,14.2,72.3,175.2166751,202.03543019999998
29.10.04,7:00:00,2.9,15.9,111,20.2,66.9,,
03.08.04,21:00:00,-200.0,9.5,92,28.8,48.9,,
14.06.04,20:00:00,1.4,5.7,74,21.7,46.5,,
27.03.04,10:00:00,2.1,9.7,93,15.5,36.1,78.48720766,118.57312309999999
21.03.05,7:00:00,1.3,6.1,113,12.8,68.0,,
17.05.04,3:00:00,0.4,1.4,-200,17.4,30.2,125.46515929999998,69.30395025
26.07.04,7:00:00,-200.0,11.2,116,26.5,46.3,,
15.03.04,15:00:00,2.5,12.1,104,24.4,28.9,39.16137859,53.79001568
09.05.04,21:00:00,-200.0,8.4,-200,14.9,55.0,129.5289487,60.90603957
27.11.04,17:00:00,4.5,18.7,147,15.6,70.2,,
03.06.04,9:00:00,-200.0,20.8,108,22.6,45.9,,
04.09.04,15:00:00,1.6,8.3,-200,38.3,19.3,,
01.10.04,23:00:00,-200.0,9.1,-200,20.8,64.1,,
10.03.05,16:00:00,1.8,5.9,131,20.2,14.4,,
07.06.04,9:00:00,3.1,15.1,118,23.5,40.0,,
18.02.05,22:00:00,2.4,9.8,190,7.0,44.2,,
03.07.04,8:00:00,2.3,14.4,120,23.2,43.9,,
04.12.04,10:00:00,2.7,10.4,102,12.2,85.1,,
14.10.04,11:00:00,-200.0,8.0,-200,21.9,39.4,,
29.01.05,5:00:00,0.5,0.5,31,1.0,54.7,,
09.11.04,10:00:00,-200.0,18.5,-200,8.1,59.1,,
23.03.05,19:00:00,6.2,32.6,227,21.0,29.2,,
05.07.04,17:00:00,3.0,19.0,174,39.3,18.9,,
11.03.05,8:00:00,1.5,13.8,141,4.3,58.6,,
25.09.04,18:00:00,1.8,8.9,62,20.1,30.3,,
11.03.05,0:00:00,1.4,5.2,133,7.7,41.7,,
05.03.05,0:00:00,2.2,6.0,172,6.3,59.8,,
04.05.04,4:00:00,-200.0,1.5,28,15.6,81.0,54.60986371,141.317474
22.02.05,15:00:00,2.1,9.0,201,6.6,71.1,,
07.05.04,0:00:00,2.3,8.2,102,13.8,64.7,53.80905313,125.90221509999998
26.01.05,21:00:00,1.1,6.2,151,4.7,50.8,,
07.07.04,0:00:00,2.1,14.3,99,26.9,32.6,,
08.01.05,23:00:00,1.6,6.0,123,14.1,59.6,,
13.07.04,10:00:00,2.8,14.3,139,26.4,29.9,,
10.02.05,5:00:00,1.5,-200.0,88,-200.0,-200.0,,
29.01.05,23:00:00,1.0,1.6,73,2.8,49.1,,
11.06.04,5:00:00,0.6,4.0,74,19.3,51.4,,
12.02.05,17:00:00,3.7,17.1,227,11.1,52.0,,
31.03.04,12:00:00,2.9,11.3,123,12.3,73.3,73.66651619,116.75896850000001
23.08.04,3:00:00,-200.0,2.4,-200,21.2,53.3,,
26.10.04,1:00:00,1.6,8.0,60,16.8,74.9,,
06.11.04,10:00:00,1.7,10.9,80,18.4,61.3,,
26.05.04,6:00:00,-200.0,-200.0,-200,-200.0,-200.0,,
27.04.04,9:00:00,1.9,7.9,94,19.6,35.9,178.8448729,214.06922540000002
19.10.04,21:00:00,-200.0,24.4,-200,19.9,69.0,,
19.10.04,22:00:00,-200.0,20.3,-200,18.8,73.7,,
02.04.04,15:00:00,2.7,14.0,121,26.1,27.3,82.24964849999999,102.89459670000001
23.05.04,22:00:00,1.1,6.0,73,20.5,49.3,110.53456399999999,70.47050957
30.12.04,11:00:00,-200.0,4.1,-200,11.7,34.4,,
12.09.04,12:00:00,-200.0,6.4,-200,28.2,48.6,,
11.07.04,2:00:00,0.5,4.1,51,22.0,45.8,,
06.04.04,9:00:00,4.4,22.0,125,18.4,46.3,135.4716519,158.7201683
02.06.04,17:00:00,-200.0,8.1,44,28.9,35.7,,
11.10.04,16:00:00,3.4,18.3,99,23.2,52.0,,
22.07.04,15:00:00,2.1,14.3,143,44.3,13.0,,
30.03.05,21:00:00,2.0,8.8,147,16.8,58.2,,
03.09.04,8:00:00,-200.0,34.5,-200,23.7,54.0,,
06.09.04,4:00:00,-200.0,1.0,-200,23.9,47.4,,
01.08.04,20:00:00,1.5,9.2,77,30.7,38.7,,
24.02.05,11:00:00,1.8,6.5,232,4.6,82.0,,
17.12.04,19:00:00,3.2,-200.0,129,-200.0,-200.0,,
04.10.04,20:00:00,-200.0,21.3,-200,23.3,53.0,,
11.11.04,4:00:00,1.1,5.4,74,7.6,81.2,,
19.05.04,2:00:00,0.5,3.0,65,18.4,45.7,113.82347890000001,62.76542039
03.08.04,20:00:00,-200.0,10.3,100,30.1,45.0,,
31.01.05,8:00:00,1.8,7.1,198,3.7,33.9,,
12.07.04,4:00:00,-200.0,1.8,34,19.9,51.3,,
09.01.05,6:00:00,0.6,1.6,46,12.5,67.3,,
20.05.04,18:00:00,4.1,23.7,168,27.7,24.8,115.75721999999999,70.81421221
26.12.04,21:00:00,2.4,7.2,128,11.8,82.7,,
11.09.04,4:00:00,-200.0,2.3,-200,23.5,40.9,,
05.06.04,21:00:00,0.6,3.8,30,23.0,51.1,,
17.01.05,20:00:00,3.6,16.7,181,7.2,50.6,,
27.01.05,4:00:00,-200.0,0.3,28,4.4,42.2,,
10.04.04,6:00:00,1.4,6.0,65,10.8,70.5,124.1358611,144.4108379
25.06.04,7:00:00,2.6,14.8,104,21.5,51.8,,
14.04.04,22:00:00,-200.0,7.8,-200,13.4,54.3,142.6671616,153.04334780000002
09.09.04,18:00:00,5.4,32.3,220,35.2,16.6,,
08.11.04,5:00:00,0.2,0.4,18,10.8,50.9,,
14.11.04,4:00:00,0.3,0.7,26,9.8,51.3,,
10.08.04,2:00:00,0.5,3.5,11,26.3,56.5,,
05.10.04,18:00:00,-200.0,40.5,-200,27.0,40.2,,
11.07.04,0:00:00,2.3,11.6,116,22.7,45.3,,
09.11.04,16:00:00,1.5,7.5,-200,13.8,40.7,,
02.12.04,2:00:00,1.6,5.7,86,11.7,78.6,,
09.11.04,15:00:00,2.1,13.1,-200,12.6,42.4,,
15.03.05,12:00:00,2.2,10.3,161,21.0,30.6,,
29.08.04,11:00:00,-200.0,6.8,-200,32.3,31.8,,
26.10.04,11:00:00,3.5,20.1,132,20.1,62.0,,
04.10.04,1:00:00,-200.0,5.2,-200,18.4,71.6,,
30.08.04,12:00:00,-200.0,10.1,-200,31.6,34.7,,
09.12.04,7:00:00,0.6,1.3,63,14.6,56.7,,
31.08.04,12:00:00,-200.0,14.1,-200,31.8,30.5,,
18.11.04,21:00:00,4.3,17.2,191,16.3,58.1,,
24.01.05,8:00:00,1.8,11.1,169,7.2,49.8,,
01.01.05,13:00:00,2.2,8.4,147,9.5,41.2,,
08.12.04,11:00:00,2.3,9.8,95,14.3,63.3,,
17.08.04,17:00:00,-200.0,5.0,-200,38.1,19.7,,
31.07.04,5:00:00,0.8,4.7,49,23.7,54.6,,
15.01.05,12:00:00,2.7,11.6,177,7.5,64.4,,
12.04.04,21:00:00,0.8,2.7,74,10.6,56.1,153.68649209999998,153.1091828
30.09.04,22:00:00,1.5,9.0,87,22.1,61.3,,
03.04.05,9:00:00,1.2,4.1,118,17.8,30.7,,
07.02.05,9:00:00,2.8,10.5,281,5.6,40.5,,
21.09.04,2:00:00,0.6,3.1,50,22.1,49.8,,
08.05.04,12:00:00,-200.0,11.1,-200,13.3,76.8,129.74630679999999,65.55500049
22.06.04,7:00:00,3.1,18.5,106,18.2,55.8,,
17.09.04,12:00:00,1.6,9.0,89,22.8,41.8,,
26.03.05,0:00:00,2.5,12.1,128,17.1,66.9,,
19.02.05,3:00:00,1.2,3.9,-200,2.2,59.6,,
07.10.04,19:00:00,6.7,37.1,128,24.0,50.6,,
12.10.04,2:00:00,0.5,2.1,44,18.3,65.1,,
22.10.04,23:00:00,1.7,9.8,73,20.3,68.1,,
10.02.05,9:00:00,3.8,-200.0,289,-200.0,-200.0,,
30.08.04,11:00:00,-200.0,11.8,-200,29.9,39.6,,
07.06.04,22:00:00,1.8,8.9,101,23.3,44.5,,
16.05.04,4:00:00,-200.0,2.6,43,15.2,45.5,113.3350327,66.79432994
25.03.04,7:00:00,1.1,3.8,82,8.1,79.0,89.02760040000001,118.4489936
17.03.04,21:00:00,5.7,27.2,180,19.1,42.6,39.58533798,51.71936288
23.01.05,16:00:00,-200.0,7.0,180,8.9,49.1,,
21.03.05,17:00:00,2.6,12.4,153,22.8,34.9,,
07.08.04,10:00:00,1.9,10.9,96,30.6,41.9,,
08.06.04,11:00:00,2.9,16.9,149,31.4,28.6,,
30.08.04,17:00:00,-200.0,11.9,-200,33.0,29.5,,
09.07.04,13:00:00,1.7,9.6,129,34.4,19.3,,
12.09.04,16:00:00,-200.0,6.6,-200,26.1,66.8,,
16.07.04,12:00:00,2.1,10.9,125,34.4,19.9,,
28.09.04,1:00:00,0.8,3.5,73,15.3,51.9,,
01.07.04,21:00:00,1.9,10.2,111,28.7,34.7,,
14.03.05,13:00:00,1.5,7.1,124,19.3,35.5,,
17.12.04,7:00:00,2.5,-200.0,122,-200.0,-200.0,,
21.03.04,3:00:00,1.6,6.5,-200,15.2,57.9,45.96762656,56.68757989
28.01.05,5:00:00,0.5,0.9,49,4.0,47.8,,
25.08.04,14:00:00,1.3,6.2,66,34.4,30.6,,
03.12.04,10:00:00,5.1,23.0,154,14.6,81.6,,
24.06.04,1:00:00,1.5,8.6,64,23.3,60.5,,
24.08.04,20:00:00,1.3,5.2,61,27.5,50.4,,
01.08.04,14:00:00,0.6,3.5,42,38.1,18.5,,
20.05.04,10:00:00,2.2,12.4,117,26.1,30.0,115.11519399999999,68.56184052
30.10.04,6:00:00,1.4,7.8,82,16.8,79.0,,
05.03.05,19:00:00,2.5,9.1,177,8.5,57.9,,
27.09.04,13:00:00,1.9,9.1,90,22.3,29.5,,
28.10.04,13:00:00,2.6,14.5,99,21.6,53.6,,
06.09.04,9:00:00,1.7,8.0,-200,26.3,38.3,,
22.06.04,10:00:00,2.8,14.3,136,27.1,31.7,,
15.06.04,5:00:00,0.5,3.0,51,20.8,49.4,,
31.08.04,11:00:00,-200.0,16.5,-200,31.5,32.6,,
16.10.04,4:00:00,-200.0,3.6,-200,15.0,78.4,,
25.07.04,6:00:00,0.4,1.7,28,23.4,64.4,,
03.07.04,13:00:00,1.3,7.4,86,36.6,15.2,,
24.05.04,2:00:00,0.2,1.0,21,15.8,45.2,125.0453977,61.88375606
09.05.04,7:00:00,-200.0,4.5,-200,13.1,62.6,122.9822402,70.8965608
03.02.05,14:00:00,2.7,12.7,214,13.5,35.0,,
04.07.04,0:00:00,2.2,12.3,101,24.0,51.9,,
03.07.04,2:00:00,0.7,4.6,77,23.4,40.6,,
15.04.04,11:00:00,3.8,17.5,135,17.1,42.1,129.3827006,166.2194342
13.04.04,23:00:00,1.5,6.8,90,11.6,62.2,120.78814579999998,162.5995285
13.05.04,2:00:00,0.6,2.5,47,16.2,52.8,112.41028519999999,64.49439361
17.05.04,7:00:00,2.6,14.4,113,17.6,35.0,112.8773794,61.73187064
02.08.04,6:00:00,0.8,5.6,56,24.6,62.7,,
04.08.04,0:00:00,-200.0,9.2,89,27.5,51.5,,
03.07.04,5:00:00,0.7,4.5,68,20.2,50.7,,
16.04.04,2:00:00,1.6,6.0,83,12.8,71.9,122.9374597,150.2549502
11.08.04,21:00:00,1.5,8.4,59,30.8,45.0,,
16.02.05,17:00:00,1.6,7.0,148,8.2,41.8,,
07.01.05,16:00:00,3.8,16.5,180,13.3,56.2,,
27.07.04,4:00:00,-200.0,2.4,46,24.6,43.4,,
05.11.04,9:00:00,6.2,37.9,118,16.5,69.3,,
06.11.04,0:00:00,1.2,6.7,66,17.6,66.5,,
04.12.04,0:00:00,3.5,13.7,94,12.6,78.4,,
15.08.04,21:00:00,1.1,5.5,85,29.4,30.5,,
16.08.04,19:00:00,1.3,6.8,77,31.7,28.2,,
09.02.05,18:00:00,3.1,-200.0,209,-200.0,-200.0,,
24.07.04,2:00:00,1.4,9.9,74,26.4,44.5,,
11.12.04,19:00:00,2.0,9.2,138,14.6,24.6,,
02.08.04,0:00:00,1.9,9.1,68,27.3,57.1,,
13.08.04,11:00:00,1.2,5.8,109,35.7,29.0,,
20.04.04,20:00:00,-200.0,20.6,-200,17.9,47.4,182.9871595,205.8875081
09.01.05,16:00:00,2.0,8.7,145,16.1,52.8,,
03.03.05,4:00:00,1.0,4.1,119,3.4,56.3,,
19.08.04,16:00:00,1.2,6.8,44,39.9,23.8,,
19.04.04,18:00:00,-200.0,8.3,-200,11.3,70.5,172.4503247,213.8123835
22.12.04,7:00:00,0.9,3.8,124,4.5,51.8,,
23.01.05,21:00:00,-200.0,4.7,123,7.3,68.1,,
09.06.04,2:00:00,0.9,5.8,57,22.3,50.6,,
28.08.04,11:00:00,1.5,7.7,86,32.3,27.2,,
10.12.04,9:00:00,2.4,10.6,128,12.9,34.5,,
27.11.04,22:00:00,2.4,9.9,98,12.8,73.8,,
19.06.04,10:00:00,1.6,8.6,98,29.3,35.9,,
23.03.04,21:00:00,1.7,7.6,101,12.6,54.2,79.19224659999999,104.4164005
18.09.04,4:00:00,-200.0,2.7,45,20.6,45.9,,
31.07.04,7:00:00,1.0,6.4,71,24.0,53.4,,
21.06.04,20:00:00,2.7,14.1,126,24.5,35.7,,
19.08.04,1:00:00,0.9,4.4,38,27.7,52.6,,
22.01.05,4:00:00,0.5,11.5,126,7.0,77.8,,
16.02.05,1:00:00,2.5,10.7,193,5.2,44.2,,
15.05.04,10:00:00,2.6,12.7,127,23.1,30.3,123.89600320000001,61.33968538
09.04.04,21:00:00,2.1,-200.0,107,-200.0,-200.0,151.5267215,152.99438700000002
25.03.05,10:00:00,2.7,11.1,136,18.4,59.2,,
25.04.04,22:00:00,2.8,13.0,93,14.8,39.5,185.72885060000002,218.89369080000003
04.04.04,3:00:00,-200.0,5.6,-200,14.7,65.0,77.44138469,109.771555
12.06.04,7:00:00,0.6,4.8,64,21.3,42.3,,
20.12.04,13:00:00,2.6,4.7,114,9.6,52.4,,
01.04.04,12:00:00,1.7,7.4,73,20.6,36.7,71.96551598,111.1756207
10.12.04,10:00:00,1.8,7.2,122,14.4,30.2,,
01.11.04,21:00:00,3.2,14.7,86,20.4,71.6,,
16.01.05,7:00:00,1.4,5.4,118,3.9,67.1,,
15.09.04,10:00:00,-200.0,18.5,-200,23.7,64.5,,
15.07.04,9:00:00,2.8,15.4,153,24.4,45.5,,
05.06.04,0:00:00,2.7,12.9,-200,21.1,48.1,,
08.01.05,6:00:00,1.2,3.6,97,7.7,71.9,,
14.03.04,1:00:00,2.8,11.9,119,14.6,51.5,28.52243308,52.66225839
09.12.04,22:00:00,0.8,2.0,66,12.3,48.7,,
12.12.04,19:00:00,4.6,16.4,169,11.6,51.2,,
06.12.04,4:00:00,0.6,1.7,54,11.9,79.6,,
31.07.04,6:00:00,1.2,7.3,71,22.6,58.8,,
09.11.04,11:00:00,-200.0,20.4,-200,11.1,48.8,,
28.01.05,1:00:00,1.1,2.4,97,3.3,47.4,,
29.06.04,4:00:00,-200.0,2.8,57,24.8,48.0,,
19.03.04,20:00:00,3.9,19.8,138,15.4,51.4,39.11621217,53.714756900000005
17.04.04,23:00:00,-200.0,10.7,-200,16.9,54.8,173.3382111,201.7930388
02.01.05,2:00:00,1.3,3.6,96,4.5,63.6,,
24.12.04,14:00:00,7.9,22.9,217,10.5,51.1,,
23.01.05,9:00:00,-200.0,4.4,121,3.1,53.5,,
14.03.05,9:00:00,4.0,22.9,155,11.7,61.7,,
04.04.05,7:00:00,4.0,17.4,155,9.7,61.9,,
19.03.04,11:00:00,3.3,16.4,135,14.5,54.4,40.13242467,59.30272918
17.09.04,0:00:00,1.1,10.7,109,21.3,55.8,,
16.12.04,23:00:00,4.3,-200.0,173,-200.0,-200.0,,
09.06.04,18:00:00,4.9,27.6,222,37.3,23.4,,
30.11.04,19:00:00,6.3,28.0,178,11.6,64.3,,
30.03.04,6:00:00,1.1,5.3,98,11.3,40.3,71.34369561,119.7806437
04.12.04,16:00:00,2.5,7.1,107,12.3,87.0,,
31.08.04,2:00:00,-200.0,2.9,-200,22.7,60.8,,
21.03.04,16:00:00,1.9,6.9,89,20.3,38.0,23.62511606,57.47141179
07.02.05,10:00:00,2.1,7.9,222,7.5,33.8,,
26.12.04,6:00:00,0.3,0.7,46,10.9,80.3,,
29.05.04,12:00:00,0.9,6.0,74,21.8,34.9,,
26.06.04,9:00:00,2.4,14.0,129,24.5,34.3,,
07.10.04,5:00:00,-200.0,4.4,-200,19.8,67.1,,
21.08.04,11:00:00,-200.0,3.1,-200,30.4,30.8,,
06.02.05,11:00:00,2.0,6.7,212,8.0,33.3,,
28.04.04,12:00:00,2.5,14.2,121,27.4,28.2,184.3971302,213.69405519999998
01.04.04,13:00:00,1.7,8.6,73,21.8,33.9,71.26189047,109.67919209999998
01.12.04,16:00:00,5.6,25.7,171,12.7,77.1,,
27.02.05,18:00:00,1.2,2.9,132,6.8,41.0,,
13.10.04,0:00:00,-200.0,2.2,-200,14.8,57.9,,
10.05.04,17:00:00,2.5,17.8,104,23.4,32.0,119.22188179999999,67.11283646
09.04.04,19:00:00,3.4,-200.0,137,-200.0,-200.0,129.270975,153.23679019999997
30.11.04,3:00:00,0.8,2.0,-200,13.6,82.8,,
28.04.04,21:00:00,2.7,13.1,129,19.8,46.8,184.34565769999998,213.1770319
22.01.05,13:00:00,1.0,15.0,192,15.0,50.2,,
17.07.04,9:00:00,1.9,10.3,116,25.0,38.3,,
12.12.04,22:00:00,2.1,7.1,110,9.6,51.7,,
28.12.04,0:00:00,1.2,4.1,101,11.0,68.7,,
04.08.04,7:00:00,-200.0,19.3,-200,26.2,52.8,,
12.03.05,14:00:00,0.5,7.0,129,17.9,35.3,,
20.12.04,2:00:00,1.2,2.8,83,9.7,70.9,,
28.11.04,0:00:00,2.5,10.3,88,10.6,79.4,,
26.03.04,3:00:00,0.6,1.7,-200,8.2,68.5,73.58682838,102.6919821
13.03.05,19:00:00,3.2,16.7,215,15.1,49.8,,
24.10.04,5:00:00,1.4,8.6,48,18.0,75.4,,
24.11.04,18:00:00,6.1,30.3,167,10.8,77.2,,
25.12.04,11:00:00,2.8,10.6,138,10.2,67.3,,
24.01.05,19:00:00,1.5,8.9,169,7.3,42.2,,
25.07.04,21:00:00,1.5,7.3,86,27.7,43.4,,
13.04.04,20:00:00,3.5,14.6,129,14.1,49.6,122.3766687,168.7306141
15.08.04,8:00:00,0.7,3.5,36,23.9,56.3,,
19.02.05,9:00:00,2.5,9.0,231,2.1,59.9,,
08.10.04,5:00:00,0.9,5.5,47,18.2,70.1,,
19.04.04,4:00:00,-200.0,2.1,-200,13.0,78.2,189.2267813,220.98046630000002
17.01.05,23:00:00,1.9,7.4,143,4.2,58.1,,
22.02.05,1:00:00,0.8,2.1,85,4.4,80.5,,
15.09.04,5:00:00,-200.0,4.0,-200,20.6,76.2,,
12.03.04,13:00:00,2.5,11.0,116,16.1,34.5,33.60978521,59.19740879
21.07.04,23:00:00,3.5,14.4,106,28.9,39.1,,
16.07.04,2:00:00,0.7,3.9,58,23.7,37.3,,
29.09.04,6:00:00,0.7,4.0,53,15.2,58.3,,
07.03.05,22:00:00,1.5,5.0,174,4.2,40.9,,
13.09.04,4:00:00,-200.0,4.0,-200,19.4,73.4,,
01.03.05,3:00:00,0.2,0.2,-200,0.1,40.0,,
21.06.04,12:00:00,1.5,8.8,104,30.2,18.0,,
09.05.04,8:00:00,-200.0,2.6,-200,16.8,46.8,126.43205859999999,64.19563621
09.12.04,14:00:00,1.8,7.1,95,15.2,51.0,,
15.03.05,7:00:00,0.9,3.8,110,10.1,64.3,,
17.06.04,15:00:00,1.8,9.5,107,31.5,28.7,,
18.12.04,23:00:00,2.3,11.4,146,9.4,27.4,,
26.03.04,21:00:00,1.5,6.0,91,9.8,50.8,88.40277729,104.7027302
10.01.05,13:00:00,2.6,20.1,148,14.0,65.4,,
12.10.04,8:00:00,3.0,14.8,103,17.9,57.8,,
27.01.05,15:00:00,1.3,4.5,125,7.3,35.0,,
19.02.05,7:00:00,1.1,4.5,148,0.9,64.6,,
17.03.05,1:00:00,1.2,4.4,111,13.3,51.4,,
08.07.04,4:00:00,-200.0,5.1,60,24.5,40.4,,
01.01.05,4:00:00,1.9,5.6,126,4.3,55.3,,
04.03.05,12:00:00,3.3,14.9,188,8.6,57.6,,
25.09.04,14:00:00,1.0,4.5,12,19.8,31.1,,
21.07.04,14:00:00,-200.0,7.5,86,40.1,15.2,,
17.05.04,23:00:00,1.3,7.4,80,20.2,31.2,116.9170568,70.87322425
31.07.04,19:00:00,1.6,10.2,104,34.0,30.9,,
04.10.04,0:00:00,-200.0,5.5,-200,19.8,66.9,,
05.11.04,12:00:00,3.3,20.9,107,20.8,56.3,,
12.10.04,19:00:00,-200.0,14.7,-200,16.7,54.1,,
19.09.04,13:00:00,2.0,11.9,106,29.6,28.6,,
08.08.04,1:00:00,1.1,5.8,55,25.4,55.1,,
13.12.04,9:00:00,3.4,16.7,138,7.3,61.4,,
12.03.04,15:00:00,2.9,14.2,126,15.8,37.0,21.09169439,59.27570633
07.06.04,0:00:00,1.4,7.0,95,19.3,47.9,,
22.10.04,16:00:00,5.5,27.7,137,26.9,48.6,,
11.09.04,21:00:00,-200.0,10.9,-200,26.1,41.1,,
02.04.05,22:00:00,0.7,1.8,79,13.1,41.3,,
10.10.04,1:00:00,2.0,11.9,74,23.9,59.2,,
18.06.04,8:00:00,4.4,28.8,121,22.8,47.9,,
09.09.04,4:00:00,0.2,2.3,68,21.4,35.7,,
18.07.04,11:00:00,0.8,7.3,91,36.3,16.3,,
02.01.05,3:00:00,1.3,4.5,-200,3.1,70.0,,
24.05.04,14:00:00,1.1,6.9,85,25.1,13.1,122.79124709999999,68.90090819
24.12.04,4:00:00,2.4,8.7,132,4.2,63.1,,
12.10.04,22:00:00,-200.0,4.1,-200,15.6,55.9,,
25.02.05,17:00:00,2.3,8.4,152,12.3,38.4,,
18.03.04,1:00:00,1.4,8.1,107,14.3,55.4,47.03055415,60.23912438
27.12.04,7:00:00,0.8,3.0,95,12.3,60.1,,
16.12.04,5:00:00,1.0,-200.0,74,-200.0,-200.0,,
28.03.05,7:00:00,1.0,3.1,84,14.1,77.8,,
06.04.04,4:00:00,0.5,1.8,35,14.1,61.6,146.02136289999999,147.9486965
04.12.04,18:00:00,3.1,10.9,120,13.1,81.7,,
03.12.04,2:00:00,2.1,9.4,86,14.1,84.1,,
28.06.04,1:00:00,1.0,5.0,63,26.7,40.0,,
20.06.04,3:00:00,1.4,-200.0,-200,-200.0,-200.0,,
31.03.04,9:00:00,2.2,8.6,125,10.4,74.4,77.16504185,118.8585149
25.01.05,14:00:00,0.4,4.2,123,4.7,48.6,,
19.08.04,6:00:00,0.8,4.7,38,27.1,54.4,,
15.03.05,18:00:00,3.9,21.6,196,20.3,29.7,,
30.01.05,8:00:00,0.5,0.7,62,2.7,43.2,,
15.06.04,4:00:00,0.4,2.0,38,20.8,48.5,,
08.08.04,19:00:00,1.5,6.5,79,31.1,38.8,,
04.01.05,4:00:00,0.6,-200.0,72,-200.0,-200.0,,
12.03.05,9:00:00,0.2,5.8,109,12.6,58.5,,
12.07.04,10:00:00,1.5,6.8,107,23.4,39.4,,
13.05.04,0:00:00,1.6,6.5,96,16.2,50.2,130.4118746,63.31860608
23.02.05,21:00:00,2.9,11.4,243,4.2,79.7,,
30.04.04,13:00:00,3.4,17.4,115,19.4,60.9,48.07216318,174.3052006
18.12.04,6:00:00,1.0,5.2,89,10.4,77.3,,
30.06.04,10:00:00,2.9,18.0,171,34.2,30.7,,
04.04.04,2:00:00,-200.0,5.4,-200,15.2,62.4,77.29961003,104.7025656
09.04.04,8:00:00,2.9,-200.0,117,-200.0,-200.0,145.0872025,163.08648449999998
08.08.04,16:00:00,0.8,3.6,37,35.1,32.1,,
29.12.04,23:00:00,-200.0,2.7,-200,10.2,45.4,,
01.07.04,12:00:00,2.4,14.2,132,36.6,27.1,,
18.10.04,9:00:00,-200.0,17.7,-200,16.8,57.8,,
07.02.05,5:00:00,0.6,1.0,73,3.3,44.6,,
14.09.04,9:00:00,-200.0,20.9,-200,26.5,50.2,,
03.03.05,17:00:00,1.9,7.5,165,6.3,75.7,,
21.12.04,20:00:00,3.9,18.3,175,6.5,41.7,,
30.03.04,12:00:00,3.7,18.9,138,20.8,22.5,82.68471245,104.9290903
01.07.04,16:00:00,1.8,10.9,127,37.8,22.7,,
28.10.04,8:00:00,4.4,25.8,102,16.0,76.4,,
07.09.04,22:00:00,-200.0,10.0,-200,25.4,35.2,,
10.09.04,17:00:00,2.7,14.3,149,33.4,20.3,,
11.09.04,22:00:00,-200.0,12.3,-200,25.3,44.6,,
04.08.04,22:00:00,-200.0,5.5,-200,25.4,52.7,,
06.08.04,12:00:00,2.6,14.4,120,33.5,36.0,,
03.03.05,16:00:00,1.7,5.5,151,6.3,72.1,,
07.12.04,2:00:00,1.1,3.5,70,13.1,67.4,,
14.08.04,16:00:00,0.7,3.6,48,38.9,20.3,,
24.10.04,0:00:00,2.9,15.5,97,19.7,70.1,,
05.09.04,13:00:00,0.7,2.4,-200,33.2,19.0,,
24.08.04,18:00:00,1.7,9.0,87,33.9,30.0,,
09.06.04,3:00:00,0.5,3.8,-200,22.0,50.5,,
16.10.04,17:00:00,-200.0,8.7,-200,19.9,42.0,,
09.10.04,2:00:00,1.4,7.3,58,21.1,64.5,,
30.10.04,10:00:00,2.7,14.3,108,18.0,76.6,,
09.10.04,15:00:00,2.6,15.9,92,29.6,42.3,,
25.06.04,11:00:00,1.9,9.1,102,32.9,28.0,,
18.05.04,15:00:00,2.3,13.8,127,32.2,18.9,116.68291310000001,67.29840407
17.08.04,23:00:00,-200.0,8.2,-200,28.0,36.1,,
04.05.04,14:00:00,2.4,12.1,105,20.4,54.0,52.03171828,125.8586662
22.11.04,21:00:00,3.3,22.4,191,8.5,54.2,,
23.09.04,20:00:00,3.3,16.9,148,26.2,48.7,,
26.01.05,12:00:00,0.1,2.7,130,4.3,50.0,,
26.06.04,23:00:00,2.7,15.1,117,27.2,42.5,,
31.01.05,6:00:00,0.4,0.6,50,3.7,37.5,,
11.04.04,7:00:00,0.9,3.0,52,8.2,66.6,124.705779,164.89816299999998
22.09.04,14:00:00,2.2,12.1,117,28.5,37.3,,
08.09.04,2:00:00,-200.0,-200.0,-200,-200.0,-200.0,,
03.06.04,6:00:00,-200.0,10.1,73,17.6,67.6,,
03.02.05,1:00:00,1.5,6.0,153,3.9,51.6,,
19.06.04,6:00:00,0.5,3.2,62,22.8,48.9,,
19.03.05,10:00:00,2.5,9.9,156,13.4,62.0,,
30.11.04,5:00:00,0.6,1.4,38,13.6,75.5,,
22.09.04,15:00:00,2.6,15.3,141,30.2,32.9,,
21.03.05,23:00:00,1.2,4.9,117,13.8,65.2,,
11.04.04,12:00:00,2.6,9.2,118,22.7,22.9,157.8411505,169.63954840000002
08.11.04,20:00:00,-200.0,23.1,-200,9.5,57.9,,
30.11.04,2:00:00,1.2,4.5,75,13.2,84.4,,
07.12.04,10:00:00,3.3,17.3,130,14.5,61.1,,
22.04.04,22:00:00,-200.0,8.2,-200,19.3,38.8,182.00225780000002,218.3286952
31.03.05,19:00:00,2.1,8.3,136,17.8,45.2,,
09.09.04,12:00:00,1.7,12.6,116,37.1,15.0,,
01.02.05,23:00:00,2.6,5.4,137,6.7,47.6,,
25.08.04,2:00:00,1.1,4.7,62,23.7,53.2,,
30.05.04,8:00:00,0.3,2.7,67,20.2,37.8,,
29.09.04,10:00:00,3.8,21.4,174,22.4,38.8,,
06.01.05,19:00:00,2.8,12.4,169,14.0,60.1,,
03.05.04,22:00:00,1.1,5.3,70,19.5,57.1,59.94493807,174.4062931
03.01.05,23:00:00,1.5,-200.0,130,-200.0,-200.0,,
09.06.04,17:00:00,3.5,21.6,194,39.6,16.7,,
24.02.05,7:00:00,1.5,5.5,170,3.8,83.8,,
19.07.04,8:00:00,3.4,25.6,142,25.2,38.6,,
01.07.04,3:00:00,0.6,2.8,-200,26.3,50.8,,
27.11.04,15:00:00,4.6,19.4,174,16.3,68.7,,
05.08.04,6:00:00,-200.0,6.5,-200,22.6,64.1,,
19.08.04,10:00:00,1.2,6.5,47,32.5,39.4,,
24.10.04,8:00:00,0.9,4.8,45,20.0,66.7,,
06.09.04,5:00:00,0.4,1.9,-200,23.5,49.1,,
19.03.04,5:00:00,0.5,1.3,28,12.5,66.8,24.16018683,50.80688871
05.05.04,21:00:00,1.8,6.9,89,15.1,75.1,55.50935746,167.7270682
25.03.05,12:00:00,1.4,13.6,140,21.3,46.6,,
15.07.04,2:00:00,0.6,3.7,51,23.5,38.3,,
23.07.04,4:00:00,0.5,3.9,55,25.6,45.8,,
02.04.05,1:00:00,1.1,1.9,127,12.7,33.6,,
20.03.04,17:00:00,2.1,9.7,94,19.1,43.8,38.79126897,57.80323282
27.09.04,14:00:00,1.6,9.2,99,23.8,27.0,,
27.03.04,23:00:00,2.1,8.6,105,10.9,56.1,88.15684163,120.6233108
09.08.04,17:00:00,1.5,-200.0,75,-200.0,-200.0,,
18.08.04,9:00:00,-200.0,6.5,-200,29.6,35.4,,
28.01.05,3:00:00,0.8,1.4,-200,3.5,48.0,,
29.08.04,6:00:00,-200.0,3.0,-200,21.0,66.5,,
18.01.05,21:00:00,1.5,6.0,152,10.3,74.0,,
19.09.04,4:00:00,0.9,3.8,54,18.8,59.5,,
24.02.05,10:00:00,2.7,9.0,244,4.1,83.9,,
27.08.04,2:00:00,1.0,-200.0,67,-200.0,-200.0,,
27.03.04,11:00:00,2.1,9.4,99,17.8,29.2,85.12866376,117.9775563
26.08.04,13:00:00,1.3,-200.0,75,-200.0,-200.0,,
05.07.04,18:00:00,4.3,24.1,203,37.3,19.9,,
11.07.04,5:00:00,0.3,2.6,36,20.6,50.6,,
07.10.04,3:00:00,-200.0,3.1,-200,20.9,62.2,,
20.03.05,3:00:00,1.1,3.5,94,13.2,64.8,,
21.03.05,13:00:00,1.8,7.1,127,21.6,39.6,,
20.08.04,14:00:00,-200.0,3.3,-200,35.0,35.5,,
12.03.05,23:00:00,0.1,3.9,114,12.0,53.3,,
21.02.05,18:00:00,2.2,8.8,193,5.8,77.8,,
19.09.04,3:00:00,1.2,7.8,-200,18.8,59.8,,
15.05.04,23:00:00,2.6,12.0,112,19.6,37.0,125.55180359999999,61.37423275
21.03.05,22:00:00,2.1,8.2,144,14.2,65.4,,
25.02.05,11:00:00,3.3,11.8,166,10.8,52.1,,
18.06.04,1:00:00,1.0,6.0,81,23.5,48.3,,
11.03.04,18:00:00,4.8,20.8,151,10.3,64.2,20.38681045,59.18925243
13.07.04,23:00:00,1.9,11.0,111,24.3,31.1,,
06.12.04,17:00:00,2.9,15.7,115,17.3,57.1,,
30.09.04,4:00:00,-200.0,2.4,-200,16.6,59.6,,
20.09.04,12:00:00,3.1,17.6,165,31.5,30.8,,
16.02.05,3:00:00,1.4,5.9,-200,4.0,49.1,,
11.10.04,4:00:00,0.4,1.9,29,17.9,77.7,,
14.01.05,16:00:00,3.4,16.9,143,11.9,59.1,,
15.09.04,12:00:00,-200.0,21.0,-200,23.5,69.2,,
11.10.04,13:00:00,3.1,18.3,87,20.2,67.4,,
04.07.04,22:00:00,1.3,7.4,87,26.0,35.7,,
14.02.05,1:00:00,1.6,6.0,136,10.1,58.9,,
20.11.04,0:00:00,2.7,3.6,121,12.2,14.0,,
21.12.04,12:00:00,1.7,6.7,135,7.8,36.8,,
05.07.04,3:00:00,0.3,2.5,-200,21.6,46.1,,
09.07.04,0:00:00,3.2,19.5,136,29.1,34.8,,
23.09.04,1:00:00,1.4,6.9,71,21.4,68.5,,
22.01.05,8:00:00,0.8,15.6,196,6.3,78.8,,
26.11.04,5:00:00,1.2,4.8,77,9.0,77.3,,
19.01.05,13:00:00,0.3,4.6,110,8.6,63.3,,
24.03.04,20:00:00,3.5,14.4,136,10.8,65.7,76.84353462,120.14364479999999
19.09.04,7:00:00,1.0,4.8,62,16.8,66.8,,
14.11.04,0:00:00,0.8,1.8,57,11.9,55.5,,
06.03.05,3:00:00,0.8,1.5,-200,7.2,47.3,,
12.08.04,3:00:00,0.6,2.4,-200,25.6,63.5,,
10.03.05,12:00:00,2.3,10.6,161,17.4,33.2,,
08.08.04,4:00:00,0.6,2.4,33,23.9,61.2,,
17.09.04,3:00:00,0.4,2.0,-200,20.0,59.1,,
31.07.04,15:00:00,0.9,6.1,65,40.0,20.0,,
30.06.04,5:00:00,0.7,4.6,57,24.6,59.1,,
21.07.04,5:00:00,-200.0,5.4,73,23.3,50.1,,
21.01.05,14:00:00,2.9,13.9,142,12.8,46.9,,
18.01.05,2:00:00,1.0,3.4,105,3.2,58.8,,
22.10.04,2:00:00,1.0,5.9,57,20.3,70.6,,
03.09.04,23:00:00,1.5,8.1,-200,27.8,40.7,,
22.08.04,22:00:00,-200.0,6.1,-200,25.7,38.5,,
04.05.04,18:00:00,3.9,20.6,109,18.3,62.8,41.78338305,141.7523735
31.10.04,6:00:00,0.4,1.2,31,18.1,79.0,,
11.03.05,23:00:00,0.5,6.0,151,10.6,55.9,,
25.02.05,18:00:00,2.8,12.1,177,10.2,43.1,,
01.08.04,8:00:00,0.8,4.2,35,25.0,60.7,,
15.09.04,3:00:00,-200.0,3.0,-200,20.7,77.8,,
15.09.04,2:00:00,-200.0,3.1,-200,20.5,78.2,,
25.01.05,1:00:00,-200.0,0.6,44,5.7,41.5,,
05.07.04,10:00:00,3.2,15.9,175,30.6,23.2,,
08.02.05,23:00:00,0.9,-200.0,107,-200.0,-200.0,,
06.10.04,8:00:00,-200.0,32.0,-200,18.3,67.8,,
11.08.04,3:00:00,0.5,3.0,-200,26.9,60.3,,
10.04.04,3:00:00,1.0,3.6,-200,11.1,69.3,128.6031054,150.352575
14.12.04,4:00:00,0.8,3.2,74,6.8,75.4,,
20.01.05,17:00:00,4.5,21.9,204,13.7,28.1,,
24.06.04,16:00:00,1.4,8.0,74,35.8,22.4,,
02.01.05,11:00:00,2.2,7.5,141,6.6,56.6,,
14.05.04,6:00:00,1.5,8.4,95,17.2,52.3,113.1925406,68.15185445
22.06.04,15:00:00,1.7,11.2,98,31.8,25.6,,
13.02.05,16:00:00,1.0,4.4,90,19.4,32.4,,
20.07.04,15:00:00,-200.0,14.0,132,42.8,12.3,,
20.01.05,2:00:00,0.9,1.3,62,8.5,51.9,,
16.04.04,19:00:00,6.4,26.8,149,13.9,78.0,159.35009019999998,168.55779760000001
11.09.04,5:00:00,-200.0,3.1,-200,20.5,48.4,,
05.06.04,14:00:00,1.0,6.0,62,30.1,25.4,,
13.01.05,2:00:00,1.7,6.0,105,8.4,75.9,,
07.12.04,13:00:00,3.0,18.0,118,18.8,49.3,,
02.11.04,12:00:00,4.9,25.6,151,24.0,50.0,,
11.12.04,16:00:00,1.8,7.8,112,17.8,21.0,,
12.11.04,5:00:00,0.6,1.7,50,13.7,64.4,,
09.08.04,4:00:00,-200.0,2.2,30,23.8,65.7,,
10.09.04,23:00:00,1.7,9.3,131,25.1,35.7,,
23.03.05,12:00:00,2.0,10.3,143,22.9,29.3,,
16.07.04,1:00:00,1.0,6.5,67,23.8,36.9,,
17.05.04,10:00:00,1.7,8.5,94,22.3,24.1,110.94842849999999,67.34579493
15.10.04,12:00:00,-200.0,15.0,-200,22.7,47.6,,
06.03.05,11:00:00,0.9,2.0,85,11.2,33.8,,
09.04.04,9:00:00,2.7,-200.0,122,-200.0,-200.0,151.75092880000003,151.22125780000002
12.08.04,22:00:00,1.2,6.0,65,28.6,53.7,,
15.12.04,3:00:00,0.9,-200.0,-200,-200.0,-200.0,,
05.03.05,18:00:00,1.9,7.7,156,8.6,56.3,,
25.09.04,22:00:00,2.2,10.3,99,17.8,36.5,,
02.11.04,15:00:00,5.8,32.3,168,25.2,50.6,,
18.05.04,12:00:00,2.7,15.4,123,30.0,20.0,129.17586790000001,66.55351891
17.09.04,14:00:00,1.1,6.3,81,23.2,42.8,,
03.11.04,0:00:00,1.1,6.8,56,20.4,61.1,,
01.03.05,18:00:00,1.4,5.0,116,1.9,35.0,,
29.03.05,2:00:00,0.8,2.2,72,13.4,70.4,,
03.12.04,4:00:00,1.1,3.8,80,14.0,84.1,,
08.02.05,4:00:00,0.5,1.0,54,6.0,42.9,,
09.02.05,11:00:00,2.1,-200.0,165,-200.0,-200.0,,
28.03.04,19:00:00,1.9,6.2,94,14.1,40.2,78.57372224,107.27790139999999
07.07.04,20:00:00,4.3,22.5,184,33.7,22.6,,
14.06.04,22:00:00,1.1,4.7,74,22.2,44.1,,
17.05.04,17:00:00,2.4,13.4,105,26.7,17.1,119.18914950000001,62.71203857
29.10.04,8:00:00,3.7,22.8,124,20.8,64.7,,
12.07.04,2:00:00,0.2,2.0,22,21.2,46.2,,
04.04.05,13:00:00,2.1,9.5,156,28.3,13.5,,
22.08.04,21:00:00,-200.0,7.4,-200,26.5,36.6,,
25.08.04,20:00:00,1.4,6.0,69,27.8,35.6,,
31.10.04,22:00:00,2.7,13.9,76,19.7,73.7,,
07.03.05,23:00:00,1.8,6.5,181,3.9,43.5,,
13.07.04,0:00:00,1.5,7.6,94,19.8,47.7,,
19.10.04,14:00:00,-200.0,13.4,-200,22.0,54.0,,
09.06.04,13:00:00,2.8,18.0,167,39.5,18.3,,
24.01.05,14:00:00,0.7,5.6,-200,10.9,34.9,,
18.12.04,0:00:00,2.1,7.0,121,12.9,72.1,,
08.04.04,23:00:00,2.0,-200.0,106,-200.0,-200.0,135.073751,166.53245959999998
08.09.04,10:00:00,-200.0,-200.0,-200,-200.0,-200.0,,
13.02.05,20:00:00,2.1,7.8,179,13.9,43.8,,
27.12.04,1:00:00,1.5,3.9,114,11.5,74.2,,
09.07.04,9:00:00,1.8,9.7,115,27.4,32.0,,
14.10.04,19:00:00,-200.0,21.0,-200,19.3,59.6,,
10.04.04,15:00:00,1.4,6.9,89,21.4,22.7,152.64130469999998,141.7335956
29.04.04,22:00:00,2.7,13.7,102,17.8,61.0,182.3973811,206.62060259999998
12.04.04,4:00:00,0.3,0.7,25,13.9,30.9,125.27352240000002,152.6633209
02.11.04,2:00:00,1.1,4.8,49,17.9,74.8,,
22.03.04,14:00:00,2.2,11.2,99,21.3,26.1,41.79118437,50.19150689999999
01.02.05,19:00:00,4.1,17.0,188,9.4,36.7,,
09.07.04,11:00:00,1.7,9.6,137,32.9,20.1,,
10.04.04,17:00:00,1.7,7.4,104,21.1,24.5,130.9939326,161.16306809999998
26.03.04,16:00:00,1.9,8.8,87,13.4,41.0,71.00796326,107.1963775
09.04.04,0:00:00,2.4,-200.0,109,-200.0,-200.0,125.98762649999999,141.7753112
06.03.05,19:00:00,2.5,6.2,194,8.6,38.1,,
28.06.04,6:00:00,0.7,5.0,54,23.7,47.1,,
29.01.05,19:00:00,1.3,3.1,134,3.1,48.1,,
22.05.04,22:00:00,2.6,12.7,85,20.6,50.5,115.3312842,68.14923545
26.11.04,23:00:00,4.3,18.6,154,13.4,69.0,,
09.04.04,14:00:00,2.2,-200.0,119,-200.0,-200.0,146.5594794,165.89989980000001
21.07.04,9:00:00,-200.0,16.9,150,28.1,37.3,,
04.08.04,14:00:00,-200.0,6.0,-200,37.2,23.6,,
22.09.04,19:00:00,5.2,26.7,194,26.7,43.3,,
12.11.04,13:00:00,2.0,8.7,118,17.4,55.8,,
03.03.05,12:00:00,1.6,5.4,147,3.6,78.6,,
26.03.05,20:00:00,2.0,8.4,119,18.7,54.5,,
28.09.04,13:00:00,4.1,21.7,163,25.2,26.8,,
15.09.04,17:00:00,3.3,17.3,112,26.9,53.1,,
31.03.04,4:00:00,0.5,0.8,26,14.5,36.1,87.55952804,116.7833722
12.05.04,18:00:00,2.9,13.4,107,17.4,48.6,117.2854087,60.19200195
25.02.05,13:00:00,2.1,8.4,167,10.9,44.8,,
16.09.04,2:00:00,0.5,2.6,49,21.7,67.4,,
08.05.04,4:00:00,-200.0,1.2,-200,10.9,67.5,116.1493664,70.73440623
30.04.04,5:00:00,0.8,4.5,66,15.7,74.7,37.04963286,144.35505790000002
21.10.04,23:00:00,4.2,22.2,91,21.6,69.2,,
06.01.05,21:00:00,2.4,8.4,152,12.6,65.4,,
17.11.04,8:00:00,3.3,15.4,200,6.3,61.7,,
12.03.04,20:00:00,6.6,32.6,170,12.9,50.5,45.75107989,60.02012102
21.03.04,11:00:00,1.8,7.3,81,18.9,49.6,34.20338284,55.86453079
08.06.04,22:00:00,1.7,10.9,89,25.3,40.7,,
30.01.05,5:00:00,0.6,0.6,50,3.1,44.4,,
14.06.04,1:00:00,0.5,1.2,30,19.7,44.8,,
17.04.04,18:00:00,-200.0,5.5,-200,16.9,53.2,174.7996506,200.9735625
12.10.04,20:00:00,-200.0,6.0,-200,15.4,57.7,,
12.05.04,5:00:00,0.8,4.7,57,14.0,68.3,113.69357590000001,69.69642904
29.03.05,5:00:00,0.5,1.9,58,13.7,67.8,,
26.03.04,8:00:00,3.4,16.7,110,9.8,59.6,89.00768869,118.3914507
23.04.04,2:00:00,-200.0,3.4,-200,16.7,46.5,170.5288401,203.2587143
01.02.05,16:00:00,3.2,14.4,162,13.5,44.8,,
12.08.04,17:00:00,1.3,7.0,67,37.1,27.2,,
09.01.05,1:00:00,1.6,5.5,127,13.5,63.4,,
09.01.05,10:00:00,0.9,3.5,71,13.7,60.4,,
19.09.04,16:00:00,1.8,8.3,106,34.6,22.4,,
10.04.04,8:00:00,2.0,9.9,76,12.4,64.0,130.2612702,163.8625272
23.03.04,10:00:00,3.4,16.2,132,12.0,62.9,87.64294022,115.01722190000001
24.04.04,16:00:00,1.9,10.7,95,27.0,31.8,176.62732549999998,207.958069
26.12.04,4:00:00,0.5,1.2,55,10.8,78.7,,
23.02.05,7:00:00,0.7,2.2,117,4.5,76.3,,
18.02.05,19:00:00,3.3,16.0,210,8.5,39.0,,
25.02.05,7:00:00,1.4,6.1,175,5.3,80.2,,
30.08.04,7:00:00,-200.0,23.3,-200,22.6,60.3,,
24.05.04,1:00:00,0.5,2.4,44,17.2,43.1,111.0725898,61.95890136
20.01.05,11:00:00,2.9,11.5,170,12.4,37.1,,
19.03.05,5:00:00,0.9,2.5,83,12.1,67.3,,
14.06.04,9:00:00,1.4,6.3,87,22.4,43.6,,
06.02.05,13:00:00,1.2,3.5,135,11.1,23.5,,
10.03.04,20:00:00,2.2,9.0,114,11.9,54.0,47.04572787,57.57095402
21.02.05,9:00:00,2.9,13.3,218,4.6,77.6,,
31.07.04,12:00:00,2.9,14.6,146,38.5,23.8,,
05.08.04,13:00:00,-200.0,8.2,86,38.3,24.5,,
07.01.05,11:00:00,2.2,11.0,128,10.2,61.5,,
11.02.05,11:00:00,4.7,-200.0,276,-200.0,-200.0,,
24.10.04,14:00:00,1.4,7.4,70,24.8,47.9,,
18.04.04,23:00:00,-200.0,9.1,-200,15.0,65.2,181.4998459,205.14675019999999
18.02.05,3:00:00,0.8,1.9,-200,5.6,52.9,,
20.10.04,23:00:00,3.9,19.5,109,21.9,68.3,,
26.08.04,10:00:00,1.7,-200.0,83,-200.0,-200.0,,
30.09.04,16:00:00,3.9,23.4,146,25.8,44.8,,
23.09.04,19:00:00,4.7,25.6,173,27.2,45.9,,
27.04.04,15:00:00,2.7,14.8,110,25.7,23.8,177.9515832,212.15956969999996
07.05.04,17:00:00,3.6,17.9,124,12.9,69.1,56.41286637,134.9075898
23.07.04,0:00:00,2.7,16.3,107,28.6,38.7,,
13.07.04,14:00:00,2.0,10.8,105,33.8,13.9,,
10.04.04,5:00:00,1.0,4.0,55,10.2,73.4,140.83093590000001,143.7073808
16.02.05,4:00:00,1.1,4.5,142,3.3,52.2,,
29.07.04,6:00:00,-200.0,7.1,72,21.2,41.2,,
01.04.04,22:00:00,2.0,9.9,113,15.8,48.0,88.27672398,101.2115858
29.09.04,18:00:00,5.6,31.0,204,25.3,33.0,,
10.07.04,20:00:00,1.3,8.0,77,26.1,33.7,,
24.11.04,15:00:00,2.7,14.7,146,14.6,63.7,,
10.03.05,15:00:00,2.2,9.2,148,19.5,15.3,,
06.12.04,5:00:00,0.7,2.3,58,11.8,81.4,,
03.01.05,11:00:00,1.7,-200.0,117,-200.0,-200.0,,
19.07.04,3:00:00,-200.0,2.3,-200,23.7,38.6,,
20.07.04,0:00:00,-200.0,8.8,94,27.6,36.6,,
12.01.05,3:00:00,1.1,4.3,-200,11.5,68.2,,
17.12.04,17:00:00,3.8,-200.0,152,-200.0,-200.0,,
01.10.04,22:00:00,-200.0,11.2,-200,21.3,63.0,,
23.12.04,22:00:00,5.0,20.6,196,6.2,56.8,,
25.06.04,9:00:00,2.8,14.6,151,25.7,41.0,,
18.03.05,0:00:00,1.4,5.9,150,12.4,52.2,,
31.07.04,0:00:00,-200.0,-200.0,158,-200.0,-200.0,,
12.07.04,7:00:00,3.3,21.1,108,19.6,54.3,,
26.09.04,3:00:00,1.4,7.7,-200,13.5,59.4,,
28.11.04,3:00:00,1.3,4.2,70,10.3,77.6,,
06.04.04,20:00:00,3.2,14.8,126,15.6,50.7,131.4246312,145.1313464
05.06.04,11:00:00,1.1,5.3,57,25.9,36.9,,
31.03.05,6:00:00,0.9,6.1,80,12.6,71.5,,
03.06.04,10:00:00,-200.0,15.1,93,27.3,34.3,,
31.05.04,4:00:00,-200.0,1.3,32,18.7,45.4,,
30.03.05,4:00:00,0.4,1.4,56,11.5,71.5,,
05.08.04,21:00:00,-200.0,5.4,92,20.7,81.8,,
01.06.04,4:00:00,-200.0,1.3,24,16.5,82.3,,
05.01.05,22:00:00,2.3,9.2,144,13.2,64.5,,
26.06.04,17:00:00,1.3,6.1,73,34.0,26.4,,
09.06.04,1:00:00,1.0,7.5,54,22.5,49.0,,
01.04.05,12:00:00,1.1,4.0,115,19.2,29.5,,
15.06.04,16:00:00,2.7,16.6,137,35.3,18.8,,
30.04.04,10:00:00,2.7,12.6,116,16.3,73.2,34.91439065,138.7962238
27.04.04,17:00:00,2.9,15.5,113,27.0,22.3,173.97715269999998,218.0608827
16.06.04,18:00:00,2.3,12.6,106,31.3,25.4,,
09.03.05,1:00:00,1.3,4.6,133,4.9,52.2,,
07.03.05,1:00:00,1.2,3.2,116,5.4,48.8,,
03.03.05,23:00:00,2.1,7.3,156,4.4,82.0,,
01.01.05,12:00:00,2.3,7.4,125,8.6,43.6,,
11.08.04,0:00:00,1.5,8.8,60,28.2,55.0,,
20.01.05,22:00:00,2.1,7.0,132,8.1,49.9,,
24.12.04,16:00:00,6.7,22.2,193,10.6,55.3,,
27.01.05,9:00:00,2.4,8.4,204,4.8,41.9,,
27.10.04,23:00:00,1.3,7.0,60,16.0,75.9,,
30.05.04,14:00:00,0.1,2.8,46,29.8,18.4,,
22.02.05,0:00:00,0.8,2.1,89,6.3,70.1,,
16.01.05,23:00:00,1.5,5.2,145,6.6,42.6,,
21.08.04,19:00:00,-200.0,8.9,-200,25.4,36.2,,
29.06.04,13:00:00,2.5,15.7,133,37.8,24.4,,
26.03.04,11:00:00,2.7,13.4,121,16.8,35.3,76.47008547,118.2177972
13.02.05,18:00:00,2.6,11.6,132,15.5,40.7,,
14.11.04,2:00:00,0.6,1.0,44,10.4,53.7,,
03.05.04,16:00:00,2.4,16.8,102,30.2,20.5,53.37044564,174.7730478
12.08.04,13:00:00,1.1,5.1,58,37.1,30.5,,
17.09.04,16:00:00,2.4,12.5,115,23.9,40.8,,
08.04.04,4:00:00,-200.0,1.8,57,8.3,75.6,148.78812549999998,159.88236469999998
09.01.05,8:00:00,0.6,2.0,61,13.1,63.4,,
08.11.04,18:00:00,5.9,31.0,183,11.3,50.9,,
04.09.04,19:00:00,1.8,9.1,-200,32.8,28.2,,
12.11.04,3:00:00,0.4,1.2,-200,13.1,67.6,,
16.08.04,9:00:00,2.1,12.0,93,27.1,32.4,,
06.02.05,12:00:00,1.7,4.6,173,10.7,25.2,,
27.04.04,8:00:00,4.6,23.8,129,18.1,40.3,189.43302880000002,207.96723930000002
05.08.04,18:00:00,-200.0,9.4,99,21.6,78.5,,
13.07.04,3:00:00,0.4,1.5,-200,18.8,51.1,,
25.03.04,12:00:00,1.3,5.9,88,13.6,53.0,85.38662931,100.4581046
24.03.05,1:00:00,1.7,8.1,133,15.1,50.2,,
16.03.04,10:00:00,5.3,25.1,150,17.8,42.9,46.3885446,54.40496426
11.02.05,8:00:00,3.8,-200.0,267,-200.0,-200.0,,
16.03.04,7:00:00,1.3,5.1,70,11.0,66.5,24.66271701,55.7443855
30.05.04,20:00:00,1.3,10.1,113,25.0,26.9,,
03.01.05,14:00:00,1.6,-200.0,102,-200.0,-200.0,,
03.01.05,0:00:00,3.0,-200.0,149,-200.0,-200.0,,
08.01.05,17:00:00,4.6,17.9,192,13.0,61.9,,
28.02.05,21:00:00,1.6,3.6,123,1.0,36.6,,
11.08.04,14:00:00,1.0,5.1,46,36.6,30.8,,
20.02.05,12:00:00,1.1,2.5,97,9.1,56.2,,
03.01.05,20:00:00,4.2,-200.0,182,-200.0,-200.0,,
15.12.04,8:00:00,3.5,-200.0,116,-200.0,-200.0,,
03.02.05,16:00:00,2.0,10.2,157,15.7,34.5,,
27.11.04,7:00:00,2.1,9.2,110,12.8,80.8,,
18.07.04,13:00:00,0.3,4.1,57,39.4,13.7,,
25.05.04,12:00:00,2.1,13.5,114,29.2,9.8,,
19.04.04,3:00:00,-200.0,1.7,-200,13.1,78.3,174.16708730000002,209.44405
24.06.04,3:00:00,0.8,3.6,-200,22.9,57.7,,
16.10.04,18:00:00,-200.0,14.0,-200,19.2,46.3,,
07.03.05,11:00:00,1.4,4.4,162,9.6,27.7,,
14.08.04,20:00:00,1.4,7.3,85,29.8,41.8,,
08.01.05,3:00:00,1.4,3.8,-200,7.2,72.3,,
04.02.05,14:00:00,1.9,8.6,149,12.9,31.8,,
26.10.04,7:00:00,3.0,18.7,82,16.2,75.9,,
20.11.04,16:00:00,1.8,11.1,149,15.3,14.3,,
18.03.05,10:00:00,4.3,17.6,192,15.4,42.5,,
19.09.04,22:00:00,1.7,8.5,99,23.6,50.0,,
25.08.04,21:00:00,1.3,6.3,77,27.0,30.0,,
14.03.04,7:00:00,0.9,2.4,67,10.4,67.6,36.8982015,58.28979107
11.05.04,7:00:00,4.6,27.5,95,12.7,65.6,123.56568770000001,66.71363677
19.11.04,13:00:00,3.6,15.2,188,17.3,55.4,,
17.11.04,17:00:00,7.8,35.9,272,16.0,41.5,,
29.12.04,10:00:00,-200.0,3.0,-200,9.9,61.3,,
29.01.05,16:00:00,1.2,2.6,87,4.4,43.7,,
30.09.04,7:00:00,-200.0,24.8,-200,18.0,57.0,,
02.08.04,20:00:00,1.7,11.8,116,30.5,38.2,,
10.02.05,22:00:00,2.7,-200.0,194,-200.0,-200.0,,
03.09.04,9:00:00,-200.0,20.0,-200,26.7,45.7,,
24.01.05,20:00:00,1.2,7.3,152,6.9,42.5,,
10.05.04,4:00:00,-200.0,1.8,-200,14.2,62.9,111.0296864,65.47741773
01.08.04,11:00:00,0.7,4.5,39,35.4,31.3,,
03.03.05,0:00:00,1.4,5.3,140,4.1,41.7,,
06.09.04,12:00:00,1.3,5.3,-200,29.2,28.6,,
27.11.04,8:00:00,2.5,11.1,110,13.7,76.3,,
12.02.05,4:00:00,-200.0,5.5,146,5.1,65.9,,
31.03.04,21:00:00,1.5,5.5,91,12.6,57.0,70.79076868,112.5667756
27.08.04,3:00:00,0.7,-200.0,-200,-200.0,-200.0,,
31.03.05,7:00:00,4.0,23.6,133,12.7,69.6,,
19.07.04,23:00:00,-200.0,10.3,96,29.2,33.1,,
20.12.04,19:00:00,4.1,10.8,151,8.0,41.0,,
30.04.04,20:00:00,4.4,19.5,133,19.1,61.1,50.57142467,137.8792709
29.10.04,5:00:00,1.1,6.1,69,18.5,76.4,,
30.06.04,21:00:00,2.5,14.5,124,30.2,37.6,,
08.07.04,18:00:00,3.5,19.4,178,36.4,27.3,,
20.09.04,7:00:00,3.5,21.7,91,18.7,65.6,,
22.11.04,6:00:00,0.1,4.2,108,3.7,57.9,,
28.08.04,1:00:00,0.7,-200.0,58,-200.0,-200.0,,
28.11.04,13:00:00,2.7,9.4,124,12.1,64.8,,
13.04.04,9:00:00,2.7,11.8,120,12.8,52.0,127.19033300000001,160.7550764
12.01.05,9:00:00,4.1,20.1,138,8.9,76.5,,
17.10.04,13:00:00,-200.0,11.1,-200,21.6,40.4,,
02.02.05,20:00:00,5.9,31.4,195,8.2,36.2,,
24.06.04,19:00:00,3.0,15.9,128,30.3,30.8,,
12.09.04,23:00:00,-200.0,12.2,-200,23.0,64.8,,
17.03.05,14:00:00,2.2,11.9,161,27.1,21.7,,
29.06.04,3:00:00,0.3,2.6,-200,26.0,44.2,,
04.03.05,0:00:00,2.3,7.5,158,4.3,80.9,,
20.03.04,10:00:00,2.6,12.5,107,15.0,52.3,23.99654504,60.16892374
24.07.04,5:00:00,0.8,5.5,61,24.6,52.2,,
05.03.05,15:00:00,1.5,5.9,132,13.5,28.3,,
23.06.04,12:00:00,2.2,13.1,106,34.9,20.5,,
05.02.05,16:00:00,1.0,3.4,126,9.6,31.1,,
25.03.05,7:00:00,1.0,5.4,100,14.1,75.5,,
04.12.04,4:00:00,-200.0,6.4,71,11.6,79.7,,
13.01.05,8:00:00,3.1,16.3,127,8.2,74.9,,
22.08.04,3:00:00,-200.0,5.1,-200,20.5,60.6,,
04.04.04,15:00:00,-200.0,10.0,-200,26.1,30.8,148.3967934,150.431595
06.08.04,23:00:00,1.8,10.4,74,24.1,63.5,,
05.11.04,10:00:00,4.5,25.5,126,19.6,58.3,,
15.01.05,15:00:00,3.2,12.3,182,12.3,46.3,,
21.02.05,19:00:00,4.9,20.2,252,5.4,80.9,,
20.03.04,19:00:00,3.5,16.6,136,17.4,51.6,25.07783522,60.65116614
28.12.04,4:00:00,-200.0,2.5,-200,9.8,69.4,,
29.01.05,9:00:00,1.1,2.8,110,1.7,54.1,,
16.05.04,15:00:00,1.2,7.1,64,31.5,21.9,127.2896406,63.80543818
13.01.05,5:00:00,0.9,3.2,77,7.0,77.3,,
29.11.04,4:00:00,1.5,4.2,66,8.9,83.0,,
20.02.05,19:00:00,1.1,2.9,119,7.1,62.6,,
26.03.05,10:00:00,2.3,10.6,115,18.4,60.2,,
04.02.05,22:00:00,1.6,5.8,174,6.3,45.8,,
05.07.04,1:00:00,0.6,3.7,55,25.5,35.7,,
22.03.04,9:00:00,3.7,18.4,115,17.4,42.1,35.40504874,56.02365084
28.05.04,18:00:00,2.2,13.9,114,21.5,48.1,,
31.12.04,15:00:00,-200.0,4.1,-200,12.7,28.4,,
02.07.04,22:00:00,2.1,12.7,122,26.1,31.1,,
18.01.05,23:00:00,0.2,4.9,104,9.8,81.9,,
30.05.04,11:00:00,0.3,3.8,64,27.5,22.8,,
13.04.04,5:00:00,0.7,3.1,68,10.1,68.4,138.17769019999997,143.40885590000002
06.01.05,18:00:00,2.1,8.9,153,14.5,57.5,,
17.12.04,0:00:00,4.2,-200.0,162,-200.0,-200.0,,
20.08.04,1:00:00,-200.0,5.0,-200,27.7,53.7,,
07.07.04,22:00:00,2.4,17.1,132,31.1,29.3,,
24.01.05,9:00:00,2.0,9.7,203,6.9,52.8,,
27.09.04,12:00:00,1.6,8.3,95,21.9,30.7,,
21.03.04,7:00:00,0.8,3.6,62,14.2,66.2,30.961597899999997,53.24660072
12.01.05,15:00:00,3.4,18.2,173,15.7,48.8,,
21.01.05,6:00:00,1.6,9.2,121,5.9,65.8,,
08.03.05,12:00:00,1.9,7.4,191,13.7,17.4,,
04.06.04,5:00:00,-200.0,1.2,-200,19.2,51.1,,
08.02.05,6:00:00,0.6,1.6,92,6.1,43.6,,
03.01.05,10:00:00,1.9,-200.0,130,-200.0,-200.0,,
06.07.04,20:00:00,4.0,23.8,159,32.6,20.6,,
08.09.04,0:00:00,-200.0,-200.0,-200,-200.0,-200.0,,
02.06.04,7:00:00,-200.0,3.9,33,19.7,65.3,,
02.05.04,6:00:00,0.7,3.6,45,13.1,70.2,49.14398253,131.9535724
10.03.05,22:00:00,2.1,7.6,184,9.5,34.6,,
29.07.04,7:00:00,-200.0,16.6,97,21.6,40.9,,
01.12.04,12:00:00,3.5,17.1,182,13.8,63.6,,
04.05.04,19:00:00,4.7,22.1,125,17.2,68.3,51.96681886,153.56012230000002
28.01.05,17:00:00,1.9,-200.0,164,-200.0,-200.0,,
15.08.04,13:00:00,0.6,3.2,17,37.3,20.5,,
27.02.05,7:00:00,1.1,3.2,112,1.4,76.3,,
07.04.04,11:00:00,1.5,6.6,97,16.6,44.3,125.48090459999999,142.5779558
21.11.04,1:00:00,1.5,9.7,196,4.9,53.0,,
23.10.04,9:00:00,3.3,18.9,91,20.2,65.8,,
13.11.04,1:00:00,1.5,4.9,111,15.6,60.1,,
24.09.04,1:00:00,0.9,5.3,59,21.5,57.9,,
02.11.04,22:00:00,3.7,19.1,77,19.3,70.8,,
11.01.05,2:00:00,1.1,3.9,91,12.4,69.5,,
12.05.04,11:00:00,3.4,17.9,125,20.9,44.6,129.5534721,69.2540271
13.03.04,2:00:00,1.6,5.4,82,8.8,63.9,24.61828378,54.19689047
22.09.04,13:00:00,2.6,14.0,120,27.9,37.0,,
02.12.04,16:00:00,4.0,19.8,137,18.1,62.1,,
20.05.04,19:00:00,4.4,22.1,172,25.7,27.9,121.5068115,70.41302185
18.09.04,11:00:00,1.2,5.2,82,26.6,30.7,,
27.03.04,1:00:00,1.0,3.2,79,8.6,57.8,77.04812246,103.5764432
08.05.04,15:00:00,-200.0,6.5,-200,20.0,40.4,120.8885972,67.30208652
27.09.04,4:00:00,0.6,3.4,64,14.0,62.6,,
01.02.05,21:00:00,3.3,9.8,172,7.8,41.3,,
23.03.05,1:00:00,2.4,3.5,110,15.6,61.6,,
25.03.04,17:00:00,2.0,9.4,88,17.1,37.4,83.40096365,112.26734590000001
30.09.04,1:00:00,-200.0,5.3,-200,18.3,53.1,,
18.10.04,1:00:00,-200.0,4.4,-200,14.8,64.3,,
03.08.04,1:00:00,-200.0,6.6,50,26.2,52.3,,
31.12.04,4:00:00,-200.0,0.4,-200,7.4,45.7,,
27.06.04,13:00:00,0.8,3.5,56,39.0,15.1,,
29.03.04,8:00:00,4.1,19.7,134,10.9,44.1,72.38451740000001,118.4514138
29.03.05,6:00:00,1.0,4.7,86,12.9,71.8,,
20.02.05,5:00:00,0.8,1.9,72,8.4,48.6,,
31.12.04,13:00:00,-200.0,6.2,-200,12.2,29.7,,
08.11.04,21:00:00,-200.0,13.7,-200,8.6,60.5,,
29.01.05,8:00:00,0.8,2.0,92,1.4,53.1,,
15.02.05,22:00:00,2.0,8.2,174,7.4,31.8,,
10.09.04,12:00:00,2.4,15.4,151,34.3,17.7,,
05.11.04,11:00:00,4.6,24.2,151,20.7,55.5,,
28.01.05,12:00:00,1.8,5.7,191,4.5,49.6,,
20.10.04,5:00:00,-200.0,10.2,-200,18.4,74.6,,
23.10.04,3:00:00,0.8,4.6,-200,19.3,68.1,,
04.09.04,14:00:00,1.4,7.9,-200,37.3,20.3,,
08.11.04,1:00:00,0.8,2.5,62,10.6,61.3,,
30.03.05,8:00:00,2.9,14.7,117,12.1,67.3,,
13.03.05,1:00:00,0.1,3.1,113,12.3,56.0,,
13.12.04,12:00:00,3.5,17.9,178,12.7,44.4,,
20.06.04,11:00:00,1.0,-200.0,59,-200.0,-200.0,,
29.05.04,9:00:00,0.5,4.0,68,19.2,39.7,,
12.04.04,1:00:00,0.6,1.1,59,14.1,34.0,144.6714709,141.87759230000003
02.07.04,9:00:00,2.9,17.0,147,29.3,40.0,,
18.08.04,7:00:00,-200.0,10.9,-200,24.4,42.6,,
04.09.04,12:00:00,2.3,13.2,-200,38.3,21.5,,
11.10.04,9:00:00,4.6,25.6,85,19.7,68.9,,
31.03.05,1:00:00,1.1,4.1,93,14.2,68.6,,
23.02.05,13:00:00,1.9,8.3,210,5.1,74.5,,
15.07.04,14:00:00,1.7,10.6,131,36.2,18.1,,
09.11.04,21:00:00,3.0,9.6,-200,8.0,81.0,,
15.01.05,8:00:00,1.9,9.7,127,3.5,80.3,,
04.01.05,15:00:00,3.0,-200.0,172,-200.0,-200.0,,
29.08.04,20:00:00,-200.0,11.8,-200,28.3,39.2,,
15.12.04,5:00:00,0.8,-200.0,61,-200.0,-200.0,,
06.05.04,22:00:00,0.9,3.9,65,15.4,58.8,39.51391533,144.88227030000002
17.09.04,10:00:00,1.6,7.6,95,22.0,47.0,,
24.12.04,22:00:00,5.4,-200.0,143,-200.0,-200.0,,
26.02.05,7:00:00,1.0,1.9,108,5.7,54.3,,
07.02.05,1:00:00,1.0,2.0,92,4.5,38.1,,
05.06.04,15:00:00,1.3,7.3,75,27.6,35.1,,
28.11.04,15:00:00,1.9,6.9,99,13.4,61.9,,
11.07.04,1:00:00,1.0,6.4,74,21.6,47.5,,
30.06.04,23:00:00,2.6,14.2,112,27.8,45.2,,
11.10.04,2:00:00,0.5,1.4,32,19.4,70.4,,
05.03.05,1:00:00,2.1,6.8,164,5.4,65.8,,
29.01.05,11:00:00,1.1,3.0,96,2.9,48.7,,
04.01.05,12:00:00,3.4,-200.0,191,-200.0,-200.0,,
21.11.04,11:00:00,0.8,6.8,148,10.3,34.2,,
23.11.04,5:00:00,1.3,6.4,92,8.2,81.4,,
30.07.04,3:00:00,-200.0,7.1,-200,23.1,52.1,,
14.06.04,4:00:00,-200.0,0.5,18,19.1,50.7,,
12.02.05,18:00:00,4.6,23.0,248,11.0,53.6,,
08.01.05,15:00:00,3.1,12.8,180,12.9,59.0,,
01.04.04,1:00:00,1.2,5.1,70,11.5,63.9,89.09844151,108.1276336
23.12.04,12:00:00,3.8,15.9,193,8.0,38.3,,
10.09.04,13:00:00,2.6,15.6,165,33.3,18.9,,
11.05.04,2:00:00,0.2,1.6,43,14.3,61.9,115.8592456,60.81348156
13.12.04,14:00:00,4.8,23.3,203,15.0,41.4,,
04.07.04,11:00:00,1.0,5.4,58,33.9,26.2,,
26.09.04,23:00:00,2.3,10.0,114,17.1,47.6,,
09.02.05,13:00:00,2.0,-200.0,151,-200.0,-200.0,,
03.03.05,6:00:00,1.2,5.1,121,2.8,74.1,,
03.12.04,23:00:00,3.4,14.0,101,13.1,78.7,,
29.01.05,6:00:00,0.4,0.6,37,1.4,52.3,,
12.02.05,5:00:00,1.4,6.6,136,4.1,69.0,,
11.07.04,20:00:00,1.6,9.7,116,25.3,30.9,,
12.03.05,22:00:00,0.9,5.8,157,11.6,54.7,,
10.04.04,20:00:00,2.4,10.5,133,14.8,41.5,154.1529183,157.219907
27.03.04,4:00:00,-200.0,3.8,63,7.4,64.8,78.99372986,110.11926820000001
19.05.04,12:00:00,2.0,13.4,113,30.1,22.1,119.65728059999999,60.28867817
07.06.04,1:00:00,0.8,3.9,64,18.7,49.0,,
20.06.04,16:00:00,1.1,-200.0,71,-200.0,-200.0,,
08.11.04,9:00:00,1.8,5.9,133,10.9,50.0,,
20.12.04,23:00:00,1.1,3.6,104,7.4,34.6,,
30.05.04,18:00:00,0.9,7.7,90,29.2,19.6,,
29.03.05,19:00:00,2.6,13.4,151,17.1,61.5,,
04.09.04,3:00:00,0.8,4.5,-200,25.2,46.4,,
19.06.04,18:00:00,1.1,-200.0,56,-200.0,-200.0,,
11.09.04,2:00:00,-200.0,4.2,-200,23.2,41.2,,
07.09.04,15:00:00,1.4,7.1,-200,31.6,20.8,,
20.04.04,3:00:00,-200.0,0.8,-200,9.7,78.9,181.1053541,202.13520780000002
02.05.04,12:00:00,1.3,6.2,68,24.3,34.0,33.08445581,126.6223551
22.03.05,23:00:00,2.8,6.3,102,16.3,59.4,,
28.09.04,21:00:00,2.1,11.6,129,19.8,48.6,,
28.10.04,0:00:00,0.9,4.5,58,16.9,72.0,,
30.09.04,15:00:00,2.8,17.4,121,26.1,42.6,,
09.11.04,23:00:00,0.9,3.5,-200,6.5,85.6,,
24.03.04,19:00:00,4.5,20.2,134,10.7,67.3,77.32953358,120.1317868
10.05.04,0:00:00,-200.0,6.5,-200,13.9,61.1,114.5354638,65.82987136
19.01.05,12:00:00,-200.0,2.7,117,6.3,73.0,,
11.06.04,23:00:00,1.3,7.3,97,24.9,27.2,,
13.05.04,19:00:00,3.9,21.7,133,19.8,47.9,115.6556112,66.29866662
28.03.04,7:00:00,1.4,3.6,69,7.4,68.0,70.34383116,114.68808870000001
18.02.05,16:00:00,1.8,8.4,164,11.6,30.9,,
09.08.04,1:00:00,1.1,6.3,51,25.5,61.6,,
24.06.04,22:00:00,3.2,16.8,119,25.4,43.2,,
02.03.05,1:00:00,0.8,1.5,93,0.0,29.7,,
14.04.04,8:00:00,5.0,27.7,99,13.3,55.6,148.3307969,164.9711628
01.04.05,22:00:00,0.8,2.1,99,13.2,31.8,,
29.11.04,0:00:00,3.0,10.3,113,10.2,78.4,,
29.06.04,22:00:00,2.3,12.6,112,29.3,45.8,,
05.11.04,21:00:00,2.7,14.3,93,19.1,64.4,,
01.04.04,15:00:00,1.9,-200.0,81,-200.0,-200.0,86.52627711,105.98243000000001
09.10.04,11:00:00,2.3,13.0,80,28.5,42.4,,
09.01.05,4:00:00,-200.0,2.3,55,13.7,61.1,,
05.05.04,18:00:00,3.0,14.6,103,17.1,61.5,53.89041823,127.9404303
09.07.04,8:00:00,2.7,15.1,-200,27.0,35.3,,
26.04.04,8:00:00,2.1,8.9,89,15.0,41.7,172.88627240000002,218.3658847
18.07.04,12:00:00,0.4,4.2,62,37.9,15.0,,
08.12.04,18:00:00,2.6,10.3,119,16.2,54.5,,
06.08.04,0:00:00,-200.0,7.2,80,22.1,72.6,,
20.04.04,22:00:00,-200.0,7.7,-200,16.0,52.0,186.5055032,215.3474319
23.03.04,6:00:00,0.5,1.8,47,9.6,75.4,21.12686857,54.96358554
19.12.04,19:00:00,4.5,14.6,170,5.2,83.1,,
12.07.04,1:00:00,0.8,5.7,68,20.7,46.4,,
10.09.04,7:00:00,2.4,15.5,108,21.4,45.8,,
27.01.05,17:00:00,1.5,5.1,142,6.5,32.4,,
20.09.04,10:00:00,3.5,18.1,173,26.4,41.9,,
20.09.04,8:00:00,-200.0,32.2,-200,20.1,60.6,,
05.07.04,2:00:00,0.4,3.0,49,22.5,43.2,,
14.01.05,6:00:00,1.3,5.0,109,5.3,80.4,,
29.11.04,10:00:00,6.3,28.3,172,13.8,68.5,,
25.07.04,13:00:00,0.8,2.9,50,29.1,40.8,,
30.08.04,20:00:00,-200.0,10.3,-200,26.9,43.2,,
16.07.04,23:00:00,2.2,13.6,119,25.7,33.5,,
23.12.04,18:00:00,8.5,33.1,247,8.0,45.9,,
03.02.05,3:00:00,0.9,2.8,-200,3.3,56.1,,
30.06.04,1:00:00,0.9,6.1,47,26.8,52.4,,
13.06.04,3:00:00,0.6,4.1,-200,24.3,48.2,,
01.01.05,11:00:00,1.7,5.4,113,6.8,48.6,,
22.09.04,10:00:00,3.7,20.0,172,26.8,42.7,,
16.11.04,13:00:00,2.5,11.1,147,17.3,20.4,,
28.06.04,3:00:00,0.5,3.2,-200,22.8,50.1,,
22.11.04,19:00:00,6.9,37.6,245,9.1,53.8,,
09.05.04,0:00:00,-200.0,7.1,-200,13.7,60.3,113.3514313,69.26870608
30.11.04,14:00:00,2.2,9.7,108,14.9,58.4,,
02.09.04,9:00:00,3.3,18.7,96,26.2,45.0,,
22.11.04,20:00:00,6.5,33.9,239,8.9,54.2,,
04.03.05,6:00:00,1.1,3.6,117,3.7,76.4,,
16.04.04,9:00:00,2.6,9.9,105,15.3,51.4,151.19765149999998,141.9901167
15.01.05,18:00:00,3.7,17.4,182,8.7,66.3,,
28.07.04,9:00:00,-200.0,22.8,147,26.0,29.7,,
02.02.05,8:00:00,4.0,15.1,174,2.7,63.4,,
21.07.04,2:00:00,-200.0,5.8,63,25.8,43.1,,
19.11.04,18:00:00,7.2,25.0,187,17.3,58.2,,
22.08.04,16:00:00,-200.0,3.6,-200,38.3,10.0,,
26.04.04,6:00:00,0.8,3.4,72,14.0,43.8,183.657221,200.4548312
27.04.04,21:00:00,2.5,12.5,122,19.9,37.8,183.2670895,216.7272693
20.11.04,10:00:00,2.9,17.1,243,11.9,27.9,,
13.12.04,20:00:00,4.3,21.5,183,11.5,60.9,,
31.05.04,13:00:00,1.5,14.2,119,30.9,24.4,,
28.08.04,16:00:00,-200.0,6.7,-200,35.9,20.3,,
23.08.04,7:00:00,-200.0,7.6,-200,21.8,48.6,,
25.10.04,4:00:00,-200.0,4.3,37,15.5,78.6,,
23.03.05,0:00:00,2.7,6.2,119,16.0,60.2,,
24.03.04,18:00:00,2.7,12.0,111,10.7,68.5,78.62049332,118.90621999999999
06.06.04,12:00:00,0.8,3.4,49,26.6,29.0,,
11.03.05,3:00:00,0.8,2.4,90,5.7,50.1,,
19.07.04,20:00:00,-200.0,14.6,131,31.7,28.1,,
24.03.04,9:00:00,4.4,23.7,110,11.2,56.9,88.70992562,103.582025
17.09.04,5:00:00,0.3,1.3,24,19.6,59.1,,
29.07.04,13:00:00,-200.0,9.5,106,36.4,16.8,,
28.12.04,11:00:00,-200.0,9.2,-200,12.7,56.7,,
06.04.04,1:00:00,0.8,2.7,51,15.9,57.0,145.543811,167.4695366
11.05.04,1:00:00,0.4,2.8,53,15.0,59.8,119.0103238,60.91063855
19.03.04,23:00:00,2.1,8.3,109,14.2,58.3,36.02693351,51.94807463
07.01.05,18:00:00,5.0,21.5,180,8.8,74.6,,
26.08.04,11:00:00,1.4,-200.0,71,-200.0,-200.0,,
05.12.04,1:00:00,2.0,6.5,106,12.4,77.5,,
22.03.04,3:00:00,0.4,0.7,-200,16.9,53.9,34.88349493,55.26993504
05.09.04,21:00:00,1.6,7.0,-200,27.1,26.9,,
03.04.04,9:00:00,3.1,14.3,106,17.0,50.5,75.74430949,106.6394358
15.01.05,16:00:00,2.9,11.4,168,12.2,47.0,,
04.04.05,9:00:00,3.9,13.6,187,18.2,36.3,,
28.03.04,14:00:00,1.0,3.8,53,18.6,25.0,89.67409669,110.8829883
30.07.04,5:00:00,-200.0,4.1,52,23.0,52.2,,
31.03.04,15:00:00,3.1,13.5,119,14.9,59.3,74.58049073,113.6832183
05.12.04,13:00:00,2.4,6.7,89,12.0,80.0,,
24.04.04,1:00:00,2.6,13.4,100,16.1,57.4,184.5416405,201.1602468
23.10.04,14:00:00,2.3,12.5,101,26.1,47.1,,
21.07.04,20:00:00,3.4,18.6,144,33.3,29.9,,
10.09.04,9:00:00,3.0,17.8,150,26.6,30.3,,
11.04.04,17:00:00,1.2,3.3,61,19.6,27.4,159.1875426,148.6748034
04.12.04,21:00:00,3.1,9.4,124,13.8,76.8,,
07.04.04,8:00:00,3.1,15.7,102,15.0,52.0,151.9476966,142.290041
18.03.05,7:00:00,1.2,5.4,113,7.5,66.7,,
31.07.04,2:00:00,-200.0,5.5,56,25.1,51.1,,
04.02.05,1:00:00,1.2,5.1,147,5.1,65.4,,
28.10.04,1:00:00,1.0,5.2,51,15.7,76.3,,
22.06.04,22:00:00,1.7,10.5,96,24.0,39.6,,
31.03.05,23:00:00,0.8,2.1,69,15.1,47.6,,
30.01.05,9:00:00,0.7,1.2,85,3.3,42.3,,
17.12.04,22:00:00,2.4,8.2,125,12.6,76.5,,
12.03.05,7:00:00,-200.0,1.8,84,9.4,73.1,,
30.12.04,1:00:00,-200.0,2.8,-200,9.8,45.2,,
19.06.04,5:00:00,0.5,3.0,56,21.7,52.6,,
14.07.04,19:00:00,4.6,25.0,190,32.3,18.4,,
21.03.05,3:00:00,0.8,2.7,81,13.1,68.6,,
30.07.04,4:00:00,-200.0,3.5,51,23.7,51.2,,
16.08.04,5:00:00,0.4,2.4,43,21.5,45.6,,
20.06.04,12:00:00,1.0,-200.0,59,-200.0,-200.0,,
29.04.04,10:00:00,2.1,10.9,118,23.8,30.2,171.55175669999997,217.55684219999998
25.09.04,4:00:00,0.3,1.0,27,15.3,53.1,,
23.11.04,23:00:00,4.0,19.8,138,10.0,82.6,,
13.12.04,10:00:00,3.2,17.3,165,9.6,53.7,,
23.04.04,7:00:00,4.0,22.6,95,14.0,58.0,189.4254025,207.0866549
01.11.04,5:00:00,2.7,15.0,49,18.4,78.1,,
06.03.05,10:00:00,0.7,1.4,87,9.4,39.9,,
13.12.04,2:00:00,1.8,5.9,90,6.7,64.6,,
15.11.04,14:00:00,1.7,6.2,111,13.7,32.2,,
07.01.05,3:00:00,1.0,2.5,-200,7.9,75.1,,
27.07.04,14:00:00,-200.0,6.4,87,31.7,25.6,,
04.11.04,1:00:00,1.1,6.3,57,19.3,65.5,,
11.01.05,9:00:00,5.1,26.5,147,12.5,65.1,,
15.03.05,9:00:00,3.3,18.9,158,13.0,53.9,,
30.01.05,3:00:00,1.1,2.2,-200,3.1,45.2,,
05.11.04,6:00:00,0.5,3.4,43,16.1,69.3,,
14.03.05,14:00:00,1.7,8.1,126,20.1,32.9,,
22.12.04,3:00:00,0.9,2.9,-200,5.1,43.5,,
14.03.05,1:00:00,0.4,5.2,122,11.7,62.1,,
22.09.04,16:00:00,2.9,16.1,151,32.9,27.7,,
18.09.04,15:00:00,1.1,5.3,73,28.1,28.6,,
05.10.04,13:00:00,-200.0,23.4,-200,27.9,38.0,,
15.03.04,19:00:00,8.0,39.2,187,20.4,42.5,22.94413534,52.54839815
23.02.05,20:00:00,3.1,12.6,244,4.6,78.2,,
23.04.04,17:00:00,5.2,30.6,177,27.0,26.8,177.2940151,207.59288999999998
26.10.04,3:00:00,1.0,5.5,-200,15.3,79.0,,
07.09.04,3:00:00,0.6,3.6,-200,21.9,48.3,,
20.12.04,6:00:00,0.6,0.7,39,8.6,58.8,,
06.08.04,20:00:00,2.6,13.2,116,26.4,54.6,,
05.06.04,4:00:00,0.7,4.5,63,19.6,54.8,,
09.11.04,6:00:00,-200.0,3.2,-200,3.2,76.8,,
06.10.04,21:00:00,-200.0,16.8,-200,22.4,57.9,,
16.03.04,4:00:00,-200.0,2.6,59,12.3,66.2,37.68150778,55.43460984
16.07.04,22:00:00,2.3,12.3,124,26.9,30.5,,
09.07.04,17:00:00,2.3,14.0,180,32.2,17.1,,
21.01.05,10:00:00,4.3,19.4,175,8.3,58.5,,
26.08.04,19:00:00,2.1,-200.0,91,-200.0,-200.0,,
29.04.04,9:00:00,3.5,18.0,135,18.6,47.8,173.4487852,203.590876
10.06.04,21:00:00,2.4,12.0,116,27.5,32.6,,
02.12.04,13:00:00,3.4,16.8,128,16.4,61.9,,
13.07.04,5:00:00,0.7,3.3,42,16.6,56.8,,
23.06.04,15:00:00,2.4,14.1,124,34.8,22.8,,
12.12.04,23:00:00,2.1,7.2,112,8.7,55.2,,
09.02.05,1:00:00,0.9,-200.0,100,-200.0,-200.0,,
17.03.04,9:00:00,6.6,36.4,127,14.1,50.0,25.12490833,53.42354467
20.03.05,8:00:00,0.7,2.5,84,13.3,62.4,,
31.10.04,14:00:00,1.5,7.5,62,22.9,65.7,,
02.11.04,16:00:00,5.9,31.5,127,25.4,50.7,,
12.04.04,0:00:00,0.7,1.6,58,13.7,38.3,120.895094,158.22522790000002
05.07.04,9:00:00,3.6,19.1,157,26.0,30.1,,
23.09.04,13:00:00,2.9,17.2,130,29.0,39.6,,
25.10.04,16:00:00,5.0,32.0,125,21.6,62.0,,
08.06.04,17:00:00,3.5,21.4,183,36.6,20.6,,
27.12.04,8:00:00,1.9,9.1,133,11.5,68.7,,
29.12.04,2:00:00,-200.0,2.8,-200,8.9,79.0,,
03.11.04,3:00:00,0.9,4.1,-200,17.2,71.7,,
30.03.05,0:00:00,1.2,4.9,101,13.0,71.9,,
25.05.04,0:00:00,0.5,4.3,84,16.7,28.3,,
18.11.04,12:00:00,4.2,19.7,251,15.8,50.1,,
21.04.04,16:00:00,-200.0,12.7,-200,27.3,20.5,187.9825963,201.1634087
21.11.04,6:00:00,0.2,2.7,73,3.5,55.9,,
21.07.04,12:00:00,-200.0,12.4,138,38.9,15.9,,
05.02.05,13:00:00,1.0,4.2,121,9.3,33.8,,
23.09.04,12:00:00,2.8,16.1,127,29.3,39.5,,
27.07.04,23:00:00,-200.0,5.9,78,25.2,27.7,,
06.05.04,20:00:00,2.2,8.9,98,13.7,65.8,35.85968826,130.57007240000002
13.06.04,20:00:00,1.0,3.6,78,20.3,44.1,,
14.06.04,23:00:00,1.2,5.2,72,21.8,45.6,,
18.01.05,17:00:00,4.9,24.5,240,5.3,77.4,,
17.06.04,8:00:00,4.8,27.7,125,21.9,49.9,,
26.04.04,17:00:00,2.2,10.7,101,18.6,35.4,184.51046499999998,206.61369209999998
06.05.04,6:00:00,1.3,6.1,92,13.1,65.6,52.65836374,145.4333004
02.09.04,0:00:00,2.0,11.4,126,24.3,44.7,,
24.01.05,23:00:00,-200.0,1.5,58,6.1,42.6,,
23.12.04,13:00:00,4.1,16.3,210,9.1,36.1,,
07.10.04,12:00:00,-200.0,15.5,-200,27.1,40.9,,
26.10.04,23:00:00,1.6,7.5,78,17.7,78.8,,
05.12.04,0:00:00,2.4,6.3,103,13.0,79.2,,
20.05.04,8:00:00,5.4,32.9,146,18.7,52.8,113.70251670000002,61.47135143
18.02.05,4:00:00,-200.0,0.7,45,6.4,49.8,,
16.07.04,15:00:00,1.6,8.9,120,38.0,15.5,,
31.03.05,16:00:00,1.1,3.8,102,21.5,33.8,,
20.11.04,3:00:00,2.4,2.4,-200,10.4,19.2,,
13.09.04,19:00:00,6.2,35.9,168,29.0,36.6,,
20.03.04,12:00:00,2.6,11.7,108,16.3,50.0,34.32243323,51.57067828
12.11.04,8:00:00,1.4,5.7,113,14.0,66.1,,
04.10.04,2:00:00,-200.0,3.2,-200,18.9,68.6,,
11.10.04,17:00:00,4.8,25.0,109,21.7,59.1,,
03.01.05,5:00:00,1.1,-200.0,92,-200.0,-200.0,,
11.03.04,15:00:00,2.2,8.8,126,8.3,79.8,38.02465363,50.36095263
04.09.04,18:00:00,2.1,10.0,-200,36.6,22.6,,
07.10.04,23:00:00,1.7,10.8,60,20.9,61.3,,
13.03.05,16:00:00,0.3,5.0,102,19.7,37.1,,
16.01.05,3:00:00,1.7,6.0,-200,4.0,69.5,,
02.02.05,23:00:00,1.7,7.8,167,4.9,45.9,,
23.08.04,18:00:00,1.5,7.4,68,34.9,20.9,,
25.03.04,10:00:00,2.3,8.8,99,9.7,69.7,75.07159451,111.08919070000002
06.09.04,1:00:00,1.0,3.2,-200,24.8,40.1,,
26.08.04,22:00:00,1.1,-200.0,71,-200.0,-200.0,,
05.03.05,14:00:00,2.2,8.3,162,13.4,29.0,,
03.06.04,20:00:00,-200.0,14.5,-200,24.1,34.8,,
11.08.04,6:00:00,1.1,7.2,42,26.1,63.7,,
23.01.05,14:00:00,-200.0,7.9,175,8.1,41.2,,
13.11.04,15:00:00,2.1,9.2,118,21.5,43.4,,
08.10.04,10:00:00,5.1,29.5,128,23.2,54.7,,
06.06.04,0:00:00,1.1,5.6,58,21.9,52.7,,
06.01.05,8:00:00,1.1,4.0,107,11.4,66.6,,
09.04.04,11:00:00,2.6,-200.0,121,-200.0,-200.0,131.1467418,145.9114536
02.02.05,5:00:00,2.0,3.6,115,3.7,62.9,,
16.06.04,13:00:00,2.4,13.7,110,32.7,25.8,,
16.02.05,18:00:00,2.2,9.5,153,7.4,44.5,,
24.04.04,22:00:00,1.1,3.0,54,12.9,79.7,189.21536,219.830725
25.09.04,12:00:00,1.4,6.0,14,19.3,34.8,,
15.11.04,7:00:00,0.7,2.0,94,10.5,37.0,,
17.10.04,20:00:00,-200.0,9.7,-200,17.3,50.3,,
01.01.05,22:00:00,2.1,6.4,130,5.7,59.9,,
14.03.04,14:00:00,1.8,7.5,102,21.4,30.2,37.29648258,58.83838239
26.12.04,3:00:00,0.6,1.5,-200,11.7,74.1,,
21.03.04,5:00:00,1.1,4.0,66,14.9,60.6,30.76906145,54.40017672
09.08.04,14:00:00,1.2,6.7,71,33.9,32.3,,
04.02.05,3:00:00,0.9,5.3,-200,2.9,72.2,,
17.03.04,13:00:00,2.8,15.1,153,25.6,25.6,27.20379765,59.18268193
21.08.04,13:00:00,-200.0,3.0,-200,31.0,28.9,,
09.02.05,22:00:00,2.2,-200.0,157,-200.0,-200.0,,
11.12.04,14:00:00,2.3,9.0,117,18.9,18.9,,
16.07.04,6:00:00,0.7,4.7,59,20.7,45.9,,
08.06.04,13:00:00,2.3,14.1,119,35.9,20.8,,
16.11.04,11:00:00,3.5,15.5,219,17.5,26.4,,
12.11.04,9:00:00,2.0,7.9,140,14.2,66.4,,
29.01.05,4:00:00,0.5,0.5,34,1.4,53.8,,
19.06.04,4:00:00,0.6,3.9,54,21.2,55.0,,
27.08.04,8:00:00,2.4,-200.0,69,-200.0,-200.0,,
23.01.05,3:00:00,-200.0,5.9,-200,4.7,46.6,,
14.02.05,20:00:00,3.5,14.7,200,10.4,18.0,,
10.05.04,19:00:00,4.0,24.4,135,19.2,45.7,118.9601213,66.16908897
11.03.05,9:00:00,3.5,22.7,189,7.1,50.0,,
10.02.05,3:00:00,1.5,-200.0,-200,-200.0,-200.0,,
06.02.05,21:00:00,1.4,3.7,149,5.8,35.4,,
24.12.04,7:00:00,3.9,9.5,138,5.3,61.1,,
06.03.05,23:00:00,1.4,4.1,157,6.1,46.3,,
25.03.04,5:00:00,0.5,0.6,20,9.9,66.8,73.83646119,117.03801999999999
11.03.04,23:00:00,1.0,2.6,53,8.2,60.8,32.51153547,58.87588361
28.05.04,16:00:00,1.7,12.2,117,28.0,23.2,,
12.06.04,4:00:00,0.5,4.1,58,20.8,40.2,,
18.05.04,7:00:00,2.7,19.3,94,17.1,46.5,121.3477419,70.97625409
17.02.05,18:00:00,2.4,10.0,177,8.4,45.2,,
17.01.05,10:00:00,3.1,14.7,186,4.6,52.1,,
13.06.04,4:00:00,0.5,3.1,39,24.4,48.3,,
07.06.04,23:00:00,1.7,8.5,101,22.4,46.9,,
29.09.04,12:00:00,3.4,19.6,179,27.2,30.4,,
05.08.04,9:00:00,-200.0,9.0,-200,28.1,45.4,,
02.06.04,16:00:00,-200.0,8.9,47,31.4,31.2,,
12.12.04,5:00:00,1.7,5.8,95,5.6,61.6,,
21.11.04,2:00:00,0.5,4.9,120,5.3,48.7,,
25.05.04,3:00:00,-200.0,1.2,-200,13.3,35.6,,
13.12.04,11:00:00,4.8,22.4,214,12.0,45.9,,
13.11.04,4:00:00,1.3,5.0,88,15.6,61.7,,
15.06.04,13:00:00,2.3,13.1,118,33.9,21.4,,
07.10.04,0:00:00,-200.0,9.9,-200,20.3,64.2,,
08.05.04,7:00:00,-200.0,5.9,-200,10.3,75.6,126.3578713,70.69312669
24.02.05,2:00:00,0.9,2.9,100,4.0,80.8,,
01.02.05,0:00:00,1.3,4.8,146,4.2,49.4,,
05.12.04,5:00:00,0.8,2.0,70,12.7,65.6,,
23.06.04,18:00:00,3.9,21.6,152,31.3,27.3,,
03.04.05,15:00:00,1.1,5.4,100,30.0,11.1,,
01.11.04,22:00:00,3.2,15.3,79,19.6,75.3,,
25.03.04,9:00:00,3.5,17.8,119,8.6,75.1,83.79569799,110.3810973
03.12.04,21:00:00,6.2,20.9,134,14.6,75.2,,
11.04.04,22:00:00,1.1,2.9,74,14.5,39.0,139.49232969999997,147.1926459
01.04.05,23:00:00,1.1,3.4,127,13.6,30.8,,
18.05.04,11:00:00,1.9,11.0,103,27.4,22.8,126.5025033,67.05735956
10.01.05,17:00:00,2.0,17.0,139,14.1,66.0,,
20.03.04,8:00:00,2.1,8.9,113,13.8,58.0,37.52272047,55.37735164
12.08.04,9:00:00,1.9,9.5,71,29.4,53.1,,
27.11.04,4:00:00,2.4,9.1,103,11.9,80.7,,
20.12.04,22:00:00,1.7,3.1,114,7.3,32.4,,
31.05.04,21:00:00,0.8,7.5,69,19.3,68.8,,
16.10.04,8:00:00,-200.0,12.2,-200,15.9,70.4,,
28.11.04,14:00:00,2.3,8.2,120,12.6,63.2,,
16.08.04,15:00:00,0.8,3.8,57,38.4,16.4,,
07.04.04,15:00:00,1.9,7.5,104,10.9,76.4,136.84087340000002,150.7060091
23.08.04,22:00:00,1.2,6.8,60,26.6,30.6,,
27.03.05,21:00:00,1.9,6.0,115,14.1,81.4,,
03.09.04,10:00:00,-200.0,18.9,-200,31.4,34.5,,
06.02.05,2:00:00,1.4,5.0,172,3.1,47.1,,
10.05.04,16:00:00,2.1,14.2,97,25.2,29.7,121.8069869,66.49366942
02.07.04,1:00:00,1.7,10.0,90,25.9,46.1,,
30.04.04,3:00:00,1.0,5.0,-200,15.7,77.4,49.42549592,142.36499719999998
21.05.04,7:00:00,4.2,26.2,113,16.4,51.3,119.34404270000002,63.87779228
30.04.04,8:00:00,3.4,19.9,103,18.7,57.6,31.67252644,129.8097142
14.05.04,10:00:00,2.5,11.1,113,22.8,32.4,115.5484616,70.97552514
16.09.04,15:00:00,1.9,10.2,107,23.3,46.2,,
24.11.04,6:00:00,1.0,4.1,64,9.8,79.2,,
19.04.04,13:00:00,-200.0,13.4,-200,16.5,58.2,176.9595247,220.56342880000003
09.09.04,0:00:00,1.4,7.5,119,24.9,28.3,,
29.01.05,7:00:00,0.5,0.9,58,1.6,51.0,,
08.01.05,5:00:00,1.2,3.4,94,7.4,71.7,,
13.04.04,22:00:00,2.1,9.4,104,12.3,59.2,145.8898026,150.5299202
13.06.04,0:00:00,2.0,9.2,89,25.2,45.2,,
12.11.04,14:00:00,2.3,9.9,125,17.4,57.3,,
21.03.05,2:00:00,1.1,3.3,95,13.3,67.0,,
24.03.04,14:00:00,2.2,10.8,106,16.6,35.6,76.48092035,118.229855
08.03.05,23:00:00,1.4,5.4,167,6.6,46.0,,
22.09.04,17:00:00,5.0,27.3,218,32.2,28.8,,
18.01.05,11:00:00,3.8,17.2,196,5.5,54.9,,
10.06.04,17:00:00,3.5,21.2,178,38.9,18.8,,
03.11.04,7:00:00,1.3,8.0,64,17.0,70.1,,
07.01.05,9:00:00,3.0,15.3,125,6.3,77.4,,
11.03.05,21:00:00,2.8,13.4,222,12.8,49.3,,
29.01.05,22:00:00,1.0,1.7,83,2.9,49.0,,
08.11.04,23:00:00,-200.0,7.4,-200,7.9,61.4,,
06.11.04,19:00:00,2.8,14.6,91,20.0,58.4,,
03.10.04,3:00:00,-200.0,4.5,-200,20.3,64.6,,
29.06.04,0:00:00,1.5,9.7,80,27.8,40.0,,
12.10.04,13:00:00,-200.0,12.1,-200,20.5,46.0,,
29.12.04,13:00:00,-200.0,5.5,-200,12.0,49.3,,
23.06.04,14:00:00,1.9,12.7,110,34.4,22.5,,
19.04.04,0:00:00,-200.0,7.8,-200,14.5,67.3,181.81374499999998,216.03120950000002
27.04.04,23:00:00,2.0,10.9,108,17.9,43.5,180.4256636,212.95346809999998
28.10.04,17:00:00,6.5,35.3,149,20.8,64.0,,
28.03.05,15:00:00,1.3,4.2,85,25.1,34.0,,
25.03.04,23:00:00,1.2,4.5,92,9.9,59.5,84.89316558,102.7638854
30.09.04,12:00:00,1.7,10.8,-200,24.6,42.8,,
28.08.04,15:00:00,-200.0,4.7,-200,34.5,20.5,,
26.03.05,21:00:00,2.3,10.0,127,17.8,58.1,,
12.09.04,21:00:00,-200.0,14.8,-200,24.2,61.6,,
14.03.05,22:00:00,2.1,8.4,158,13.7,58.5,,
24.07.04,6:00:00,0.7,5.8,62,24.4,50.5,,
28.10.04,21:00:00,1.5,6.6,88,20.1,60.8,,
12.09.04,2:00:00,-200.0,8.4,-200,22.0,55.8,,
22.02.05,13:00:00,2.1,10.0,212,8.3,64.4,,
10.08.04,11:00:00,2.2,12.7,95,36.5,28.9,,
17.01.05,2:00:00,1.0,2.9,100,4.4,53.1,,
30.01.05,14:00:00,0.9,1.6,95,8.2,30.1,,
04.01.05,6:00:00,0.9,-200.0,94,-200.0,-200.0,,
26.05.04,8:00:00,-200.0,-200.0,-200,-200.0,-200.0,,
19.11.04,2:00:00,1.3,3.3,65,15.5,63.8,,
17.02.05,17:00:00,1.4,5.2,143,9.3,42.3,,
22.01.05,2:00:00,1.5,15.1,198,7.1,77.3,,
13.09.04,3:00:00,-200.0,3.7,-200,20.4,70.7,,
28.12.04,17:00:00,-200.0,14.9,-200,13.1,54.3,,
10.10.04,19:00:00,2.2,8.3,87,21.1,68.3,,
04.11.04,2:00:00,1.2,5.2,55,17.6,70.8,,
12.03.04,8:00:00,4.4,17.9,141,7.3,63.1,28.02018927,55.85884761
21.02.05,16:00:00,1.9,8.6,181,7.0,73.7,,
22.09.04,21:00:00,2.2,11.9,115,23.4,59.9,,
28.12.04,1:00:00,-200.0,3.1,-200,11.1,65.3,,
09.05.04,1:00:00,-200.0,9.0,-200,12.7,64.9,116.83837759999999,62.92220778
13.09.04,11:00:00,2.9,16.3,138,30.0,41.6,,
04.08.04,15:00:00,-200.0,8.0,-200,39.1,21.7,,
12.10.04,11:00:00,-200.0,8.3,-200,19.7,49.1,,
18.12.04,3:00:00,1.3,4.3,-200,12.2,74.5,,
02.09.04,4:00:00,0.6,4.0,65,21.8,54.1,,
24.06.04,9:00:00,1.3,7.1,74,27.0,40.8,,
01.04.04,21:00:00,2.5,10.8,124,16.8,44.0,80.19171107,103.6262158
22.10.04,20:00:00,4.5,25.5,119,22.3,62.5,,
26.05.04,7:00:00,-200.0,-200.0,-200,-200.0,-200.0,,
23.10.04,2:00:00,1.0,6.0,51,19.1,70.0,,
03.04.04,18:00:00,-200.0,17.1,-200,23.7,28.6,71.86625997,109.13674509999998
19.10.04,23:00:00,-200.0,14.8,-200,19.2,71.3,,
02.01.05,18:00:00,2.8,8.8,166,8.9,54.6,,
26.12.04,8:00:00,0.6,1.8,90,10.5,81.8,,
14.07.04,17:00:00,3.2,18.4,153,36.0,13.3,,
30.09.04,19:00:00,5.7,30.1,166,23.6,54.4,,
11.01.05,18:00:00,3.9,19.3,144,13.3,61.2,,
25.06.04,13:00:00,1.9,9.8,93,34.7,22.6,,
11.08.04,23:00:00,1.5,7.6,57,28.1,54.1,,
26.05.04,9:00:00,4.0,40.2,-200,20.4,35.7,,
24.12.04,2:00:00,3.4,12.1,158,5.1,58.4,,
20.05.04,13:00:00,2.0,13.3,107,31.3,22.3,129.3673671,60.9454057
20.07.04,14:00:00,-200.0,13.7,129,41.7,12.5,,
07.11.04,20:00:00,3.1,12.2,138,14.1,43.0,,
03.02.05,12:00:00,2.2,10.3,235,11.5,33.0,,
30.04.04,1:00:00,1.7,7.6,76,15.7,78.6,32.1291791,144.76405
02.02.05,13:00:00,2.6,10.1,139,13.7,20.7,,
08.09.04,15:00:00,-200.0,-200.0,-200,-200.0,-200.0,,
04.11.04,14:00:00,-200.0,24.4,139,25.9,42.8,,
24.09.04,16:00:00,2.7,14.5,96,24.9,49.2,,
15.07.04,23:00:00,1.9,10.8,100,24.5,35.7,,
02.04.05,13:00:00,1.0,2.4,95,20.5,21.9,,
22.10.04,22:00:00,1.6,9.7,74,21.2,65.7,,
13.11.04,7:00:00,0.9,3.3,86,16.1,55.4,,
22.12.04,1:00:00,2.2,7.6,144,5.6,42.0,,
19.01.05,11:00:00,-200.0,2.5,124,5.3,75.9,,
25.02.05,10:00:00,4.2,17.8,190,8.3,67.4,,
25.01.05,0:00:00,-200.0,1.0,57,5.9,41.8,,
15.06.04,7:00:00,4.4,24.7,116,20.9,49.3,,
27.07.04,17:00:00,-200.0,10.7,119,32.4,22.4,,
11.07.04,12:00:00,0.5,3.8,46,29.5,25.9,,
29.06.04,9:00:00,3.2,15.5,121,28.3,39.8,,
12.07.04,17:00:00,3.1,14.0,119,24.0,36.3,,
04.04.04,10:00:00,-200.0,9.0,-200,21.5,40.7,122.348877,166.8787147
05.01.05,11:00:00,5.2,22.9,198,11.2,61.9,,
15.05.04,14:00:00,1.3,6.4,75,26.1,21.1,123.4071064,65.23829623
14.03.04,3:00:00,2.4,9.7,-200,11.6,63.4,42.68885887,53.98047575
30.03.04,20:00:00,2.4,8.7,102,15.9,43.5,84.95951739,107.5235348
09.04.04,23:00:00,2.3,8.4,95,12.0,67.9,147.2551583,166.1563804
04.06.04,9:00:00,-200.0,6.0,-200,22.8,37.6,,
27.09.04,7:00:00,5.5,26.9,132,15.0,57.7,,
02.04.05,6:00:00,0.6,2.0,107,10.7,42.8,,
27.02.05,16:00:00,1.1,2.3,100,8.3,40.3,,
20.03.05,12:00:00,1.6,4.3,130,18.6,42.6,,
27.06.04,16:00:00,1.2,6.9,90,42.2,14.2,,
03.05.04,23:00:00,1.5,6.7,83,18.9,62.5,53.03742851,126.1406176
07.10.04,22:00:00,1.7,11.0,73,21.8,58.2,,
03.02.05,19:00:00,6.4,29.0,249,10.3,52.4,,
25.11.04,2:00:00,3.0,11.3,93,6.0,83.0,,
01.07.04,11:00:00,2.0,10.5,125,34.2,31.8,,
20.04.04,15:00:00,-200.0,7.9,-200,23.8,31.4,186.3966446,219.6395293
11.01.05,5:00:00,0.7,2.6,78,12.3,68.0,,
22.11.04,3:00:00,0.1,3.5,-200,3.7,56.3,,
28.02.05,20:00:00,2.5,7.4,142,1.4,38.0,,
23.11.04,4:00:00,-200.0,6.1,94,7.9,81.8,,
22.12.04,20:00:00,4.1,15.4,174,5.9,37.8,,
05.07.04,20:00:00,2.5,13.6,125,30.7,28.9,,
22.09.04,2:00:00,0.6,2.4,47,23.0,54.0,,
15.10.04,23:00:00,-200.0,4.8,-200,16.3,70.5,,
08.11.04,14:00:00,1.8,10.0,105,13.1,38.5,,
17.04.04,17:00:00,-200.0,5.0,-200,17.9,49.9,140.75742490000002,155.07414350000002
25.11.04,21:00:00,2.6,11.4,129,10.7,59.8,,
26.04.04,7:00:00,1.9,7.5,91,14.4,43.6,170.0062543,219.8022375
03.03.05,9:00:00,4.2,17.1,211,5.9,50.2,,
11.02.05,15:00:00,6.1,-200.0,312,-200.0,-200.0,,
27.08.04,6:00:00,1.1,-200.0,52,-200.0,-200.0,,
15.07.04,18:00:00,3.6,20.5,183,33.7,20.0,,
25.08.04,8:00:00,3.5,21.0,106,26.4,50.8,,
07.08.04,5:00:00,0.5,2.3,45,23.6,61.2,,
03.06.04,5:00:00,-200.0,3.2,58,17.6,67.4,,
18.05.04,17:00:00,3.0,19.3,130,30.9,20.5,113.26920159999999,60.86527719
22.03.04,15:00:00,2.1,10.7,99,21.3,26.8,34.57581113,53.42335783
29.01.05,18:00:00,1.4,3.0,118,3.3,46.8,,
07.06.04,7:00:00,2.6,15.4,90,19.9,49.4,,
03.04.04,2:00:00,1.2,5.3,83,15.1,58.2,88.2027438,112.5807513
25.12.04,16:00:00,3.1,13.3,168,11.7,65.6,,
13.02.05,3:00:00,2.7,11.3,-200,9.6,78.7,,
14.04.04,20:00:00,-200.0,18.1,-200,16.5,42.1,150.6592071,145.740261
09.03.05,11:00:00,3.3,14.0,235,10.5,38.9,,
12.02.05,12:00:00,3.1,17.6,208,10.0,53.1,,
03.04.05,23:00:00,1.2,5.1,128,14.3,52.5,,
18.05.04,4:00:00,-200.0,1.5,23,18.3,40.0,112.71129180000001,67.19927115
08.04.04,7:00:00,2.6,13.8,80,8.1,70.5,159.8419498,151.9335044
05.10.04,19:00:00,-200.0,41.6,-200,25.6,47.5,,
13.12.04,0:00:00,2.5,9.3,112,7.9,60.2,,
03.02.05,8:00:00,3.0,16.7,275,1.3,64.8,,
07.12.04,21:00:00,2.6,11.3,115,14.5,60.4,,
27.06.04,8:00:00,1.0,6.2,60,24.7,47.6,,
17.02.05,0:00:00,2.7,11.0,192,5.4,43.8,,
15.08.04,1:00:00,0.5,3.0,34,25.7,52.5,,
26.06.04,0:00:00,1.2,6.2,79,24.0,31.2,,
01.02.05,11:00:00,4.5,21.4,218,5.8,54.1,,
23.12.04,10:00:00,3.4,12.8,171,4.3,49.4,,
26.08.04,14:00:00,0.9,-200.0,52,-200.0,-200.0,,
29.03.04,22:00:00,1.1,4.0,82,13.5,28.5,74.44461745,113.991978
17.03.04,2:00:00,0.9,4.1,79,14.1,55.6,48.16061548,54.44932294
30.07.04,23:00:00,-200.0,10.7,85,27.0,41.6,,
16.03.05,8:00:00,2.1,10.2,129,8.7,64.3,,
21.01.05,3:00:00,1.3,4.6,-200,5.9,62.1,,
20.03.05,14:00:00,0.9,2.2,82,21.3,35.6,,
16.08.04,13:00:00,0.9,4.6,60,38.6,14.6,,
15.04.04,21:00:00,4.6,19.8,134,16.2,53.2,148.2307587,158.2887124
25.03.04,16:00:00,2.2,10.1,105,17.7,35.4,82.74540603,120.9407504
13.06.04,14:00:00,0.5,1.8,40,23.5,35.2,,
29.03.04,17:00:00,1.9,7.9,95,17.0,28.9,90.54475306,102.8816482
27.01.05,1:00:00,0.2,2.2,83,4.5,42.0,,
30.03.04,22:00:00,1.2,3.8,81,15.1,44.6,83.09755265,112.0221763
13.06.04,5:00:00,0.4,2.2,33,23.3,51.0,,
15.06.04,6:00:00,1.0,7.5,69,19.9,51.8,,
12.05.04,1:00:00,0.8,5.2,67,17.6,57.6,121.6568832,65.86570391
21.03.04,6:00:00,0.7,2.1,36,14.5,63.0,27.8261312,51.68274544
19.06.04,12:00:00,1.7,9.8,84,34.4,26.6,,
03.07.04,14:00:00,0.8,6.1,70,37.4,15.8,,
03.05.04,17:00:00,3.9,23.6,128,26.4,34.6,44.45259213,156.554899
21.02.05,21:00:00,2.7,7.1,208,5.6,74.0,,
29.11.04,21:00:00,1.4,4.6,87,16.5,59.2,,
08.02.05,20:00:00,1.9,-200.0,187,-200.0,-200.0,,
23.01.05,12:00:00,-200.0,8.7,206,7.1,42.8,,
13.04.04,8:00:00,4.5,22.1,128,12.0,58.1,134.6998665,153.57213269999997
28.03.04,10:00:00,2.3,9.0,94,16.8,36.9,76.36203691,114.7001817
16.12.04,14:00:00,5.5,-200.0,212,-200.0,-200.0,,
09.05.04,6:00:00,-200.0,5.2,-200,11.3,73.8,128.638927,64.6116588
29.06.04,19:00:00,4.6,25.6,202,34.7,31.9,,
27.05.04,21:00:00,-200.0,13.3,-200,21.3,33.0,,
31.05.04,23:00:00,0.6,6.5,59,17.8,80.3,,
11.11.04,17:00:00,2.8,11.2,168,11.5,78.1,,
19.03.05,23:00:00,1.9,8.5,154,13.5,63.8,,
25.07.04,22:00:00,1.5,6.8,88,27.3,44.1,,
24.03.05,0:00:00,1.9,9.9,144,15.9,47.0,,
31.05.04,5:00:00,-200.0,2.3,57,16.4,52.4,,
04.03.05,2:00:00,1.7,4.7,138,3.9,80.9,,
05.11.04,23:00:00,1.3,7.6,69,17.8,66.9,,
02.04.04,1:00:00,1.3,5.6,93,13.3,58.8,73.75347876,103.78144609999998
14.03.05,15:00:00,1.6,7.7,128,20.0,33.0,,
17.05.04,19:00:00,3.4,17.8,125,23.5,20.8,114.4915905,63.35491026
27.07.04,13:00:00,-200.0,6.9,81,31.7,26.4,,
23.06.04,0:00:00,1.2,8.0,83,22.9,43.6,,
25.03.05,14:00:00,2.1,15.8,163,21.1,47.8,,
08.05.04,0:00:00,1.5,6.4,85,13.3,61.8,122.2623551,66.31070833
07.08.04,12:00:00,1.2,6.0,67,35.5,29.8,,
13.01.05,6:00:00,1.0,3.7,81,6.5,79.7,,
26.08.04,3:00:00,0.5,2.1,-200,23.8,44.8,,
18.07.04,18:00:00,0.4,5.3,54,37.6,16.4,,
13.06.04,9:00:00,0.5,1.7,52,20.8,40.7,,
29.08.04,4:00:00,-200.0,4.8,-200,21.0,66.9,,
11.02.05,21:00:00,4.0,16.8,207,8.5,50.9,,
27.06.04,5:00:00,0.5,2.6,42,24.0,50.3,,
06.06.04,15:00:00,0.7,3.6,60,23.6,38.1,,
28.05.04,23:00:00,2.0,11.3,109,19.6,47.0,,
22.03.05,11:00:00,3.1,15.7,166,20.2,42.1,,
24.05.04,0:00:00,0.7,4.1,67,19.2,37.9,114.5494815,64.05598897
06.07.04,14:00:00,1.8,11.3,132,39.9,15.8,,
04.09.04,5:00:00,0.8,4.6,-200,22.1,54.5,,
08.04.04,22:00:00,1.4,6.3,99,14.1,46.0,120.50719029999999,153.00624950000002
28.11.04,6:00:00,0.7,1.7,44,8.9,77.1,,
04.07.04,20:00:00,1.6,9.1,97,30.1,23.5,,
27.12.04,20:00:00,2.1,8.1,116,12.9,62.4,,
22.11.04,5:00:00,-200.0,2.3,80,2.6,60.8,,
17.01.05,15:00:00,3.2,17.0,182,12.4,28.3,,
22.07.04,16:00:00,2.3,15.1,157,44.6,12.6,,
22.07.04,19:00:00,4.0,23.0,181,37.1,21.3,,
24.07.04,17:00:00,1.2,6.0,62,35.1,29.6,,
10.08.04,0:00:00,1.0,7.0,49,27.4,55.0,,
07.03.05,10:00:00,1.6,5.5,169,8.6,34.2,,
02.12.04,23:00:00,4.8,20.9,115,14.2,78.0,,
15.05.04,11:00:00,1.6,8.6,93,25.0,24.2,111.4117389,64.11570982
01.04.05,18:00:00,1.6,5.5,154,17.1,25.3,,
06.07.04,3:00:00,0.6,3.3,-200,23.5,47.8,,
10.04.04,22:00:00,2.9,11.6,125,12.3,55.5,152.40615359999998,169.9581111
19.02.05,13:00:00,1.2,3.5,126,11.2,34.5,,
23.11.04,19:00:00,11.9,50.6,220,12.4,74.7,,
12.01.05,21:00:00,5.9,23.3,177,12.0,67.5,,
31.08.04,16:00:00,1.4,7.6,71,34.5,28.6,,
30.05.04,0:00:00,2.7,13.8,125,18.5,39.4,,
02.02.05,0:00:00,2.6,4.7,133,6.6,51.2,,
11.07.04,23:00:00,1.5,8.7,108,22.7,43.9,,
03.08.04,13:00:00,-200.0,10.5,111,35.1,32.4,,
05.01.05,23:00:00,1.6,6.0,126,13.2,62.3,,
01.11.04,4:00:00,-200.0,16.9,52,18.4,77.9,,
19.01.05,21:00:00,2.6,7.8,141,9.2,49.8,,
02.07.04,8:00:00,4.9,29.0,149,27.4,45.5,,
10.10.04,6:00:00,1.2,6.3,59,21.3,69.1,,
04.05.04,20:00:00,5.4,20.8,132,16.1,75.2,46.42541503,145.8477259
05.02.05,7:00:00,1.4,7.3,205,1.3,67.2,,
09.09.04,17:00:00,4.2,22.7,212,37.6,14.5,,
07.02.05,11:00:00,1.7,6.5,182,10.8,25.2,,
04.05.04,2:00:00,0.6,2.2,48,16.1,80.0,36.48121972,129.16448929999999
10.06.04,2:00:00,1.0,5.9,66,22.0,52.8,,
26.07.04,11:00:00,-200.0,8.1,97,33.9,26.9,,
24.08.04,1:00:00,1.2,5.7,50,22.2,43.1,,
14.10.04,13:00:00,-200.0,9.7,-200,22.2,41.4,,
04.11.04,23:00:00,2.4,13.3,74,18.8,70.6,,
16.03.04,22:00:00,2.6,13.5,138,17.9,45.9,46.187969200000005,56.27324608
28.02.05,4:00:00,0.3,0.4,28,3.8,48.0,,
19.04.04,8:00:00,-200.0,18.7,-200,16.5,57.9,172.8976645,214.89340299999998
30.03.05,22:00:00,1.4,5.8,117,16.0,61.9,,
06.06.04,21:00:00,1.4,7.0,89,21.8,39.2,,
17.09.04,4:00:00,0.3,1.2,23,19.7,61.9,,
03.04.05,1:00:00,0.8,2.8,86,12.7,40.8,,
31.08.04,23:00:00,1.8,10.4,104,24.4,53.4,,
31.07.04,22:00:00,1.8,11.4,85,28.6,42.3,,
21.01.05,17:00:00,1.4,16.4,135,13.4,51.2,,
26.01.05,22:00:00,0.4,2.9,114,4.6,54.8,,
09.12.04,21:00:00,1.6,4.5,100,13.4,48.1,,
30.06.04,19:00:00,4.9,23.3,197,34.0,32.9,,
01.03.05,17:00:00,0.9,3.0,110,3.9,29.2,,
27.05.04,10:00:00,-200.0,9.0,-200,25.6,28.0,,
10.03.05,3:00:00,1.1,4.4,-200,4.6,78.2,,
03.04.04,6:00:00,0.9,3.5,69,13.9,59.6,82.91573335,111.37810520000001
25.04.04,12:00:00,1.0,2.7,52,17.4,33.9,171.0984981,215.0036398
23.10.04,6:00:00,1.2,7.6,52,18.1,72.3,,
31.03.05,9:00:00,1.9,6.8,139,20.3,40.1,,
14.03.04,13:00:00,2.0,7.5,104,21.2,31.4,20.06168394,56.17161681
26.07.04,8:00:00,-200.0,9.7,109,27.9,42.7,,
14.07.04,23:00:00,1.4,9.0,101,25.3,30.0,,
26.06.04,20:00:00,1.8,8.2,99,29.2,37.8,,
11.12.04,9:00:00,2.4,14.1,134,10.7,34.2,,
22.03.04,10:00:00,1.8,6.9,83,17.9,38.4,32.56195745,54.99729870000001
22.10.04,0:00:00,2.2,13.2,74,21.3,68.5,,
10.10.04,15:00:00,1.8,5.8,81,19.4,80.5,,
28.12.04,15:00:00,-200.0,10.7,-200,14.3,48.6,,
02.01.05,13:00:00,2.8,9.6,171,10.3,44.9,,
18.12.04,7:00:00,1.1,5.4,96,10.0,76.2,,
26.10.04,0:00:00,2.2,12.2,68,17.0,76.1,,
05.07.04,15:00:00,2.0,12.7,138,40.4,14.9,,
02.08.04,3:00:00,0.3,2.2,-200,25.5,62.8,,
15.03.05,11:00:00,3.1,13.2,181,19.1,36.7,,
15.01.05,17:00:00,3.0,15.2,179,10.5,55.1,,
10.09.04,11:00:00,2.5,15.7,144,32.8,18.9,,
05.08.04,20:00:00,-200.0,7.7,101,20.8,80.9,,
08.08.04,14:00:00,0.6,2.6,30,31.6,38.9,,
20.05.04,9:00:00,4.0,18.1,83,20.7,46.4,130.92946990000002,64.50827149999999
10.03.04,21:00:00,2.2,9.2,122,11.0,60.0,41.03858657,59.38742737
22.05.04,17:00:00,2.8,15.8,115,25.4,39.8,129.8809205,68.39438471
10.09.04,3:00:00,0.5,2.8,-200,24.2,38.5,,
16.04.04,23:00:00,3.1,10.0,99,12.8,81.0,141.69084119999997,142.9259345
25.08.04,15:00:00,1.3,6.3,71,35.3,28.5,,
25.09.04,2:00:00,0.6,1.7,8,15.4,53.9,,
20.08.04,0:00:00,-200.0,5.3,-200,28.5,52.1,,
25.04.04,1:00:00,1.3,3.9,73,12.4,64.1,173.140801,212.4178858
20.06.04,8:00:00,1.0,-200.0,66,-200.0,-200.0,,
05.04.04,9:00:00,-200.0,18.2,-200,15.3,56.7,136.562321,170.3988315
15.07.04,3:00:00,0.4,3.1,-200,22.0,42.6,,
17.10.04,11:00:00,-200.0,6.2,-200,21.5,42.6,,
06.09.04,22:00:00,1.3,5.8,-200,25.4,35.2,,
27.02.05,15:00:00,0.9,2.2,82,8.8,40.0,,
07.03.05,19:00:00,3.8,15.0,209,6.9,30.7,,
30.11.04,15:00:00,2.2,10.1,109,15.3,54.3,,
31.08.04,10:00:00,-200.0,15.3,-200,29.8,38.8,,
28.03.05,0:00:00,1.6,4.3,111,14.4,78.6,,
25.10.04,17:00:00,7.9,46.3,158,21.7,61.9,,
14.11.04,8:00:00,0.3,0.3,29,10.6,36.1,,
16.11.04,5:00:00,0.5,0.7,40,10.7,41.8,,
08.10.04,21:00:00,1.5,12.3,76,24.6,52.2,,
27.01.05,7:00:00,0.7,1.4,91,4.6,38.1,,
15.11.04,19:00:00,3.8,16.6,175,12.6,30.2,,
20.07.04,16:00:00,-200.0,10.4,101,41.4,14.2,,
05.12.04,11:00:00,1.3,4.4,72,13.0,67.6,,
11.11.04,16:00:00,3.2,13.7,186,12.2,75.7,,
27.09.04,19:00:00,4.3,20.9,158,20.8,32.5,,
11.05.04,15:00:00,1.9,12.2,91,26.5,27.2,114.6374377,67.43749086
20.01.05,10:00:00,4.4,17.4,190,8.3,50.5,,
23.07.04,23:00:00,1.8,13.0,91,28.5,38.4,,
23.11.04,15:00:00,5.1,25.5,202,14.2,66.8,,
26.03.05,14:00:00,1.3,5.1,85,23.7,39.4,,
31.05.04,1:00:00,0.3,4.8,46,19.7,43.2,,
23.08.04,17:00:00,1.5,7.5,70,36.8,16.2,,
17.02.05,9:00:00,2.7,10.6,202,7.7,42.1,,
17.09.04,17:00:00,2.9,15.2,112,23.6,42.8,,
07.05.04,14:00:00,1.8,9.3,101,19.8,29.7,60.71729453,134.95738290000003
16.11.04,23:00:00,1.8,6.1,134,10.2,49.4,,
20.04.04,8:00:00,-200.0,29.9,-200,12.3,69.2,177.31153369999998,218.39018280000002
07.09.04,11:00:00,1.7,8.0,89,31.6,25.5,,
30.01.05,6:00:00,0.5,0.6,44,3.0,43.4,,
13.12.04,6:00:00,0.9,3.1,81,6.4,64.4,,
21.10.04,22:00:00,4.3,24.2,91,22.4,67.1,,
11.06.04,19:00:00,3.4,19.7,153,31.1,18.7,,
02.05.04,4:00:00,-200.0,3.3,35,14.8,65.8,34.51413308,135.73214430000002
23.05.04,23:00:00,1.0,4.2,76,19.2,42.3,110.7674178,67.84371351
20.12.04,1:00:00,2.8,7.0,118,8.2,78.4,,
02.12.04,17:00:00,4.9,24.8,151,16.7,67.3,,
22.11.04,23:00:00,1.7,13.9,130,7.7,71.1,,
25.03.04,11:00:00,1.6,6.8,98,11.0,64.4,72.26035970000001,101.8687453
14.02.05,6:00:00,0.7,2.9,81,6.9,70.0,,
17.06.04,11:00:00,1.7,8.9,117,27.1,38.3,,
19.01.05,16:00:00,0.2,4.3,110,9.2,55.0,,
02.01.05,14:00:00,2.1,6.5,160,12.3,41.7,,
26.11.04,22:00:00,4.7,19.9,170,13.8,67.8,,
29.04.04,11:00:00,1.5,9.0,91,25.4,25.0,189.94669430000002,220.32911800000002
01.11.04,23:00:00,2.7,13.0,71,19.3,75.8,,
02.03.05,4:00:00,-200.0,0.7,75,-1.4,44.9,,
16.02.05,0:00:00,1.9,8.3,182,6.3,40.1,,
10.07.04,9:00:00,1.4,8.8,93,26.7,36.4,,
07.07.04,10:00:00,2.2,14.2,166,34.6,21.1,,
23.10.04,8:00:00,3.0,16.0,69,18.2,72.8,,
20.10.04,15:00:00,-200.0,22.4,-200,25.7,54.5,,
19.12.04,20:00:00,4.7,16.2,173,5.5,84.1,,
07.04.04,16:00:00,1.2,5.9,69,16.4,47.7,143.4509846,164.7981624
03.06.04,19:00:00,-200.0,19.5,-200,25.3,30.0,,
07.12.04,22:00:00,2.4,11.0,104,14.5,62.3,,
18.03.05,19:00:00,5.6,25.6,240,19.1,32.5,,
05.05.04,1:00:00,0.5,1.4,22,19.0,49.8,38.21275109,156.15427680000002
28.07.04,6:00:00,-200.0,6.3,83,20.2,42.5,,
10.03.05,14:00:00,2.1,9.1,145,19.1,18.1,,
20.06.04,18:00:00,2.8,-200.0,114,-200.0,-200.0,,
16.08.04,20:00:00,1.6,8.5,87,30.4,30.9,,
30.04.04,0:00:00,2.3,11.1,85,16.2,76.9,37.42301925,149.49242019999997
19.07.04,22:00:00,-200.0,15.9,134,29.4,33.0,,
13.03.04,20:00:00,4.2,19.2,161,15.7,44.1,35.44657918,54.64491205
06.10.04,17:00:00,-200.0,24.6,-200,28.7,37.3,,
13.03.04,16:00:00,2.5,10.2,124,17.6,35.1,36.17819114,53.93124824
24.07.04,22:00:00,1.1,5.0,57,27.3,45.7,,
18.09.04,1:00:00,0.9,3.7,70,21.5,45.6,,
26.02.05,5:00:00,1.3,3.6,115,3.8,66.2,,
06.09.04,19:00:00,2.9,13.5,-200,28.0,30.1,,
11.03.04,3:00:00,0.6,1.7,-200,10.3,60.2,37.81025568,59.08943074
29.03.05,3:00:00,0.5,1.0,51,14.2,65.1,,
09.03.05,9:00:00,6.0,27.0,215,5.7,52.5,,
08.03.05,3:00:00,0.8,1.9,-200,1.0,56.7,,
17.07.04,1:00:00,1.6,9.4,93,23.6,39.2,,
22.09.04,22:00:00,2.1,11.5,98,22.5,62.6,,
14.12.04,7:00:00,1.7,8.7,111,6.0,76.7,,
08.10.04,4:00:00,0.8,4.4,43,18.2,70.3,,
23.11.04,14:00:00,7.3,33.2,233,13.9,67.6,,
01.04.05,3:00:00,0.5,0.9,29,13.6,46.7,,
29.11.04,13:00:00,2.5,11.1,120,18.6,49.1,,
08.07.04,14:00:00,1.4,10.7,108,41.1,15.7,,
18.02.05,7:00:00,0.7,1.8,90,6.4,50.7,,
19.03.05,9:00:00,2.7,10.9,153,12.8,64.4,,
25.12.04,21:00:00,4.6,14.5,136,10.3,82.8,,
10.09.04,1:00:00,1.0,5.5,75,24.4,39.1,,
01.08.04,16:00:00,0.9,4.7,92,39.7,19.1,,
24.09.04,14:00:00,4.2,24.0,145,25.6,48.3,,
11.02.05,6:00:00,1.7,-200.0,123,-200.0,-200.0,,
18.11.04,0:00:00,2.7,8.2,167,8.8,65.5,,
19.01.05,17:00:00,0.7,4.1,112,8.7,55.1,,
08.10.04,22:00:00,1.5,10.3,71,24.0,54.4,,
04.03.05,14:00:00,3.6,15.6,192,12.3,48.3,,
03.03.05,7:00:00,1.4,6.7,136,2.9,75.6,,
27.09.04,15:00:00,1.8,9.6,107,23.3,28.3,,
23.01.05,7:00:00,-200.0,1.6,77,3.1,51.0,,
07.10.04,11:00:00,-200.0,14.0,-200,24.7,48.2,,
03.01.05,4:00:00,-200.0,-200.0,121,-200.0,-200.0,,
09.01.05,15:00:00,3.8,18.1,145,16.4,53.2,,
04.03.05,10:00:00,4.6,15.8,216,6.5,60.9,,
21.03.04,19:00:00,3.5,12.6,119,17.8,48.1,50.78382643,51.13241026
26.10.04,12:00:00,4.4,26.7,146,22.6,54.5,,
11.03.04,13:00:00,1.9,7.3,112,8.3,76.4,25.56867943,56.07807724
02.09.04,13:00:00,-200.0,11.6,-200,33.7,25.1,,
20.09.04,19:00:00,6.5,34.9,225,28.1,32.4,,
28.12.04,23:00:00,-200.0,3.6,-200,8.6,83.5,,
09.01.05,23:00:00,1.9,7.5,128,14.0,60.4,,
01.09.04,6:00:00,1.3,8.5,92,19.8,64.3,,
08.10.04,7:00:00,5.7,31.2,81,19.4,66.5,,
02.10.04,18:00:00,-200.0,12.7,-200,24.4,52.5,,
22.09.04,23:00:00,1.8,9.6,93,22.9,62.0,,
30.08.04,6:00:00,-200.0,7.6,-200,21.5,64.0,,
20.04.04,23:00:00,-200.0,9.0,-200,14.2,59.1,182.1044008,210.233742
11.09.04,13:00:00,-200.0,9.1,-200,32.7,22.7,,
31.01.05,5:00:00,0.4,0.3,37,3.4,38.9,,
22.08.04,4:00:00,-200.0,4.0,-200,19.6,63.7,,
22.02.05,20:00:00,2.6,8.1,190,4.2,77.8,,
28.09.04,19:00:00,7.5,39.3,209,23.0,33.6,,
11.03.05,12:00:00,1.0,9.3,162,17.2,30.6,,
01.10.04,5:00:00,0.7,4.3,60,19.0,70.3,,
11.08.04,22:00:00,1.4,7.7,54,29.4,50.0,,
23.11.04,1:00:00,1.1,10.8,118,8.0,75.3,,
14.02.05,23:00:00,1.6,6.6,139,8.8,31.2,,
20.08.04,3:00:00,-200.0,1.4,-200,28.5,48.7,,
07.01.05,19:00:00,5.7,22.2,178,7.2,78.5,,
10.11.04,5:00:00,0.2,0.5,26,8.1,68.6,,
06.04.04,14:00:00,2.5,11.5,131,19.3,35.4,121.0820875,169.879349
16.09.04,1:00:00,0.8,4.8,55,21.9,67.1,,
22.03.05,14:00:00,2.5,12.4,131,23.5,34.2,,
05.04.04,0:00:00,-200.0,4.7,-200,14.7,64.4,128.48176740000002,142.9353137
27.02.05,23:00:00,1.3,3.9,119,4.3,48.6,,
12.06.04,6:00:00,0.7,5.6,61,19.8,46.0,,
05.02.05,21:00:00,1.4,5.8,180,5.5,42.6,,
01.10.04,12:00:00,3.7,21.1,134,23.5,56.2,,
21.04.04,12:00:00,-200.0,10.6,-200,25.9,26.7,179.891685,216.66868340000002
09.12.04,5:00:00,0.4,0.7,29,14.4,68.5,,
28.03.04,4:00:00,1.3,5.1,69,8.3,64.9,81.8817838,112.44194590000001
28.08.04,4:00:00,0.6,2.5,56,20.0,59.3,,
04.11.04,12:00:00,-200.0,17.4,120,23.7,49.8,,
14.03.04,2:00:00,2.5,8.6,104,12.5,58.9,46.39023566,51.602900299999995
10.05.04,6:00:00,-200.0,9.8,-200,13.4,67.4,128.9442529,60.6322387
12.09.04,11:00:00,-200.0,5.6,-200,30.1,38.5,,
23.07.04,16:00:00,1.8,13.2,129,42.8,13.8,,
08.08.04,9:00:00,1.2,5.2,64,27.3,51.3,,
07.10.04,17:00:00,5.4,28.8,111,28.0,38.5,,
31.10.04,5:00:00,0.5,2.1,37,18.9,71.3,,
01.05.04,11:00:00,1.9,9.2,86,24.6,36.7,46.77841948,128.881211
23.04.04,1:00:00,-200.0,6.6,-200,16.3,49.7,182.02765449999998,212.3209451
18.02.05,13:00:00,1.4,5.6,146,11.5,33.1,,
18.03.04,22:00:00,2.1,10.3,121,14.5,57.8,29.01433388,57.7354464
20.11.04,19:00:00,1.6,10.6,164,10.2,33.4,,
12.04.04,22:00:00,0.8,2.6,68,10.3,58.0,122.10570390000001,167.72619469999998
17.10.04,18:00:00,-200.0,11.6,-200,19.8,41.5,,
23.03.05,13:00:00,1.9,11.0,133,24.2,26.5,,
18.10.04,4:00:00,-200.0,1.8,-200,14.5,65.0,,
09.05.04,13:00:00,-200.0,4.1,-200,14.7,68.4,123.6662584,60.42419416
28.02.05,13:00:00,1.1,3.1,125,4.0,36.8,,
15.02.05,5:00:00,0.3,0.5,28,6.9,39.8,,
24.03.05,4:00:00,0.5,2.0,73,13.3,54.4,,
08.11.04,19:00:00,6.6,28.9,-200,10.6,53.4,,
19.08.04,15:00:00,1.0,5.4,36,39.5,24.3,,
26.03.04,18:00:00,2.4,11.6,105,12.1,45.6,76.80546071,103.0212964
11.04.04,18:00:00,1.4,4.0,80,17.9,30.8,138.1328429,155.5341628
04.09.04,0:00:00,2.2,11.4,-200,26.0,45.3,,
28.03.05,13:00:00,1.4,3.3,87,23.1,41.3,,
26.01.05,19:00:00,1.4,9.2,185,5.3,44.4,,
09.05.04,11:00:00,-200.0,4.9,-200,18.8,46.4,118.35332220000001,67.76307845
09.05.04,5:00:00,-200.0,8.1,-200,11.9,71.1,119.57501629999999,67.24075954
12.09.04,17:00:00,-200.0,8.3,-200,28.0,53.2,,
16.04.04,17:00:00,5.7,23.0,142,14.6,76.0,150.36373590000002,151.6627254
09.10.04,6:00:00,1.3,8.2,55,20.6,67.5,,
19.09.04,10:00:00,2.2,10.6,110,26.5,35.7,,
04.07.04,17:00:00,0.7,4.8,64,37.9,12.7,,
18.11.04,9:00:00,5.6,27.8,249,8.9,67.4,,
25.10.04,21:00:00,3.5,19.1,87,18.5,73.4,,
23.05.04,12:00:00,1.2,5.3,69,26.8,28.1,121.10286780000001,63.27109408
02.10.04,22:00:00,-200.0,10.8,-200,20.8,65.6,,
11.09.04,20:00:00,-200.0,8.7,-200,27.2,38.0,,
07.06.04,19:00:00,4.8,28.9,142,30.3,26.2,,
02.02.05,10:00:00,5.6,19.6,230,5.8,53.1,,
15.05.04,18:00:00,2.3,11.0,117,23.8,27.1,129.9815423,67.53199726
22.01.05,22:00:00,2.1,16.9,215,8.4,36.5,,
29.03.04,1:00:00,0.6,1.3,31,10.7,45.8,83.89223242,111.64741210000001
29.11.04,6:00:00,1.4,5.7,78,8.7,84.2,,
10.02.05,0:00:00,2.0,-200.0,126,-200.0,-200.0,,
13.11.04,2:00:00,1.0,2.7,75,15.7,59.5,,
15.07.04,7:00:00,2.3,15.6,108,21.3,48.4,,
30.07.04,6:00:00,-200.0,4.9,48,23.0,49.9,,
18.04.04,4:00:00,-200.0,3.2,-200,14.3,69.6,189.9147467,201.62171669999998
14.05.04,0:00:00,2.5,15.0,107,17.3,57.8,129.0837369,65.56699743
29.04.04,8:00:00,7.2,36.2,125,16.1,56.5,38.49185478,170.1677434
15.02.05,10:00:00,1.6,5.3,168,9.4,32.7,,
02.12.04,14:00:00,2.9,16.9,123,18.0,58.0,,
30.03.05,14:00:00,1.8,9.2,124,26.1,26.3,,
26.06.04,19:00:00,1.9,9.2,98,30.5,33.9,,
28.04.04,7:00:00,5.5,30.4,104,15.0,58.3,183.94259340000002,208.3583849
28.09.04,3:00:00,0.4,2.1,-200,14.4,54.5,,
11.01.05,7:00:00,1.3,5.2,101,11.7,69.8,,
22.07.04,2:00:00,1.3,6.4,67,26.4,47.1,,
07.09.04,10:00:00,2.2,10.4,74,31.0,29.1,,
28.08.04,13:00:00,1.1,5.8,64,33.4,22.5,,
28.03.04,18:00:00,1.4,4.7,86,15.6,35.0,81.3213365,120.55051509999998
17.02.05,14:00:00,1.8,6.8,143,8.9,45.5,,
31.12.04,20:00:00,-200.0,5.3,-200,9.6,32.3,,
29.10.04,22:00:00,1.7,7.3,95,17.1,77.9,,
20.12.04,4:00:00,0.8,1.4,60,9.3,65.9,,
03.11.04,6:00:00,0.7,4.3,50,16.9,70.5,,
12.02.05,15:00:00,3.3,15.7,224,11.0,51.4,,
10.04.04,1:00:00,1.7,6.9,78,11.5,70.1,134.9728504,147.7507274
13.08.04,17:00:00,1.0,4.6,70,34.0,25.2,,
08.01.05,0:00:00,3.4,13.0,137,5.4,82.6,,
22.06.04,9:00:00,2.8,14.2,123,22.8,41.9,,
22.02.05,11:00:00,1.7,6.9,201,9.1,58.4,,
03.03.05,22:00:00,2.3,8.7,161,4.6,82.5,,
24.08.04,15:00:00,1.6,9.1,118,36.3,19.5,,
28.01.05,14:00:00,2.1,7.3,174,4.7,47.2,,
20.12.04,3:00:00,0.9,2.0,-200,9.5,69.9,,
02.03.05,13:00:00,1.2,5.5,131,9.3,18.4,,
29.06.04,12:00:00,2.8,15.2,148,35.5,27.4,,
13.10.04,12:00:00,-200.0,7.7,-200,18.0,46.1,,
02.01.05,21:00:00,2.9,-200.0,160,-200.0,-200.0,,
13.05.04,23:00:00,3.3,17.4,123,17.5,56.4,125.1202653,67.92889131
20.12.04,16:00:00,2.3,5.2,102,9.8,41.9,,
18.02.05,18:00:00,2.8,12.6,204,9.7,36.0,,
03.03.05,13:00:00,1.4,4.9,150,5.3,69.2,,
20.12.04,11:00:00,2.4,3.8,106,9.2,55.8,,
11.03.04,11:00:00,1.5,5.0,92,10.5,57.9,48.20267501,56.16959684
18.01.05,16:00:00,4.8,24.7,224,5.2,76.2,,
17.11.04,5:00:00,0.8,1.6,69,6.8,58.6,,
07.02.05,7:00:00,0.8,2.4,133,3.4,47.0,,
18.02.05,17:00:00,2.4,10.3,141,11.1,32.2,,
25.11.04,4:00:00,2.2,9.4,89,4.3,85.4,,
06.07.04,17:00:00,3.8,22.5,192,39.5,12.6,,
24.05.04,11:00:00,0.9,5.5,85,22.3,17.0,112.50697930000001,60.19983782
23.11.04,16:00:00,5.3,27.1,186,14.2,67.8,,
29.09.04,16:00:00,3.6,19.9,184,28.6,23.2,,
30.03.04,18:00:00,2.2,9.6,101,15.8,40.4,75.60109619,117.07267659999998
18.04.04,14:00:00,-200.0,3.4,-200,17.1,55.5,176.8559866,207.6750429
25.03.04,6:00:00,0.6,1.4,51,7.6,83.2,90.81070388,112.8907689
16.03.04,11:00:00,4.1,20.0,162,21.4,33.3,47.25334154,58.67062017
11.07.04,7:00:00,0.4,3.1,48,20.4,52.6,,
25.05.04,8:00:00,3.0,22.2,100,16.3,27.5,,
21.12.04,10:00:00,2.6,9.4,157,7.4,36.5,,
31.03.05,22:00:00,0.8,1.8,72,15.6,47.1,,
06.06.04,10:00:00,0.9,3.4,61,23.1,39.4,,
09.04.04,12:00:00,4.1,-200.0,127,-200.0,-200.0,127.39082350000001,150.99419550000002
02.02.05,1:00:00,2.6,5.1,122,6.4,52.6,,
19.12.04,18:00:00,5.5,17.3,175,4.7,83.4,,
14.04.04,9:00:00,4.3,18.3,119,15.8,46.8,151.93688410000001,163.2327432
04.11.04,22:00:00,3.9,21.3,96,19.1,72.0,,
30.03.05,11:00:00,1.8,7.9,137,20.9,42.5,,
01.06.04,14:00:00,1.6,13.5,73,25.7,43.8,,
19.11.04,1:00:00,1.9,5.6,110,16.1,59.5,,
13.03.05,22:00:00,0.9,8.3,166,13.7,52.1,,
16.07.04,0:00:00,1.7,10.2,97,24.3,36.3,,
29.05.04,21:00:00,1.0,6.5,103,20.1,35.0,,
26.10.04,5:00:00,0.9,5.9,46,14.8,79.4,,
01.10.04,18:00:00,-200.0,29.4,-200,25.3,49.6,,
27.03.04,21:00:00,2.2,8.8,107,12.5,48.1,77.97249866,110.65636129999999
20.03.05,15:00:00,0.9,3.6,73,23.1,32.1,,
01.02.05,10:00:00,4.1,17.2,196,4.4,58.8,,
07.01.05,1:00:00,1.4,3.6,89,9.8,70.7,,
03.09.04,0:00:00,-200.0,9.6,-200,26.4,44.0,,
01.12.04,11:00:00,3.2,13.0,143,11.0,74.4,,
20.09.04,22:00:00,2.0,9.9,115,23.9,38.1,,
16.04.04,13:00:00,4.3,18.9,149,15.7,62.5,142.4302514,168.7067668
19.12.04,4:00:00,-200.0,2.7,78,5.1,46.5,,
13.02.05,8:00:00,2.8,11.9,149,8.7,83.7,,
10.09.04,21:00:00,1.4,8.2,119,27.1,31.0,,
14.09.04,15:00:00,-200.0,13.7,-200,29.9,45.6,,
24.04.04,10:00:00,2.6,12.3,107,23.9,33.7,182.2240263,206.701115
19.11.04,4:00:00,1.1,2.1,41,14.7,64.4,,
23.05.04,8:00:00,0.8,4.3,65,20.0,48.6,127.71505420000001,65.18528234
18.06.04,14:00:00,2.0,13.4,125,37.6,21.1,,
06.06.04,4:00:00,1.0,5.2,62,17.1,81.8,,
21.01.05,15:00:00,3.0,16.8,139,13.1,48.0,,
18.10.04,23:00:00,-200.0,7.4,-200,16.5,67.2,,
12.04.04,3:00:00,0.6,1.7,-200,14.4,32.8,150.0159947,142.79200730000002
24.10.04,2:00:00,2.1,10.9,66,19.4,71.4,,
26.09.04,17:00:00,2.7,10.3,95,23.1,27.0,,
29.09.04,11:00:00,3.7,19.1,191,25.4,33.3,,
08.10.04,9:00:00,3.9,24.2,87,21.1,61.1,,
09.07.04,20:00:00,2.7,13.6,162,26.6,30.2,,
16.05.04,6:00:00,0.4,2.0,47,14.2,49.9,123.8547185,67.97466771
20.04.04,5:00:00,-200.0,2.9,-200,10.0,79.6,186.03378899999998,206.1150855
02.10.04,19:00:00,-200.0,20.7,-200,23.9,54.6,,
14.07.04,16:00:00,2.1,11.7,136,32.3,16.7,,
09.06.04,22:00:00,1.9,11.7,107,26.5,38.6,,
22.05.04,14:00:00,1.4,8.3,76,28.3,27.8,118.15000619999999,66.01345429
01.07.04,22:00:00,2.1,11.6,112,27.7,39.3,,
08.08.04,23:00:00,1.7,9.0,89,26.6,56.4,,
26.10.04,21:00:00,2.1,9.8,95,21.0,57.4,,
24.09.04,22:00:00,0.6,2.0,60,14.9,60.5,,
23.07.04,8:00:00,3.8,25.5,120,26.6,42.8,,
01.03.05,20:00:00,2.8,9.5,156,1.4,36.5,,
16.10.04,21:00:00,-200.0,6.2,-200,15.1,78.9,,
01.07.04,10:00:00,2.7,13.3,149,31.6,39.4,,
06.05.04,10:00:00,2.5,12.5,114,20.2,37.7,43.79209415,129.1746329
22.01.05,7:00:00,0.5,13.2,193,5.6,80.4,,
24.04.04,11:00:00,2.6,14.4,114,26.8,29.5,187.2636213,203.7618626
09.01.05,0:00:00,1.7,6.3,127,14.0,61.4,,
05.03.05,9:00:00,2.3,8.7,185,7.0,48.1,,
11.04.04,9:00:00,1.0,3.9,51,13.0,47.9,155.84239169999998,141.8457956
19.10.04,12:00:00,-200.0,26.5,-200,19.4,61.1,,
31.12.04,7:00:00,-200.0,1.1,-200,8.1,47.8,,
21.07.04,15:00:00,-200.0,10.3,107,42.0,14.2,,
31.01.05,10:00:00,3.5,15.1,283,6.6,34.4,,
19.02.05,23:00:00,1.9,7.7,181,9.3,41.9,,
09.08.04,13:00:00,1.4,7.7,65,34.2,31.5,,
18.02.05,5:00:00,0.4,0.8,35,6.9,48.1,,
28.03.04,3:00:00,2.2,8.3,-200,8.2,66.7,80.57072757,111.48326940000001
16.09.04,16:00:00,2.3,12.0,110,23.7,45.4,,
29.01.05,1:00:00,1.0,-200.0,85,-200.0,-200.0,,
24.03.05,18:00:00,2.7,14.6,153,21.3,37.8,,
07.09.04,0:00:00,1.2,5.2,-200,24.6,40.5,,
26.06.04,1:00:00,1.0,5.1,69,22.4,34.9,,
16.05.04,2:00:00,0.9,4.6,54,16.7,43.4,111.78142450000001,64.81555832
15.11.04,8:00:00,2.0,8.7,167,10.7,37.9,,
23.11.04,22:00:00,4.7,21.8,147,10.0,82.5,,
01.10.04,6:00:00,1.6,9.8,69,18.8,71.8,,
08.06.04,3:00:00,0.4,1.7,-200,20.9,52.5,,
24.03.05,8:00:00,3.1,19.8,107,13.4,55.1,,
14.02.05,16:00:00,1.1,5.2,120,13.0,27.4,,
11.03.05,17:00:00,1.3,10.4,168,18.2,28.1,,
11.08.04,20:00:00,1.4,7.8,57,31.4,40.7,,
12.03.05,0:00:00,1.0,5.7,174,10.3,55.9,,
13.05.04,9:00:00,2.4,10.6,119,16.6,55.6,115.0128243,70.84363885
13.04.04,6:00:00,1.6,6.9,99,10.0,68.7,127.3221368,155.1229129
29.11.04,20:00:00,1.9,7.3,98,16.8,58.7,,
15.04.04,22:00:00,2.5,9.3,111,14.9,59.1,131.6203596,155.62584030000002
02.04.04,14:00:00,2.7,14.7,126,24.7,30.5,83.79163213,100.67952259999998
01.02.05,14:00:00,4.2,18.8,179,11.8,44.4,,
08.09.04,22:00:00,2.6,14.6,146,25.1,32.3,,
20.07.04,20:00:00,-200.0,15.5,126,32.6,26.3,,
22.03.05,4:00:00,0.5,1.2,70,12.0,65.2,,
07.02.05,15:00:00,1.3,4.9,156,12.2,24.0,,
11.02.05,1:00:00,2.2,-200.0,136,-200.0,-200.0,,
20.03.05,20:00:00,4.0,14.8,176,16.0,54.9,,
05.09.04,6:00:00,0.7,2.2,-200,25.4,38.6,,
03.05.04,7:00:00,3.4,21.1,101,16.8,62.5,56.84238995,146.83025759999998
03.03.05,14:00:00,1.6,5.3,148,6.1,66.0,,
04.08.04,1:00:00,-200.0,8.0,87,27.3,51.5,,
07.10.04,9:00:00,-200.0,22.2,-200,22.5,57.0,,
03.04.04,20:00:00,-200.0,14.2,-200,19.9,47.5,73.74945486,114.1052463
06.06.04,6:00:00,0.7,3.1,46,16.8,77.4,,
12.01.05,18:00:00,4.7,25.4,177,14.3,56.3,,
09.11.04,14:00:00,-200.0,14.8,-200,12.5,42.8,,
26.03.04,12:00:00,2.0,11.0,97,19.2,27.1,78.45831265,110.96604860000001
06.03.05,2:00:00,0.9,2.1,100,7.2,47.8,,
14.04.04,18:00:00,-200.0,12.6,-200,18.6,34.7,144.8352257,169.293014
14.10.04,1:00:00,-200.0,2.2,-200,15.0,56.4,,
11.12.04,22:00:00,2.0,9.0,118,11.2,45.1,,
14.07.04,14:00:00,2.0,14.4,127,35.7,13.6,,
18.07.04,17:00:00,0.3,4.8,53,40.1,13.6,,
27.10.04,20:00:00,2.8,15.3,94,18.2,71.4,,
10.09.04,2:00:00,0.5,3.5,58,23.7,39.1,,
27.09.04,10:00:00,1.9,9.1,103,22.2,33.6,,
18.11.04,6:00:00,1.4,6.6,122,6.1,76.7,,
19.10.04,5:00:00,-200.0,7.0,-200,15.2,73.1,,
11.12.04,13:00:00,2.3,8.8,120,18.3,19.5,,
28.03.04,6:00:00,1.1,3.6,62,7.7,66.4,71.96734729,108.5631438
08.01.05,4:00:00,1.2,3.4,88,7.9,69.3,,
07.10.04,2:00:00,-200.0,3.7,-200,20.3,66.3,,
10.12.04,0:00:00,0.6,1.9,58,11.9,54.6,,
05.07.04,19:00:00,3.5,19.1,176,33.6,22.9,,
14.08.04,5:00:00,0.4,1.9,29,25.6,53.5,,
05.05.04,13:00:00,3.7,19.7,114,16.8,66.8,42.63159758,150.8202284
01.12.04,7:00:00,1.4,7.0,96,8.7,80.8,,
08.02.05,7:00:00,1.0,3.0,146,5.9,45.1,,
30.06.04,7:00:00,2.2,15.2,106,27.3,46.4,,
11.05.04,0:00:00,0.9,6.0,78,14.2,64.1,126.7842712,66.79270585
11.04.04,11:00:00,1.8,7.3,90,20.2,29.2,140.16465,155.1174894
20.08.04,8:00:00,-200.0,12.9,-200,27.9,54.9,,
28.10.04,7:00:00,3.4,20.0,88,15.7,76.4,,
06.07.04,11:00:00,2.2,13.7,132,34.2,27.2,,
06.06.04,18:00:00,1.2,5.9,72,23.9,36.8,,
09.01.05,3:00:00,0.8,3.4,-200,13.6,62.2,,
02.12.04,18:00:00,7.7,37.6,171,15.8,70.7,,
11.03.04,20:00:00,6.1,24.0,165,9.6,67.8,45.15958535,52.55458219
24.05.04,19:00:00,2.1,12.0,114,21.2,18.9,,
27.07.04,7:00:00,-200.0,9.2,115,24.7,46.8,,
05.02.05,15:00:00,0.8,3.3,110,9.7,30.8,,
09.09.04,14:00:00,2.5,16.2,168,35.1,17.5,,
21.11.04,8:00:00,0.2,4.9,116,1.3,65.3,,
19.10.04,8:00:00,-200.0,37.9,-200,15.8,71.7,,
15.06.04,18:00:00,3.1,16.7,148,30.8,28.7,,
29.07.04,14:00:00,-200.0,7.1,95,34.8,19.5,,
23.10.04,5:00:00,0.7,4.6,43,18.1,72.1,,
09.12.04,9:00:00,2.0,7.4,114,14.5,56.5,,
29.08.04,0:00:00,-200.0,6.4,-200,24.5,56.3,,
02.08.04,10:00:00,1.9,11.1,115,32.7,36.9,,
30.07.04,15:00:00,-200.0,10.8,121,39.1,18.7,,
23.05.04,15:00:00,1.1,4.9,57,26.8,27.3,121.9342274,64.82477905
09.01.05,12:00:00,1.9,8.1,127,15.0,56.2,,
18.02.05,6:00:00,0.5,1.3,60,6.4,50.2,,
05.05.04,14:00:00,3.9,19.4,120,17.3,62.6,54.73391855,140.3550803
27.08.04,5:00:00,0.7,-200.0,53,-200.0,-200.0,,
14.11.04,9:00:00,0.3,0.4,39,10.7,36.0,,
31.03.04,8:00:00,4.1,19.9,115,13.2,61.1,72.02016091,106.40955459999998
14.06.04,6:00:00,0.7,3.5,62,20.3,49.3,,
01.10.04,17:00:00,5.6,26.5,169,25.8,46.9,,
26.09.04,21:00:00,1.8,7.7,112,18.7,39.7,,
02.02.05,22:00:00,1.8,7.0,193,5.8,42.0,,
27.03.05,8:00:00,1.1,3.6,78,15.2,71.5,,
29.07.04,10:00:00,-200.0,17.9,171,31.8,19.4,,
02.03.05,17:00:00,2.0,8.4,178,11.6,15.3,,
15.09.04,22:00:00,1.8,10.3,74,22.1,67.3,,
29.01.05,10:00:00,1.1,2.8,101,2.5,51.0,,
03.11.04,1:00:00,2.6,13.2,62,18.0,71.5,,
16.09.04,6:00:00,1.4,10.1,53,19.7,74.4,,
10.11.04,23:00:00,2.7,13.4,167,10.2,71.3,,
26.09.04,15:00:00,0.9,3.1,69,22.1,29.5,,
08.01.05,1:00:00,2.4,6.7,114,6.4,76.3,,
13.04.04,19:00:00,5.0,21.7,144,14.7,47.0,141.1131574,166.6810513
16.06.04,14:00:00,2.2,14.1,107,32.4,25.7,,
24.03.05,2:00:00,0.9,3.8,109,15.3,49.2,,
24.05.04,9:00:00,1.3,6.9,56,19.2,23.8,127.64891999999999,70.45313487
09.05.04,2:00:00,-200.0,8.3,-200,12.6,65.4,126.75991359999999,64.88512589999999
17.06.04,20:00:00,2.9,14.3,124,27.3,37.5,,
14.11.04,16:00:00,0.6,1.3,59,9.6,44.2,,
30.09.04,0:00:00,0.9,5.7,79,19.4,50.3,,
12.12.04,11:00:00,2.4,8.9,116,12.6,39.9,,
18.03.04,19:00:00,5.1,26.4,168,20.7,31.1,50.73275519,60.3534887
07.02.05,22:00:00,1.0,2.7,117,7.1,39.6,,
01.03.05,22:00:00,1.0,2.4,116,0.6,34.1,,
08.03.05,22:00:00,2.4,8.4,206,7.5,44.0,,
06.04.04,21:00:00,1.8,8.5,90,15.7,49.4,149.4249134,154.6623644
15.05.04,0:00:00,1.9,9.7,103,19.1,38.3,123.5165471,69.67546136
02.06.04,5:00:00,-200.0,2.4,23,20.0,63.7,,
15.09.04,4:00:00,-200.0,3.4,-200,20.5,78.0,,
07.05.04,15:00:00,1.9,8.4,106,19.2,35.6,35.00352494,129.6236031
06.01.05,7:00:00,0.7,2.6,69,12.3,62.7,,
23.07.04,22:00:00,1.7,11.0,86,29.0,36.6,,
15.08.04,23:00:00,0.9,5.0,55,28.3,34.1,,
07.10.04,1:00:00,-200.0,5.0,-200,21.4,60.6,,
23.03.04,17:00:00,3.0,13.8,122,13.6,54.6,77.28257201,100.8105568
06.09.04,13:00:00,1.4,6.0,-200,29.4,28.3,,
03.11.04,12:00:00,3.4,19.7,124,26.2,43.5,,
24.03.05,13:00:00,3.3,17.3,147,17.6,59.7,,
01.08.04,10:00:00,0.9,5.8,48,32.4,37.3,,
03.11.04,22:00:00,2.8,15.6,86,20.5,63.0,,
12.05.04,8:00:00,5.9,37.4,110,17.0,56.8,123.8429518,70.83694426
06.10.04,9:00:00,-200.0,25.8,-200,20.4,61.2,,
05.04.04,8:00:00,-200.0,25.8,-200,14.5,58.8,120.85267040000001,145.2941701
02.12.04,1:00:00,1.9,5.5,96,11.7,77.8,,
26.09.04,5:00:00,0.9,4.5,55,12.5,63.2,,
29.12.04,8:00:00,-200.0,3.4,-200,10.1,64.6,,
31.03.04,7:00:00,3.1,15.6,110,13.8,58.2,70.47730339,111.9930137
04.08.04,10:00:00,-200.0,8.2,-200,33.0,35.4,,
25.11.04,3:00:00,2.1,8.7,-200,5.1,84.0,,
19.07.04,5:00:00,0.3,4.1,75,21.2,46.3,,
30.09.04,11:00:00,-200.0,23.5,-200,21.3,50.1,,
15.07.04,8:00:00,4.0,25.2,151,22.9,47.9,,
27.01.05,6:00:00,0.5,0.7,61,4.3,42.5,,
22.10.04,19:00:00,6.8,35.1,135,23.3,58.1,,
23.07.04,15:00:00,1.5,12.3,123,43.1,13.8,,
23.03.04,0:00:00,0.9,3.8,72,13.8,51.4,78.24927491,118.3045257
16.09.04,20:00:00,2.9,13.8,117,21.3,54.8,,
08.07.04,11:00:00,3.2,20.3,189,33.4,26.8,,
23.10.04,18:00:00,4.0,21.0,115,23.3,57.9,,
15.08.04,16:00:00,0.5,3.0,36,37.9,15.9,,
26.11.04,1:00:00,2.3,9.7,117,9.1,65.7,,
25.12.04,18:00:00,4.6,17.8,184,11.2,70.8,,
30.12.04,22:00:00,-200.0,3.1,-200,8.0,47.6,,
26.10.04,4:00:00,-200.0,4.3,42,15.0,77.9,,
27.08.04,9:00:00,2.3,-200.0,83,-200.0,-200.0,,
21.05.04,2:00:00,0.3,2.5,58,20.0,41.5,117.14415079999999,63.07226084
27.05.04,23:00:00,-200.0,9.6,-200,19.4,38.1,,
16.03.04,12:00:00,3.3,18.3,154,24.4,27.4,29.582120399999997,52.77761067
12.07.04,12:00:00,2.1,12.1,104,28.5,27.3,,
01.05.04,1:00:00,2.4,9.3,84,17.3,68.3,40.52404279,171.91915690000002
03.05.04,19:00:00,3.7,19.4,120,23.5,43.7,39.51956711,152.2347877
19.05.04,15:00:00,2.3,14.0,125,31.6,21.0,118.0608961,70.43932786
15.04.04,18:00:00,5.9,28.1,149,18.3,44.1,127.235279,167.75238969999998
04.09.04,16:00:00,2.3,11.9,-200,40.7,17.0,,
27.06.04,14:00:00,0.7,4.0,50,41.3,12.8,,
31.12.04,11:00:00,-200.0,4.5,-200,10.8,36.3,,
06.01.05,13:00:00,2.0,8.5,138,16.3,51.5,,
13.03.05,6:00:00,-200.0,0.9,42,13.3,50.1,,
23.08.04,10:00:00,-200.0,9.2,-200,30.3,30.9,,
23.02.05,0:00:00,1.5,4.3,142,4.2,78.2,,
27.04.04,10:00:00,1.9,8.2,99,22.8,29.1,189.2170551,219.78590830000002
09.10.04,3:00:00,0.9,5.4,-200,21.0,64.4,,
01.02.05,9:00:00,4.8,22.1,198,3.7,61.7,,
07.05.04,7:00:00,3.7,19.8,106,14.9,56.9,33.17437979,175.8230618
17.11.04,10:00:00,3.2,14.6,213,11.4,45.4,,
28.04.04,3:00:00,0.6,2.7,-200,14.2,56.9,182.6051985,220.06225030000002
06.12.04,6:00:00,0.9,3.8,72,12.0,80.1,,
27.10.04,0:00:00,2.0,9.2,80,17.6,80.5,,
18.08.04,23:00:00,1.4,6.4,53,28.0,52.9,,
06.04.04,2:00:00,0.5,1.5,39,15.0,59.2,135.76414530000002,141.8242017
13.08.04,10:00:00,1.5,7.9,93,33.4,35.1,,
21.01.05,19:00:00,1.6,20.3,194,12.0,56.5,,
14.07.04,21:00:00,2.9,16.7,159,27.8,26.6,,
23.07.04,3:00:00,0.9,5.5,-200,24.8,48.5,,
16.12.04,22:00:00,5.4,-200.0,186,-200.0,-200.0,,
15.09.04,20:00:00,4.4,20.1,135,23.9,58.9,,
20.03.04,22:00:00,2.3,9.9,111,16.2,55.4,45.81610826,54.71550956
24.04.04,4:00:00,-200.0,3.8,60,16.9,49.8,184.9994519,207.40670409999998
26.06.04,14:00:00,1.0,5.9,69,38.3,15.8,,
03.04.04,4:00:00,0.8,3.0,74,14.5,58.0,86.77143689,109.38647730000001
26.10.04,18:00:00,9.5,52.1,180,22.5,61.5,,
29.03.04,16:00:00,1.5,5.8,90,18.0,27.1,89.57170579999999,103.20924529999999
08.02.05,16:00:00,1.5,4.4,156,13.6,20.0,,
08.07.04,8:00:00,3.2,23.2,119,28.5,32.5,,
25.09.04,15:00:00,0.9,3.9,14,20.2,28.6,,
11.06.04,16:00:00,1.9,12.3,120,36.4,15.1,,
29.07.04,21:00:00,-200.0,13.8,135,28.5,32.1,,
27.12.04,14:00:00,1.4,5.0,97,15.0,57.2,,
10.06.04,7:00:00,2.9,19.9,104,21.7,53.9,,
08.05.04,19:00:00,-200.0,17.0,-200,16.7,44.6,127.22742,61.14427103
21.12.04,8:00:00,2.6,13.4,167,5.1,40.8,,
01.05.04,16:00:00,2.0,8.3,91,25.5,33.5,38.0587708,146.304654
15.03.05,5:00:00,0.4,1.2,59,10.1,64.5,,
12.07.04,23:00:00,1.6,7.1,101,20.9,39.4,,
14.01.05,19:00:00,5.8,26.4,189,7.9,77.1,,
20.10.04,12:00:00,-200.0,28.1,-200,23.8,59.9,,
05.10.04,1:00:00,-200.0,3.7,-200,19.7,63.4,,
12.08.04,16:00:00,1.1,5.7,69,38.1,26.3,,
04.04.05,2:00:00,0.5,1.5,55,12.1,56.3,,
28.03.05,22:00:00,1.6,6.1,120,15.2,65.8,,
10.03.05,10:00:00,3.5,13.7,199,11.7,49.3,,
31.10.04,15:00:00,1.6,11.6,62,23.2,63.9,,
29.03.05,15:00:00,2.7,12.3,153,18.3,57.9,,
02.09.04,16:00:00,-200.0,13.7,-200,38.7,17.3,,
29.11.04,17:00:00,1.9,8.1,107,18.0,51.9,,
03.06.04,1:00:00,-200.0,6.9,49,20.3,70.9,,
06.09.04,23:00:00,1.2,4.8,-200,25.0,37.3,,
03.05.04,20:00:00,3.2,13.1,113,19.3,63.1,40.26968549,138.8308019
04.01.05,9:00:00,3.6,-200.0,170,-200.0,-200.0,,
11.05.04,20:00:00,5.0,26.1,159,21.1,40.2,127.8988638,65.38487565
08.08.04,21:00:00,1.7,8.1,98,28.1,50.6,,
09.12.04,2:00:00,0.8,2.0,66,14.7,67.3,,
05.03.05,10:00:00,1.1,3.1,121,10.0,37.7,,
25.10.04,2:00:00,0.9,4.4,44,16.5,75.5,,
01.04.05,14:00:00,1.0,3.3,111,19.2,27.0,,
22.03.05,7:00:00,0.9,3.8,93,10.3,70.9,,
01.07.04,9:00:00,2.9,14.6,134,28.2,47.1,,
08.10.04,12:00:00,3.3,19.6,101,26.4,45.8,,
01.12.04,9:00:00,5.0,24.6,145,9.5,78.3,,
27.09.04,21:00:00,2.4,11.3,128,18.1,39.9,,
24.01.05,18:00:00,1.5,10.4,180,7.8,39.7,,
18.02.05,9:00:00,2.5,9.8,199,8.4,44.6,,
10.08.04,13:00:00,0.9,4.8,64,38.8,23.7,,
08.10.04,8:00:00,4.3,24.8,75,19.5,66.9,,
30.01.05,18:00:00,1.1,2.0,123,6.3,28.8,,
16.11.04,22:00:00,2.2,7.8,142,10.7,47.5,,
12.03.05,13:00:00,0.3,5.8,128,18.0,35.4,,
14.06.04,18:00:00,2.3,10.2,103,23.5,41.2,,
12.02.05,1:00:00,4.3,12.9,229,5.3,66.8,,
27.04.04,0:00:00,0.8,2.2,51,15.4,43.0,178.94011740000002,220.5148148
17.03.05,13:00:00,2.0,10.2,174,26.7,22.6,,
25.04.04,4:00:00,-200.0,1.2,33,12.5,51.2,172.5845805,202.5994513
23.09.04,21:00:00,2.3,12.6,116,25.1,50.5,,
12.04.04,18:00:00,1.3,3.9,91,11.0,58.9,157.4457094,144.240492
12.08.04,23:00:00,1.6,8.5,67,27.8,57.4,,
18.07.04,1:00:00,1.2,5.5,70,26.3,33.1,,
07.08.04,3:00:00,0.6,2.6,-200,23.3,63.3,,
16.03.05,14:00:00,2.5,11.0,169,26.8,17.9,,
25.09.04,20:00:00,2.7,10.8,81,19.3,32.3,,
07.09.04,4:00:00,0.6,4.4,-200,22.4,47.2,,
09.03.05,10:00:00,3.8,18.5,215,8.3,43.5,,
08.08.04,20:00:00,1.5,7.3,79,29.0,46.1,,
01.04.05,0:00:00,0.7,1.5,61,15.1,44.5,,
27.03.05,1:00:00,1.3,4.3,93,16.5,63.8,,
10.01.05,21:00:00,3.3,14.6,136,13.2,69.1,,
29.03.04,12:00:00,1.4,5.5,78,16.5,29.0,78.71656242,104.834352
20.07.04,1:00:00,-200.0,6.8,79,27.2,36.9,,
12.04.04,20:00:00,1.2,3.7,82,10.6,57.7,130.3749901,166.3581163
28.07.04,19:00:00,-200.0,15.5,143,32.3,20.7,,
16.11.04,1:00:00,1.0,2.8,76,11.2,42.0,,
02.04.04,9:00:00,5.0,20.7,139,13.6,65.3,83.12396513,118.16652549999999
12.01.05,8:00:00,3.8,17.8,138,8.7,79.4,,
09.09.04,23:00:00,1.5,9.3,114,26.2,35.7,,
16.08.04,16:00:00,1.0,5.0,60,39.7,15.3,,
18.10.04,14:00:00,-200.0,18.5,-200,19.9,55.4,,
08.01.05,10:00:00,3.0,11.3,133,8.9,66.7,,
12.10.04,16:00:00,-200.0,7.9,-200,17.9,52.6,,
03.04.05,7:00:00,0.6,1.7,84,8.9,52.7,,
10.11.04,3:00:00,0.3,0.8,-200,7.9,68.0,,
28.01.05,15:00:00,1.6,5.1,167,4.2,49.5,,
17.06.04,10:00:00,1.9,10.0,125,28.0,36.6,,
31.05.04,17:00:00,3.0,21.4,159,26.9,32.2,,
31.12.04,18:00:00,-200.0,6.1,-200,9.8,34.0,,
16.08.04,2:00:00,0.5,3.1,20,24.5,41.5,,
16.04.04,6:00:00,2.0,10.0,87,11.7,75.3,140.3853111,166.6491252
03.04.04,12:00:00,-200.0,13.4,-200,23.3,35.8,76.60184844,118.89199679999999
03.02.05,23:00:00,2.1,9.1,203,6.5,63.1,,
13.02.05,6:00:00,2.6,10.9,150,8.3,84.0,,
26.08.04,12:00:00,1.6,-200.0,77,-200.0,-200.0,,
11.05.04,14:00:00,2.0,11.6,86,24.2,31.2,130.6035592,62.98874521
20.08.04,6:00:00,-200.0,4.5,-200,26.1,59.0,,
11.03.05,5:00:00,0.7,2.1,89,4.9,55.2,,
05.01.05,0:00:00,1.7,-200.0,129,-200.0,-200.0,,
09.11.04,20:00:00,4.7,16.5,-200,8.8,76.6,,
14.03.04,19:00:00,4.6,20.6,157,18.4,41.7,33.13990173,54.85894242
20.01.05,21:00:00,2.8,13.0,150,8.7,48.3,,
09.03.05,0:00:00,1.4,5.2,145,5.5,49.6,,
08.12.04,21:00:00,3.5,9.2,121,13.9,76.7,,
18.12.04,9:00:00,3.2,16.1,143,9.3,71.2,,
18.09.04,17:00:00,1.5,6.5,100,28.4,28.3,,
26.12.04,1:00:00,1.6,6.0,117,11.6,80.0,,
17.06.04,16:00:00,1.7,9.5,102,30.9,30.3,,
17.08.04,2:00:00,0.5,2.9,36,25.7,43.8,,
14.11.04,23:00:00,0.8,2.3,73,11.3,32.3,,
18.01.05,20:00:00,4.2,21.7,184,6.4,82.9,,
24.02.05,9:00:00,3.8,14.5,269,3.9,83.9,,
20.02.05,11:00:00,1.0,2.5,94,10.6,45.8,,
27.11.04,5:00:00,2.0,7.3,97,13.2,75.8,,
23.03.05,6:00:00,0.7,3.6,71,14.2,68.3,,
29.08.04,8:00:00,-200.0,4.8,-200,22.7,58.1,,
05.01.05,5:00:00,1.7,6.8,109,7.6,72.7,,
15.02.05,15:00:00,1.0,3.5,111,11.9,19.2,,
10.06.04,10:00:00,3.1,16.9,151,30.1,34.3,,
19.03.04,15:00:00,3.5,19.0,139,16.4,47.5,38.42220876,52.56436663
03.01.05,17:00:00,3.3,-200.0,162,-200.0,-200.0,,
04.09.04,23:00:00,2.6,13.3,-200,29.6,24.3,,
06.07.04,22:00:00,2.1,12.8,108,28.8,25.1,,
07.06.04,4:00:00,-200.0,2.1,34,17.2,57.9,,
15.06.04,0:00:00,1.2,5.1,79,21.6,46.0,,
01.02.05,22:00:00,3.0,6.1,150,7.3,43.8,,
10.04.04,10:00:00,1.9,8.4,90,16.6,44.4,132.38921580000002,145.5351682
29.08.04,1:00:00,-200.0,6.9,-200,23.5,59.8,,
01.01.05,7:00:00,1.4,4.5,97,3.0,60.7,,
30.01.05,11:00:00,0.8,2.0,77,5.6,37.5,,
15.03.04,2:00:00,1.8,7.0,88,13.4,61.3,46.74021532,52.77342717
22.02.05,9:00:00,5.4,24.0,243,4.6,80.3,,
09.04.04,10:00:00,2.4,-200.0,119,-200.0,-200.0,159.10332209999999,143.49980449999998
12.01.05,11:00:00,3.5,16.5,191,11.8,65.5,,
30.10.04,13:00:00,3.4,17.3,133,22.6,61.1,,
30.11.04,4:00:00,0.6,1.2,42,13.8,81.3,,
24.10.04,1:00:00,2.1,11.8,68,19.5,70.7,,
03.01.05,15:00:00,1.7,-200.0,122,-200.0,-200.0,,
11.12.04,23:00:00,2.5,11.6,120,8.8,52.5,,
30.03.04,23:00:00,1.5,4.7,91,14.9,43.5,88.07715309999999,120.49104550000001
19.06.04,22:00:00,1.7,-200.0,95,-200.0,-200.0,,
08.10.04,1:00:00,1.2,6.5,53,20.3,62.5,,
15.03.04,23:00:00,1.4,6.9,101,15.3,61.4,36.28890556,60.8260689
12.08.04,6:00:00,0.7,4.5,41,26.5,60.6,,
12.06.04,3:00:00,0.5,3.2,-200,22.6,34.8,,
10.10.04,0:00:00,3.7,17.2,103,24.7,56.9,,
04.07.04,1:00:00,1.1,6.4,71,24.5,44.4,,
15.08.04,19:00:00,1.0,4.6,81,32.6,24.6,,
24.09.04,9:00:00,5.6,29.4,160,23.0,56.4,,
27.04.04,16:00:00,2.2,12.5,99,27.2,22.1,171.76645380000002,202.4755743
29.05.04,8:00:00,0.6,4.0,77,18.9,42.1,,
23.03.04,20:00:00,3.3,14.3,128,11.5,58.2,84.51562703,109.66018799999999
04.02.05,8:00:00,4.0,19.7,306,2.3,70.9,,
02.01.05,23:00:00,3.1,-200.0,162,-200.0,-200.0,,
26.03.04,13:00:00,2.3,12.5,99,19.1,26.2,78.18266247,109.27274320000001
24.10.04,22:00:00,1.2,7.1,62,20.2,65.8,,
20.10.04,10:00:00,-200.0,23.1,-200,23.0,61.8,,
05.08.04,0:00:00,-200.0,6.6,-200,25.0,53.6,,
03.12.04,14:00:00,3.3,18.1,138,17.9,66.3,,
16.02.05,9:00:00,3.3,13.4,260,7.8,37.6,,
13.03.04,6:00:00,1.2,2.9,60,7.2,67.5,30.03901633,58.37014235
11.08.04,10:00:00,1.8,9.5,67,33.6,41.0,,
25.02.05,3:00:00,1.1,3.4,-200,5.0,82.9,,
26.08.04,0:00:00,1.5,7.0,84,24.3,43.3,,
12.09.04,5:00:00,-200.0,2.3,-200,21.8,55.2,,
22.01.05,19:00:00,0.4,12.2,167,12.2,28.7,,
27.06.04,15:00:00,0.7,4.2,54,41.8,11.9,,
28.07.04,7:00:00,-200.0,13.6,96,20.9,40.4,,
11.10.04,15:00:00,2.5,14.1,97,21.9,57.6,,
08.05.04,22:00:00,-200.0,9.3,-200,13.8,58.3,116.4229327,70.12450765
30.10.04,5:00:00,1.0,5.4,76,16.7,79.7,,
30.12.04,16:00:00,-200.0,5.6,-200,12.3,29.7,,
28.07.04,1:00:00,-200.0,6.8,77,23.6,31.9,,
13.03.04,3:00:00,1.7,5.4,-200,7.8,67.5,32.88292008,56.7784956
30.10.04,12:00:00,3.7,18.7,160,22.4,60.8,,
07.12.04,18:00:00,3.1,14.3,115,15.4,57.9,,
09.01.05,5:00:00,0.6,1.8,44,13.5,63.8,,
02.05.04,10:00:00,1.6,8.5,79,21.3,44.7,46.94637023,163.6447671
22.03.04,19:00:00,4.4,21.0,143,15.6,47.4,48.53628182,57.07262814
23.10.04,1:00:00,1.1,6.0,57,19.9,67.5,,
01.03.05,11:00:00,0.9,2.3,109,3.1,29.1,,
28.01.05,16:00:00,1.3,3.9,138,3.4,50.7,,
02.03.05,3:00:00,0.5,0.9,-200,-1.1,41.4,,
15.12.04,22:00:00,2.1,-200.0,105,-200.0,-200.0,,
17.06.04,14:00:00,1.7,9.8,106,31.3,28.7,,
07.05.04,4:00:00,-200.0,2.2,41,14.0,67.8,51.64541818,175.35100419999998
05.10.04,15:00:00,-200.0,14.6,-200,28.5,37.3,,
08.05.04,3:00:00,-200.0,1.5,-200,14.3,51.7,120.59731229999998,60.62404175
19.08.04,9:00:00,1.0,6.3,39,31.0,42.9,,
16.01.05,11:00:00,1.0,2.6,96,10.7,34.4,,
01.10.04,15:00:00,2.4,12.9,105,25.4,47.4,,
18.12.04,18:00:00,1.2,4.6,102,12.4,19.6,,
08.06.04,1:00:00,0.7,4.2,55,21.0,51.9,,
04.07.04,9:00:00,1.0,6.0,65,25.4,49.3,,
01.01.05,14:00:00,2.4,8.9,153,10.9,35.9,,
06.05.04,19:00:00,2.1,11.0,97,15.0,61.4,35.28535024,128.8876936
08.03.05,7:00:00,1.3,5.5,144,0.3,61.0,,
15.05.04,13:00:00,1.7,9.2,87,25.5,22.6,121.8637196,65.01571307
22.11.04,11:00:00,2.7,25.4,239,6.8,49.8,,
03.03.05,1:00:00,1.4,4.2,138,4.4,43.3,,
27.01.05,2:00:00,0.2,2.5,74,4.1,42.1,,
24.07.04,3:00:00,0.8,6.0,-200,25.8,46.6,,
30.05.04,6:00:00,0.1,2.9,45,17.3,47.6,,
23.03.04,8:00:00,3.0,14.2,130,10.0,74.2,76.37258282,115.3791294
21.04.04,14:00:00,-200.0,9.6,-200,26.3,24.8,182.176298,219.7454699
04.03.05,19:00:00,3.6,14.9,189,8.9,52.5,,
22.03.04,20:00:00,4.5,21.0,146,15.3,47.4,46.96876443,56.49857769
03.11.04,8:00:00,2.2,15.5,75,18.8,62.5,,
21.05.04,1:00:00,0.6,3.8,64,20.1,42.0,114.4468341,61.76599399
01.03.05,0:00:00,0.6,1.2,69,1.0,37.4,,
27.03.05,18:00:00,1.6,4.4,122,13.8,83.5,,
11.08.04,2:00:00,0.8,5.3,36,26.7,60.7,,
31.08.04,3:00:00,-200.0,2.1,-200,24.1,55.5,,
11.09.04,12:00:00,-200.0,9.7,-200,33.8,21.9,,
25.09.04,10:00:00,1.1,4.3,64,18.2,41.9,,
27.01.05,20:00:00,3.0,11.5,202,4.7,38.3,,
18.08.04,2:00:00,-200.0,5.4,-200,24.4,42.5,,
04.04.04,23:00:00,-200.0,6.4,-200,15.3,60.8,85.36638224,113.58241809999998
11.07.04,14:00:00,0.2,2.5,19,32.2,20.0,,
27.03.05,9:00:00,1.1,4.4,79,14.5,80.8,,
10.03.05,13:00:00,2.3,9.8,-200,18.8,26.2,,
06.05.04,2:00:00,0.5,1.2,30,12.6,72.2,30.44191681,166.43616619999997
07.12.04,8:00:00,2.8,12.6,98,11.7,68.9,,
05.04.04,20:00:00,3.1,13.6,116,17.9,49.4,156.0834277,168.2306144
20.03.05,11:00:00,2.4,8.8,166,17.0,47.5,,
15.01.05,13:00:00,3.1,15.6,179,8.9,60.8,,
05.01.05,14:00:00,3.1,13.2,155,14.3,61.2,,
02.08.04,16:00:00,1.4,9.5,117,38.0,22.2,,
02.05.04,23:00:00,2.0,8.3,121,19.1,44.1,41.50128595,135.6186438
15.08.04,6:00:00,0.4,2.0,27,22.7,59.2,,
02.11.04,0:00:00,2.3,10.5,62,18.4,76.3,,
07.03.05,6:00:00,0.5,0.8,59,5.2,54.5,,
26.11.04,18:00:00,10.1,45.2,255,15.5,62.8,,
26.09.04,0:00:00,2.4,10.9,97,17.0,43.0,,
03.01.05,21:00:00,3.2,-200.0,163,-200.0,-200.0,,
17.11.04,11:00:00,-200.0,16.0,-200,14.1,39.2,,
22.12.04,18:00:00,2.9,9.9,153,6.8,36.1,,
06.01.05,12:00:00,1.6,5.9,128,15.6,54.0,,
28.02.05,23:00:00,0.7,1.4,79,1.0,34.3,,
07.04.04,0:00:00,0.9,4.0,67,15.7,45.9,140.0763983,156.7336082
16.10.04,14:00:00,-200.0,4.5,-200,20.8,37.4,,
01.07.04,19:00:00,4.4,22.9,179,32.5,30.9,,
02.10.04,0:00:00,-200.0,10.9,-200,20.6,64.0,,
25.11.04,9:00:00,4.8,22.9,137,6.7,72.6,,
16.07.04,13:00:00,2.1,11.9,120,36.5,16.7,,
21.02.05,8:00:00,2.2,10.9,164,5.1,75.0,,
30.11.04,13:00:00,1.9,9.4,103,14.9,59.9,,
17.03.05,18:00:00,2.7,15.0,165,22.7,24.4,,
10.07.04,4:00:00,0.3,2.6,33,22.4,49.7,,
16.03.05,20:00:00,4.4,23.1,223,18.4,38.8,,
09.02.05,21:00:00,2.9,-200.0,187,-200.0,-200.0,,
06.01.05,23:00:00,1.7,5.9,112,10.5,72.0,,
10.07.04,7:00:00,0.9,5.9,74,22.0,51.0,,
01.11.04,1:00:00,3.7,17.8,77,20.1,71.1,,
19.02.05,22:00:00,2.8,10.4,214,9.1,41.9,,
08.05.04,11:00:00,-200.0,10.1,-200,13.8,72.3,120.4252207,61.84726257
03.11.04,17:00:00,3.2,16.3,107,25.1,47.6,,
26.05.04,2:00:00,-200.0,-200.0,-200,-200.0,-200.0,,
22.09.04,8:00:00,5.5,34.3,119,20.1,62.7,,
26.11.04,14:00:00,5.6,27.2,208,15.8,56.3,,
08.03.05,2:00:00,1.2,3.1,147,2.0,53.5,,
28.07.04,12:00:00,-200.0,11.3,94,35.4,15.3,,
24.12.04,0:00:00,4.6,17.2,187,6.0,55.6,,
13.07.04,16:00:00,1.7,8.8,90,28.3,21.3,,
30.04.04,6:00:00,1.7,9.3,90,15.9,73.1,57.374054,159.1678111
06.10.04,1:00:00,-200.0,5.3,-200,21.2,61.4,,
06.03.05,17:00:00,1.7,5.3,167,11.5,30.1,,
20.04.04,13:00:00,-200.0,15.8,-200,21.8,39.6,170.1730636,215.4264453
10.05.04,1:00:00,-200.0,3.0,-200,14.9,57.6,122.0942524,68.40270192
18.11.04,20:00:00,5.4,25.1,212,16.6,56.5,,
01.04.04,7:00:00,4.2,19.8,94,9.5,69.6,90.89859812,104.13865179999999
28.03.04,1:00:00,2.3,8.3,97,10.3,58.1,84.89749533,102.1889408
06.05.04,5:00:00,0.6,2.3,50,13.2,64.6,53.36206022,141.7252229
19.06.04,3:00:00,0.6,3.4,-200,22.9,50.2,,
25.03.04,2:00:00,0.7,1.8,54,9.1,68.1,82.94581804,104.63480809999999
22.06.04,12:00:00,3.1,18.0,144,31.1,26.2,,
14.01.05,23:00:00,1.6,6.7,113,6.7,74.4,,
29.09.04,13:00:00,3.1,15.8,148,25.5,34.8,,
18.01.05,7:00:00,1.5,6.9,140,3.4,58.5,,
18.11.04,16:00:00,3.8,17.4,212,18.3,51.0,,
28.04.04,1:00:00,1.0,4.4,74,18.1,44.7,183.4128101,220.72737169999996
04.12.04,17:00:00,2.3,8.3,120,12.7,84.4,,
27.10.04,8:00:00,4.9,28.5,119,18.0,74.8,,
27.09.04,17:00:00,3.1,17.3,132,25.1,25.8,,
25.05.04,20:00:00,-200.0,-200.0,-200,-200.0,-200.0,,
17.10.04,22:00:00,-200.0,6.8,-200,15.5,59.7,,
09.06.04,12:00:00,2.8,18.6,174,37.2,23.2,,
28.04.04,17:00:00,3.6,19.8,145,27.3,30.0,173.0776279,210.7982216
29.12.04,22:00:00,-200.0,3.3,-200,10.5,46.9,,
12.08.04,19:00:00,1.6,8.7,86,32.1,38.7,,
03.08.04,7:00:00,-200.0,19.3,140,25.9,51.5,,
07.06.04,10:00:00,2.9,17.4,122,28.4,29.7,,
17.06.04,0:00:00,2.5,13.5,97,21.8,47.8,,
13.03.05,2:00:00,0.2,3.3,118,12.4,53.4,,
07.10.04,21:00:00,2.8,16.5,92,22.3,57.1,,
04.01.05,1:00:00,1.2,-200.0,104,-200.0,-200.0,,
10.10.04,11:00:00,1.9,9.0,68,24.8,59.6,,
21.11.04,4:00:00,0.5,5.6,101,3.1,56.3,,
14.10.04,21:00:00,-200.0,7.3,-200,16.4,77.1,,
10.01.05,5:00:00,-200.0,1.8,54,12.4,72.5,,
10.01.05,19:00:00,3.1,16.4,128,13.8,66.4,,
06.08.04,17:00:00,1.1,7.9,64,32.5,40.6,,
22.01.05,21:00:00,2.7,21.1,224,9.7,31.9,,
19.06.04,15:00:00,1.2,-200.0,63,-200.0,-200.0,,
27.03.05,10:00:00,1.4,4.6,90,15.2,81.4,,
17.03.04,19:00:00,7.6,38.4,194,23.1,26.5,42.4817857,56.30501438
31.03.04,18:00:00,2.8,11.8,103,15.5,50.8,80.91534815,115.6282717
25.06.04,14:00:00,1.6,8.3,89,35.5,20.3,,
25.03.05,22:00:00,3.1,14.0,137,17.7,63.3,,
17.02.05,19:00:00,2.8,11.1,198,7.6,47.8,,
15.03.04,3:00:00,1.1,4.4,-200,12.6,63.5,49.48382019,56.05920549
15.12.04,4:00:00,0.7,-200.0,61,-200.0,-200.0,,
08.07.04,23:00:00,2.7,16.6,121,29.4,35.6,,
07.03.05,8:00:00,1.5,5.2,165,5.9,45.4,,
05.08.04,16:00:00,-200.0,7.0,102,23.9,69.1,,
24.04.04,21:00:00,2.0,6.8,79,15.6,73.5,171.0417101,200.5236812
22.03.04,18:00:00,3.8,18.3,129,17.0,43.1,42.26184582,53.255479799999996
22.01.05,17:00:00,-200.0,7.1,138,14.4,25.7,,
19.11.04,9:00:00,5.9,22.7,191,15.2,62.2,,
01.02.05,4:00:00,0.8,3.6,115,2.5,64.8,,
03.01.05,22:00:00,1.7,-200.0,135,-200.0,-200.0,,
12.01.05,5:00:00,1.0,4.7,83,10.0,74.8,,
26.06.04,18:00:00,1.5,6.7,78,32.3,30.4,,
18.08.04,15:00:00,-200.0,7.0,-200,35.6,28.5,,
17.05.04,12:00:00,1.9,10.1,97,25.1,20.8,119.07802749999999,66.60023828
03.04.05,3:00:00,0.8,2.8,88,10.5,48.7,,
15.12.04,9:00:00,4.5,-200.0,147,-200.0,-200.0,,
20.03.04,13:00:00,2.6,11.7,105,17.1,47.9,29.55068293,59.46206474
31.12.04,17:00:00,-200.0,7.6,-200,11.4,30.8,,
06.01.05,10:00:00,1.5,5.8,115,13.4,61.0,,
27.10.04,9:00:00,2.7,12.7,108,18.2,74.0,,
24.06.04,12:00:00,1.2,5.0,58,31.9,30.3,,
15.10.04,17:00:00,-200.0,24.9,-200,20.9,48.5,,
18.03.04,0:00:00,2.3,13.0,116,14.8,53.9,20.14024802,60.98848962
10.07.04,3:00:00,0.5,2.9,-200,22.3,50.4,,
06.07.04,18:00:00,4.4,25.0,194,37.9,13.9,,
22.05.04,15:00:00,1.8,10.5,87,29.2,27.0,128.2256158,69.86341278
24.06.04,23:00:00,4.1,20.5,126,24.6,45.3,,
06.12.04,11:00:00,3.2,13.2,135,18.5,52.9,,
17.05.04,6:00:00,1.3,7.0,102,16.0,38.1,118.54742560000001,63.18917702
06.09.04,15:00:00,1.3,6.1,-200,30.1,26.7,,
07.05.04,8:00:00,4.2,22.1,107,16.4,50.2,50.22316855,168.66964
04.09.04,2:00:00,0.9,6.2,-200,25.4,45.9,,
08.07.04,20:00:00,4.5,24.6,192,33.6,26.4,,
30.12.04,21:00:00,-200.0,5.5,-200,8.7,44.3,,
17.06.04,19:00:00,3.3,16.5,125,29.0,33.4,,
01.04.05,20:00:00,1.4,3.7,134,13.8,30.6,,
15.05.04,9:00:00,2.8,15.8,117,20.3,37.4,113.33037490000001,60.38051513
05.03.05,13:00:00,1.6,6.7,136,13.3,28.9,,
15.08.04,4:00:00,-200.0,2.0,27,22.4,62.2,,
05.05.04,16:00:00,2.4,11.2,88,17.5,59.2,59.45534293,135.7839573
03.09.04,22:00:00,1.3,8.1,-200,29.1,36.7,,
05.09.04,20:00:00,1.5,5.5,-200,27.8,24.4,,
19.03.05,14:00:00,1.8,6.6,140,19.5,40.2,,
05.08.04,1:00:00,-200.0,4.5,-200,25.4,52.9,,
11.05.04,5:00:00,0.6,3.6,48,12.0,68.0,127.053959,63.24343229
23.11.04,17:00:00,7.3,35.4,215,13.6,71.0,,
22.02.05,7:00:00,1.5,6.7,178,3.4,84.5,,
07.04.04,18:00:00,3.3,13.5,121,14.7,48.7,137.92926210000002,169.8801453
08.09.04,20:00:00,3.8,18.1,163,28.2,24.8,,
19.11.04,10:00:00,5.6,16.7,193,16.1,59.2,,
10.01.05,1:00:00,1.7,7.4,119,13.1,68.7,,
12.03.05,2:00:00,0.4,4.9,147,10.0,57.3,,
28.10.04,19:00:00,2.7,14.2,103,19.7,64.5,,
01.10.04,4:00:00,0.6,3.0,54,19.8,67.2,,
05.05.04,9:00:00,3.9,18.9,124,16.4,72.4,51.37181413,144.43403419999999
05.09.04,8:00:00,0.7,2.5,-200,27.0,34.3,,
28.07.04,21:00:00,-200.0,9.6,102,28.6,27.2,,
30.01.05,10:00:00,0.8,1.4,82,4.6,39.0,,
28.01.05,10:00:00,1.8,6.4,184,4.3,48.4,,
18.05.04,16:00:00,1.9,10.1,105,31.7,19.5,117.07813290000001,62.47780518
23.02.05,12:00:00,1.2,3.7,169,3.9,79.5,,
28.05.04,3:00:00,-200.0,3.8,-200,16.5,48.6,,
05.03.05,7:00:00,0.8,2.0,132,4.6,54.6,,
25.01.05,20:00:00,1.1,6.1,133,4.3,57.0,,
07.08.04,17:00:00,1.2,6.5,67,36.8,29.5,,
30.04.04,18:00:00,4.2,21.0,122,20.8,54.4,47.2368799,141.2341934
17.02.05,7:00:00,1.0,4.0,115,6.4,43.8,,
16.01.05,9:00:00,1.7,6.3,130,6.1,50.3,,
04.02.05,23:00:00,1.3,5.3,157,6.0,46.1,,
12.05.04,10:00:00,3.9,22.0,108,19.7,51.9,117.5152956,70.40080872
10.01.05,8:00:00,2.6,21.0,137,12.8,71.8,,
16.11.04,7:00:00,0.9,3.3,119,10.1,44.0,,
28.10.04,18:00:00,5.9,28.2,136,20.3,66.7,,
28.01.05,2:00:00,0.9,2.0,77,3.0,49.1,,
22.12.04,11:00:00,1.8,7.5,120,9.3,37.6,,
27.04.04,3:00:00,0.5,1.5,-200,15.2,45.8,185.8829091,202.02599030000002
06.11.04,11:00:00,2.3,14.1,82,20.0,56.7,,
10.11.04,1:00:00,0.7,2.5,-200,6.9,82.3,,
01.05.04,13:00:00,1.3,6.1,66,25.6,31.5,55.45023298,146.5444541
31.01.05,11:00:00,2.8,12.5,256,10.0,22.4,,
02.01.05,8:00:00,1.2,3.4,88,2.1,73.1,,
22.11.04,22:00:00,2.4,16.9,164,8.5,57.8,,
25.03.04,15:00:00,1.9,8.6,92,16.0,41.3,79.27778073,103.0005557
18.02.05,0:00:00,1.2,3.3,105,6.9,48.7,,
15.01.05,19:00:00,5.2,20.8,194,7.9,69.9,,
07.12.04,12:00:00,3.5,21.6,141,17.4,53.3,,
12.04.04,9:00:00,0.8,2.2,73,13.4,56.0,144.79780730000002,169.544623
26.02.05,17:00:00,2.7,3.9,117,7.4,56.0,,
28.09.04,2:00:00,0.5,2.8,74,15.0,52.8,,
31.01.05,3:00:00,0.5,0.5,-200,4.0,36.4,,
25.10.04,7:00:00,3.2,18.5,77,16.0,76.3,,
02.05.04,2:00:00,0.9,5.5,55,16.4,62.2,35.39743714,152.6464493
26.12.04,13:00:00,1.8,5.8,127,13.9,60.9,,
15.12.04,16:00:00,4.7,-200.0,176,-200.0,-200.0,,
10.03.05,7:00:00,1.3,6.4,100,4.3,76.1,,
10.11.04,22:00:00,2.2,9.9,148,10.5,70.3,,
05.02.05,23:00:00,1.2,4.9,162,4.2,43.2,,
02.12.04,22:00:00,4.7,22.0,127,15.1,74.3,,
04.05.04,15:00:00,2.6,12.9,97,19.9,57.1,58.41926895,137.8273934
09.05.04,4:00:00,-200.0,8.4,-200,12.3,68.0,118.7893564,66.75035522
15.07.04,17:00:00,3.2,20.3,198,35.5,19.1,,
21.03.05,15:00:00,2.1,8.2,135,23.8,33.4,,
23.10.04,7:00:00,2.3,13.6,65,17.6,74.8,,
20.08.04,22:00:00,-200.0,8.3,-200,27.5,50.4,,
14.09.04,21:00:00,-200.0,4.2,-200,19.7,82.5,,
20.07.04,19:00:00,-200.0,14.9,110,34.7,23.3,,
29.05.04,23:00:00,2.7,13.7,112,19.0,38.2,,
15.03.04,17:00:00,2.8,14.8,110,23.8,31.3,41.46516507,55.84981824
14.08.04,4:00:00,0.4,1.8,27,25.2,55.0,,
24.02.05,12:00:00,1.4,5.4,196,5.5,79.5,,
28.06.04,11:00:00,2.1,13.2,144,36.3,23.4,,
01.10.04,16:00:00,3.4,18.4,136,26.4,45.4,,
31.08.04,22:00:00,2.0,10.9,105,25.2,50.1,,
30.06.04,6:00:00,0.9,7.4,61,26.4,53.1,,
24.04.04,8:00:00,2.5,15.0,86,16.7,51.9,175.2152344,218.3578861
13.02.05,0:00:00,4.1,18.0,229,9.9,63.2,,
21.01.05,9:00:00,5.7,29.0,179,7.9,60.0,,
06.10.04,16:00:00,-200.0,17.2,-200,29.6,36.7,,
19.09.04,20:00:00,3.8,15.3,187,26.2,42.5,,
06.10.04,0:00:00,-200.0,6.8,-200,21.7,60.2,,
08.03.05,14:00:00,2.1,10.8,165,14.1,17.0,,
10.12.04,16:00:00,2.3,8.7,116,17.6,19.9,,
15.04.04,1:00:00,-200.0,3.1,-200,11.6,58.8,128.4575741,153.41785430000002
25.03.05,11:00:00,1.6,9.5,117,20.4,50.5,,
24.11.04,5:00:00,1.0,3.4,66,10.5,77.8,,
10.01.05,11:00:00,2.1,16.4,144,13.1,70.3,,
06.10.04,2:00:00,-200.0,4.6,-200,19.3,68.4,,
11.12.04,11:00:00,2.9,13.5,146,17.4,23.3,,
15.02.05,17:00:00,1.5,6.6,158,11.5,22.1,,
22.03.04,0:00:00,1.7,6.1,86,16.1,60.0,32.15759352,50.26344851
14.06.04,15:00:00,1.4,5.4,70,24.5,38.4,,
16.07.04,16:00:00,2.4,13.0,173,38.1,16.5,,
25.01.05,10:00:00,0.5,5.1,147,3.4,62.7,,
16.11.04,14:00:00,2.8,11.7,161,18.1,21.0,,
16.12.04,20:00:00,9.1,-200.0,219,-200.0,-200.0,,
25.10.04,19:00:00,8.0,41.0,136,20.0,68.6,,
30.08.04,16:00:00,-200.0,12.2,-200,33.8,29.2,,
03.09.04,14:00:00,-200.0,11.6,-200,35.7,22.2,,
01.01.05,16:00:00,2.1,7.7,139,12.8,32.6,,
10.03.04,18:00:00,2.6,11.9,113,13.6,48.9,48.59823548,57.42856746
07.04.04,7:00:00,2.8,12.9,111,14.3,58.2,121.5745591,143.7260567
16.11.04,0:00:00,1.3,3.9,91,11.3,41.8,,
26.04.04,15:00:00,1.4,6.0,77,20.7,31.6,186.2109668,214.6931256
16.12.04,12:00:00,4.2,-200.0,190,-200.0,-200.0,,
29.03.05,0:00:00,1.5,5.0,100,14.3,68.5,,
23.09.04,4:00:00,-200.0,2.2,44,21.1,63.8,,
27.06.04,7:00:00,0.6,3.1,50,23.5,50.8,,
12.12.04,9:00:00,2.0,7.7,118,4.9,66.3,,
04.07.04,14:00:00,0.4,3.2,40,38.5,14.8,,
02.03.05,12:00:00,1.4,5.7,146,9.6,18.8,,
23.01.05,20:00:00,-200.0,8.7,157,5.4,78.2,,
19.02.05,15:00:00,1.1,2.9,114,12.4,34.9,,
25.03.05,13:00:00,2.3,17.0,169,20.4,49.8,,
08.04.04,6:00:00,1.1,4.8,64,8.1,70.4,124.83676979999998,167.6497506
14.02.05,9:00:00,2.5,9.5,193,10.3,45.4,,
17.06.04,22:00:00,1.7,8.7,94,25.2,43.0,,
01.05.04,20:00:00,2.8,10.8,112,19.0,51.7,36.64623181,128.4119834
24.05.04,16:00:00,1.4,7.7,92,25.5,14.0,,
14.01.05,10:00:00,4.1,17.7,147,8.0,71.9,,
19.09.04,9:00:00,1.7,8.8,85,22.2,48.0,,
06.07.04,4:00:00,0.4,2.2,36,23.5,46.7,,
27.06.04,11:00:00,1.7,9.0,110,35.2,24.8,,
26.01.05,2:00:00,-200.0,0.4,30,3.9,50.9,,
05.01.05,1:00:00,1.7,5.6,120,9.5,69.5,,
26.02.05,10:00:00,1.5,3.7,124,8.8,45.0,,
06.01.05,3:00:00,1.4,3.5,-200,12.6,62.7,,
05.01.05,8:00:00,3.7,16.4,148,8.6,69.0,,
29.07.04,23:00:00,-200.0,11.9,105,26.3,45.6,,
22.04.04,0:00:00,-200.0,6.4,-200,17.1,50.8,189.4823121,206.41013600000002
23.04.04,5:00:00,0.6,2.9,59,14.2,52.2,186.23794880000003,214.6546618
30.03.05,17:00:00,3.2,16.1,179,24.1,32.1,,
25.04.04,19:00:00,2.7,11.7,100,17.8,30.3,186.4467775,218.6483713
23.06.04,20:00:00,4.8,21.8,163,28.5,33.3,,
09.01.05,20:00:00,2.6,11.6,153,14.7,56.6,,
02.01.05,19:00:00,2.9,10.5,167,8.9,54.8,,
01.01.05,9:00:00,1.0,3.0,86,3.9,59.0,,
04.01.05,0:00:00,1.3,-200.0,117,-200.0,-200.0,,
09.05.04,3:00:00,-200.0,8.7,-200,12.1,68.6,115.4582965,65.13326894
02.01.05,9:00:00,1.3,3.9,106,3.3,68.2,,
20.11.04,15:00:00,1.5,10.6,138,14.8,15.6,,
10.03.05,0:00:00,1.6,5.7,123,7.8,65.5,,
27.01.05,19:00:00,2.6,10.3,195,5.0,36.1,,
10.09.04,18:00:00,3.3,16.5,164,31.6,22.7,,
28.11.04,19:00:00,3.5,12.6,117,9.9,76.3,,
31.05.04,15:00:00,1.2,12.1,111,30.7,23.4,,
08.11.04,12:00:00,1.2,5.1,103,13.0,40.1,,
17.02.05,13:00:00,1.4,5.0,130,8.3,47.8,,
15.12.04,19:00:00,3.6,-200.0,137,-200.0,-200.0,,
24.02.05,1:00:00,1.1,2.6,120,5.1,74.5,,
18.03.05,11:00:00,3.1,14.9,187,18.8,33.5,,
29.03.05,8:00:00,5.1,26.3,140,14.4,65.8,,
22.10.04,11:00:00,2.1,14.3,81,24.5,54.5,,
30.10.04,3:00:00,1.4,5.9,-200,16.8,81.5,,
23.02.05,16:00:00,2.3,9.2,224,5.4,75.9,,
02.04.04,18:00:00,4.5,23.3,165,24.3,30.1,81.04895477,106.3009571
26.07.04,9:00:00,-200.0,7.2,98,28.8,38.9,,
24.05.04,21:00:00,0.7,4.8,77,18.4,24.6,110.42921480000001,65.88951644
01.01.05,10:00:00,1.2,4.7,97,4.7,57.2,,
26.06.04,7:00:00,1.8,10.4,104,19.7,44.1,,
21.02.05,2:00:00,0.8,1.2,59,5.7,70.3,,
11.10.04,6:00:00,1.1,7.2,53,18.6,74.9,,
23.06.04,23:00:00,3.2,16.6,120,24.7,47.1,,
16.09.04,21:00:00,2.0,9.4,94,21.2,55.2,,
14.09.04,16:00:00,-200.0,19.5,-200,27.7,53.7,,
26.07.04,12:00:00,-200.0,8.3,90,34.7,26.5,,
17.05.04,18:00:00,3.1,15.6,121,24.3,19.8,122.4057763,69.5158717
22.06.04,18:00:00,3.6,20.2,139,31.7,25.9,,
14.03.05,6:00:00,1.0,4.4,103,9.2,71.0,,
01.04.04,20:00:00,4.9,20.2,161,18.3,40.9,77.69093892,105.9753634
22.09.04,6:00:00,1.5,9.7,79,18.3,71.0,,
14.03.05,10:00:00,3.5,10.8,170,13.7,51.9,,
03.04.04,5:00:00,0.8,3.3,64,13.7,61.6,75.94820414,115.89621979999998
29.12.04,7:00:00,-200.0,2.0,-200,10.1,65.9,,
01.06.04,22:00:00,1.6,12.0,75,20.5,66.9,,
28.10.04,2:00:00,0.9,4.4,45,14.8,78.7,,
29.10.04,1:00:00,0.8,2.9,50,18.2,74.7,,
25.04.04,5:00:00,0.3,0.7,20,12.5,50.9,176.59427130000003,216.1182315
24.05.04,13:00:00,1.3,7.2,85,23.8,14.5,128.10013270000002,70.3014642
25.09.04,19:00:00,2.4,9.8,68,19.5,33.0,,
06.12.04,20:00:00,3.1,14.3,123,15.5,60.7,,
29.11.04,1:00:00,2.3,8.0,99,9.9,80.5,,
24.10.04,19:00:00,5.2,24.3,127,21.7,62.9,,
19.01.05,10:00:00,0.2,3.7,128,6.4,67.4,,
13.09.04,13:00:00,3.0,17.9,137,32.2,34.2,,
20.11.04,11:00:00,2.2,10.3,192,14.8,17.9,,
15.03.05,8:00:00,2.6,14.0,151,10.4,62.7,,
06.11.04,9:00:00,2.9,16.4,97,15.9,69.8,,
08.06.04,18:00:00,3.9,23.6,161,32.5,26.0,,
16.05.04,21:00:00,1.6,7.0,95,22.9,37.0,115.1140338,64.29234629
15.03.04,4:00:00,-200.0,4.0,71,12.3,65.4,41.58350538,59.69897805
03.10.04,13:00:00,-200.0,8.3,-200,27.4,41.8,,
11.05.04,13:00:00,2.3,14.4,94,23.8,31.7,129.832755,67.77844608
24.03.04,6:00:00,0.8,1.7,57,10.8,57.2,70.93519996,110.20144769999999
15.02.05,12:00:00,1.2,4.4,134,12.8,19.8,,
18.04.04,10:00:00,-200.0,6.8,-200,14.5,77.2,189.48584230000003,214.14544390000003
24.06.04,6:00:00,0.7,3.7,54,22.1,56.2,,
24.08.04,12:00:00,1.6,9.5,115,35.0,17.9,,
27.06.04,21:00:00,2.3,12.7,134,30.5,30.4,,
12.10.04,7:00:00,2.7,13.8,101,17.6,60.8,,
19.12.04,11:00:00,2.5,9.6,129,5.8,49.8,,
24.07.04,11:00:00,1.7,9.2,89,36.6,26.5,,
19.12.04,13:00:00,3.2,12.5,148,7.4,44.6,,
29.08.04,21:00:00,-200.0,8.6,-200,27.0,43.0,,
23.07.04,7:00:00,2.9,20.1,95,24.5,48.3,,
09.03.05,15:00:00,1.9,8.6,121,17.3,34.5,,
10.10.04,13:00:00,1.6,5.9,73,21.0,76.8,,
22.04.04,4:00:00,-200.0,1.7,-200,13.3,62.6,171.2412405,207.4827545
29.09.04,20:00:00,4.7,22.8,165,21.6,43.3,,
11.02.05,2:00:00,2.0,-200.0,116,-200.0,-200.0,,
01.08.04,22:00:00,1.7,9.1,83,27.8,52.6,,
31.12.04,23:00:00,-200.0,4.6,-200,7.8,38.4,,
05.12.04,18:00:00,2.4,8.9,93,12.0,78.4,,
02.10.04,5:00:00,-200.0,5.8,-200,20.3,65.3,,
21.03.05,6:00:00,0.7,3.0,73,12.9,67.5,,
17.11.04,13:00:00,4.2,19.0,205,14.7,38.9,,
15.01.05,23:00:00,3.0,11.1,151,5.2,70.0,,
13.04.04,10:00:00,1.6,7.3,93,12.6,50.8,144.85525619999999,148.48012759999997
13.06.04,19:00:00,1.0,3.5,72,20.3,42.6,,
05.12.04,4:00:00,1.0,2.8,81,12.3,67.5,,
05.10.04,3:00:00,-200.0,2.7,-200,17.8,69.8,,
18.11.04,14:00:00,3.2,15.3,187,18.8,49.2,,
25.01.05,23:00:00,-200.0,1.5,67,3.9,50.6,,
14.03.05,11:00:00,1.6,6.1,141,16.3,43.5,,
24.04.04,20:00:00,3.4,16.8,126,21.2,50.8,184.0442145,208.4147369
28.10.04,3:00:00,0.7,4.2,-200,14.8,79.7,,
04.02.05,10:00:00,3.1,16.3,274,7.7,49.8,,
12.12.04,13:00:00,3.2,13.7,156,15.1,37.4,,
26.05.04,11:00:00,1.8,13.8,135,28.8,21.1,,
02.11.04,5:00:00,0.6,2.7,35,17.6,73.2,,
03.07.04,0:00:00,2.5,13.1,131,24.0,37.8,,
04.08.04,12:00:00,-200.0,8.6,-200,37.1,27.9,,
17.06.04,18:00:00,3.6,19.4,133,30.7,31.4,,
24.06.04,7:00:00,1.2,6.9,68,21.9,57.0,,
01.01.05,8:00:00,1.1,3.0,94,2.6,63.2,,
18.01.05,22:00:00,0.1,3.3,104,11.3,71.8,,
26.11.04,15:00:00,5.1,24.1,203,15.8,57.9,,
04.11.04,15:00:00,-200.0,24.5,156,26.8,43.3,,
12.11.04,20:00:00,3.9,18.8,160,16.5,58.8,,
29.09.04,4:00:00,-200.0,2.2,48,14.6,62.1,,
22.04.04,7:00:00,-200.0,13.8,-200,13.9,57.2,183.0864631,217.33335019999998
16.01.05,15:00:00,0.7,2.0,80,11.3,32.5,,
14.01.05,7:00:00,1.4,7.3,110,5.7,79.3,,
16.04.04,8:00:00,4.1,18.7,116,13.8,61.1,150.58329019999996,142.2325989
20.03.05,7:00:00,0.7,2.7,78,12.4,66.2,,
02.08.04,23:00:00,0.1,9.4,93,27.1,49.4,,
13.08.04,23:00:00,1.4,5.9,90,25.9,52.9,,
17.03.05,11:00:00,3.0,10.8,196,20.8,31.3,,
26.09.04,10:00:00,0.9,3.0,47,21.6,33.4,,
05.08.04,17:00:00,-200.0,9.6,102,21.5,78.8,,
19.03.05,6:00:00,0.7,1.9,79,11.8,67.1,,
08.06.04,9:00:00,5.0,27.1,174,23.9,44.4,,
17.03.04,16:00:00,2.9,15.2,129,29.3,15.8,44.80364104,52.38300907
25.11.04,12:00:00,2.1,10.6,127,14.6,46.5,,
17.07.04,12:00:00,1.5,8.3,94,36.9,17.2,,
25.10.04,23:00:00,1.9,10.7,67,18.5,70.4,,
24.09.04,5:00:00,0.5,2.8,55,20.4,63.0,,
29.03.05,9:00:00,4.3,18.8,146,15.3,63.3,,
11.05.04,3:00:00,0.2,1.6,-200,12.8,66.0,120.7333889,68.90557473
15.05.04,20:00:00,3.3,15.0,149,21.7,31.8,110.7855582,66.73088629
19.09.04,11:00:00,2.1,10.2,115,30.0,28.5,,
05.11.04,8:00:00,2.0,16.3,75,16.2,70.1,,
19.03.04,13:00:00,3.0,15.3,122,16.1,47.6,31.96121095,60.03101346
02.05.04,16:00:00,1.1,5.5,67,25.9,28.1,57.14248628,165.3475231
08.09.04,23:00:00,2.0,10.6,131,25.4,30.5,,
28.11.04,18:00:00,3.2,10.1,113,9.6,76.5,,
28.06.04,9:00:00,4.6,24.2,182,28.5,36.8,,
26.07.04,5:00:00,-200.0,2.5,59,25.3,47.6,,
18.06.04,11:00:00,2.5,15.6,141,33.3,27.8,,
11.03.04,21:00:00,3.9,12.8,136,9.1,64.0,22.89370269,56.77953492
06.12.04,14:00:00,3.3,16.4,130,19.5,50.1,,
01.01.05,19:00:00,3.6,11.4,172,8.1,54.1,,
23.08.04,23:00:00,1.1,5.7,49,26.0,33.1,,
18.02.05,1:00:00,1.3,3.1,130,6.8,48.2,,
22.08.04,10:00:00,-200.0,5.8,-200,30.4,34.1,,
20.10.04,21:00:00,4.7,22.3,113,22.0,69.2,,
10.05.04,3:00:00,-200.0,1.3,-200,13.8,63.2,119.81795090000001,63.23124449
14.02.05,11:00:00,2.5,33.9,123,11.7,36.9,,
05.10.04,12:00:00,-200.0,30.4,-200,28.6,37.3,,
15.09.04,8:00:00,-200.0,27.6,-200,21.2,72.3,,
23.10.04,4:00:00,-200.0,4.0,42,19.6,66.9,,
12.03.04,9:00:00,-200.0,22.1,-200,9.2,56.2,48.91775969,55.74500443
16.12.04,10:00:00,4.6,-200.0,161,-200.0,-200.0,,
26.11.04,4:00:00,-200.0,6.6,79,8.7,77.6,,
20.03.05,4:00:00,-200.0,2.8,66,13.0,65.3,,
17.10.04,16:00:00,-200.0,5.1,-200,22.4,36.0,,
03.06.04,14:00:00,-200.0,8.6,-200,28.7,27.7,,
12.06.04,13:00:00,1.6,9.6,91,35.1,21.8,,
26.04.04,9:00:00,1.4,5.3,84,16.3,38.4,175.1360541,203.2880616
25.01.05,11:00:00,0.4,3.8,188,5.0,51.4,,
16.04.04,0:00:00,2.0,7.1,108,13.7,66.8,134.88939440000001,149.039143
07.07.04,23:00:00,2.1,15.4,122,30.2,30.9,,
07.08.04,7:00:00,0.9,5.1,43,22.9,62.6,,
18.12.04,19:00:00,2.1,9.9,132,11.9,21.3,,
19.12.04,9:00:00,1.0,3.2,99,3.2,55.7,,
01.08.04,1:00:00,1.8,9.8,70,25.7,50.7,,
21.08.04,20:00:00,-200.0,7.8,-200,24.6,38.0,,
21.12.04,13:00:00,2.2,9.7,138,8.7,33.7,,
27.03.05,14:00:00,0.8,2.5,62,18.6,62.1,,
24.02.05,21:00:00,3.5,14.1,262,6.0,78.0,,
10.06.04,20:00:00,4.7,23.6,180,30.9,28.2,,
22.03.05,17:00:00,1.7,8.4,113,22.9,29.2,,
04.08.04,5:00:00,-200.0,3.0,-200,26.8,50.9,,
24.05.04,10:00:00,1.0,5.8,90,21.7,18.1,117.4435663,70.95678022
12.04.04,17:00:00,1.2,3.5,77,10.3,65.2,141.8622909,155.4132229
27.12.04,5:00:00,0.4,0.7,46,11.9,61.1,,
20.08.04,15:00:00,-200.0,3.3,-200,35.1,34.6,,
14.03.04,5:00:00,1.2,3.7,70,11.5,63.1,22.35897202,52.63218537
23.05.04,1:00:00,3.6,15.9,108,19.5,56.2,123.120562,66.80865293
17.12.04,1:00:00,4.3,-200.0,161,-200.0,-200.0,,
15.03.04,5:00:00,1.0,3.9,74,11.9,67.4,46.98305284,53.89120163
22.02.05,6:00:00,0.9,2.6,117,3.4,84.5,,
02.10.04,17:00:00,-200.0,11.6,-200,25.4,48.9,,
17.08.04,7:00:00,2.2,12.9,68,22.5,52.3,,
29.11.04,19:00:00,1.8,7.3,94,17.3,57.0,,
30.11.04,8:00:00,2.5,11.0,127,12.3,78.9,,
19.03.04,10:00:00,4.0,19.2,149,13.9,57.1,37.19201479,55.83417325
08.06.04,6:00:00,1.4,8.8,69,18.2,62.3,,
28.08.04,14:00:00,-200.0,3.5,-200,32.7,22.8,,
28.07.04,15:00:00,-200.0,10.7,113,35.3,15.0,,
21.11.04,20:00:00,1.1,6.3,147,9.8,36.0,,
08.09.04,9:00:00,-200.0,34.5,-200,22.7,33.0,,
06.09.04,11:00:00,1.4,6.6,-200,29.2,29.1,,
28.05.04,20:00:00,1.8,10.4,119,20.2,47.2,,
15.01.05,0:00:00,2.3,7.5,129,6.4,74.9,,
27.06.04,12:00:00,1.1,6.3,74,37.8,18.5,,
10.10.04,5:00:00,0.7,3.7,39,22.2,65.6,,
31.01.05,21:00:00,3.7,15.0,235,6.3,39.4,,
09.02.05,12:00:00,2.0,-200.0,168,-200.0,-200.0,,
14.11.04,18:00:00,1.4,4.7,78,7.3,63.5,,
23.12.04,7:00:00,1.8,5.3,115,1.2,61.4,,
10.10.04,16:00:00,1.7,6.6,82,19.6,79.1,,
24.05.04,23:00:00,0.8,5.0,86,16.5,24.9,121.1778834,60.18817208
17.02.05,21:00:00,2.5,7.8,191,7.4,46.9,,
31.08.04,14:00:00,2.9,8.9,-200,32.5,28.7,,
18.12.04,8:00:00,2.1,11.0,125,9.4,67.7,,
03.10.04,2:00:00,-200.0,5.1,-200,21.2,61.5,,
03.08.04,22:00:00,-200.0,10.3,97,28.8,48.8,,
13.06.04,2:00:00,0.6,3.4,36,26.2,43.6,,
16.10.04,2:00:00,-200.0,3.0,-200,14.7,80.7,,
28.10.04,16:00:00,5.0,26.6,139,21.3,61.9,,
20.01.05,16:00:00,3.0,14.5,167,15.4,23.5,,
10.02.05,6:00:00,1.7,-200.0,134,-200.0,-200.0,,
06.05.04,21:00:00,1.6,6.6,93,12.3,66.4,57.54929216,137.79479619999998
28.08.04,0:00:00,0.8,-200.0,69,-200.0,-200.0,,
05.10.04,17:00:00,-200.0,31.9,-200,29.7,33.1,,
01.05.04,23:00:00,3.7,13.3,129,17.6,58.5,45.64118504,129.2663246
13.07.04,7:00:00,4.0,23.8,111,17.3,54.3,,
25.05.04,7:00:00,1.1,8.8,82,15.2,31.0,,
26.01.05,20:00:00,1.4,7.6,169,4.9,47.9,,
25.11.04,7:00:00,2.2,10.7,100,4.0,83.1,,
03.05.04,15:00:00,1.5,11.2,74,30.9,19.7,39.71192866,150.1060793
21.04.04,9:00:00,-200.0,20.0,-200,17.0,50.2,173.3468581,208.020284
02.09.04,15:00:00,-200.0,13.5,-200,36.4,20.3,,
03.08.04,18:00:00,-200.0,13.7,134,35.5,28.9,,
06.02.05,20:00:00,1.8,5.3,179,5.8,36.4,,
21.09.04,1:00:00,0.8,4.1,68,22.3,47.7,,
19.03.04,6:00:00,0.7,2.3,61,12.3,66.3,31.53442054,50.45675043
16.04.04,11:00:00,2.6,11.0,108,17.6,46.7,129.7099486,165.6862961
04.01.05,17:00:00,3.8,-200.0,184,-200.0,-200.0,,
07.11.04,18:00:00,3.2,14.3,84,14.8,37.5,,
19.05.04,17:00:00,3.4,19.3,149,28.8,26.3,125.1949315,67.9793676
10.02.05,20:00:00,8.4,-200.0,276,-200.0,-200.0,,
16.03.05,3:00:00,0.7,2.0,93,10.7,59.6,,
03.03.05,2:00:00,1.1,3.5,117,3.8,45.9,,
27.10.04,6:00:00,1.7,10.5,68,17.6,78.8,,
09.12.04,16:00:00,1.7,7.2,102,15.6,46.6,,
15.09.04,14:00:00,-200.0,16.1,-200,24.2,65.6,,
22.08.04,13:00:00,-200.0,2.1,-200,35.1,15.7,,
13.05.04,13:00:00,2.4,11.1,98,18.2,49.6,118.5193831,69.0833367
08.12.04,1:00:00,1.9,7.0,81,14.7,60.3,,
10.11.04,7:00:00,0.5,1.6,72,6.7,79.8,,
02.11.04,19:00:00,8.0,44.9,121,21.8,65.3,,
14.03.04,8:00:00,1.4,4.2,84,11.6,62.7,32.72959771,50.45858263
18.07.04,6:00:00,0.7,4.1,62,20.2,48.5,,
11.06.04,14:00:00,1.9,12.5,110,37.3,16.6,,
12.02.05,10:00:00,2.7,11.9,221,7.8,58.0,,
18.02.05,20:00:00,4.8,17.6,250,8.3,40.3,,
21.07.04,19:00:00,3.8,21.5,163,36.1,25.5,,
18.07.04,4:00:00,-200.0,2.9,55,23.3,39.5,,
29.11.04,11:00:00,6.6,30.5,232,14.9,64.9,,
11.01.05,14:00:00,3.6,18.8,141,13.8,56.3,,
10.01.05,20:00:00,3.3,17.3,135,13.4,68.1,,
14.10.04,2:00:00,-200.0,1.1,-200,14.9,56.4,,
24.03.05,19:00:00,5.9,30.8,200,20.1,43.2,,
20.10.04,11:00:00,-200.0,26.0,-200,22.4,64.6,,
18.10.04,18:00:00,-200.0,38.8,-200,19.3,59.0,,
21.11.04,22:00:00,0.8,7.2,145,5.9,47.8,,
26.10.04,20:00:00,5.0,24.0,127,22.6,58.3,,
01.01.05,15:00:00,2.2,7.9,147,12.5,32.3,,
21.07.04,6:00:00,-200.0,7.3,76,23.1,49.7,,
28.02.05,12:00:00,0.8,2.0,119,3.7,38.8,,
30.11.04,1:00:00,1.4,5.1,81,13.8,80.4,,
14.01.05,4:00:00,1.1,4.2,59,5.1,81.3,,
24.01.05,12:00:00,0.5,5.1,138,11.8,35.4,,
24.09.04,3:00:00,0.4,2.0,-200,22.7,53.8,,
08.12.04,13:00:00,2.7,11.2,113,17.3,53.9,,
22.04.04,1:00:00,-200.0,4.6,-200,16.2,53.4,173.7193035,213.4552274
28.03.04,16:00:00,1.3,4.3,70,18.2,28.3,89.70468336,120.3131989
06.05.04,8:00:00,3.6,20.3,121,15.9,53.1,37.78857137,138.30599819999998
02.05.04,19:00:00,3.3,13.8,123,21.2,47.5,36.90379749,159.8325574
07.06.04,15:00:00,2.8,16.5,126,35.9,18.9,,
10.11.04,21:00:00,3.9,15.3,193,10.3,71.1,,
19.04.04,6:00:00,-200.0,6.9,-200,14.0,70.9,178.58252530000001,218.5168409
14.08.04,9:00:00,0.9,4.7,58,28.0,43.4,,
06.10.04,6:00:00,-200.0,6.2,-200,18.1,68.5,,
11.09.04,17:00:00,-200.0,9.8,-200,34.2,22.6,,
25.03.05,6:00:00,0.6,2.5,81,13.7,78.0,,
02.12.04,15:00:00,3.9,19.0,136,19.2,57.9,,
17.04.04,13:00:00,-200.0,7.5,-200,19.3,47.1,180.3655244,219.5015445
23.03.05,4:00:00,-200.0,2.3,65,14.5,66.4,,
19.03.05,21:00:00,3.3,10.5,200,14.1,60.8,,
22.02.05,19:00:00,3.6,13.2,251,5.6,71.6,,
13.12.04,21:00:00,2.9,15.5,147,10.6,64.1,,
17.07.04,6:00:00,0.7,5.0,63,21.3,46.5,,
06.08.04,7:00:00,2.3,13.6,72,22.0,75.9,,
24.03.05,3:00:00,0.7,3.1,94,13.1,56.1,,
16.03.04,5:00:00,0.6,2.0,52,12.8,63.2,23.11555594,60.96261962
26.12.04,23:00:00,1.3,5.2,114,12.0,72.3,,
30.05.04,10:00:00,0.4,3.7,64,25.5,25.9,,
16.07.04,3:00:00,0.5,2.8,-200,22.2,40.6,,
10.07.04,0:00:00,2.3,13.0,127,22.7,47.7,,
23.12.04,6:00:00,1.2,2.5,78,2.8,55.2,,
07.09.04,17:00:00,2.3,11.2,-200,31.7,20.3,,
02.01.05,6:00:00,1.0,2.4,82,2.4,71.9,,
03.10.04,22:00:00,-200.0,8.3,-200,22.0,59.8,,
02.04.05,16:00:00,0.9,2.9,106,21.6,20.8,,
14.10.04,18:00:00,-200.0,14.6,-200,18.8,60.8,,
02.10.04,2:00:00,-200.0,7.1,-200,20.4,64.4,,
27.09.04,8:00:00,4.0,18.8,135,16.9,50.3,,
01.09.04,12:00:00,2.2,13.3,108,32.4,26.3,,
14.05.04,22:00:00,2.3,12.4,111,20.8,34.5,117.1301148,70.24840641
12.06.04,0:00:00,1.3,8.9,91,23.5,32.2,,
18.03.05,22:00:00,2.0,7.2,159,13.3,60.5,,
19.05.04,19:00:00,3.8,21.1,151,24.7,31.5,110.76082040000001,66.94999637
04.10.04,22:00:00,-200.0,8.9,-200,21.2,59.3,,
30.07.04,10:00:00,-200.0,18.1,167,32.2,32.6,,
04.04.04,0:00:00,-200.0,7.8,-200,16.7,56.5,76.52664527,112.9680058
16.09.04,8:00:00,4.1,25.0,81,20.4,72.8,,
27.03.04,5:00:00,0.8,1.9,48,8.2,58.9,77.16750313,113.0359145
08.02.05,14:00:00,2.2,8.5,184,13.3,23.3,,
03.10.04,17:00:00,-200.0,7.7,-200,26.9,44.4,,
24.07.04,8:00:00,1.7,10.0,79,26.6,50.8,,
26.03.05,2:00:00,1.5,7.2,108,16.6,70.0,,
31.05.04,3:00:00,-200.0,1.4,-200,18.9,45.0,,
21.11.04,5:00:00,0.1,2.8,75,4.1,52.2,,
09.06.04,10:00:00,3.4,19.3,165,30.1,32.8,,
17.01.05,1:00:00,1.2,3.5,110,6.0,46.0,,
25.02.05,14:00:00,2.2,7.6,137,11.5,42.1,,
24.03.05,22:00:00,4.0,17.8,175,17.4,57.3,,
30.07.04,8:00:00,-200.0,26.3,150,24.4,49.3,,
10.03.05,23:00:00,1.4,4.9,151,8.3,38.2,,
17.03.05,10:00:00,4.4,16.2,217,16.9,40.3,,
01.09.04,1:00:00,1.3,7.0,79,22.8,58.5,,
10.01.05,6:00:00,-200.0,3.0,66,13.0,70.3,,
20.12.04,8:00:00,3.2,5.3,108,8.4,57.7,,
18.05.04,22:00:00,1.2,8.7,75,21.1,36.5,124.57522150000001,67.74607008
27.12.04,21:00:00,2.1,7.5,123,12.4,64.7,,
16.03.04,15:00:00,2.8,14.6,128,27.0,20.2,36.75046367,55.48642064
16.03.05,2:00:00,0.9,2.9,111,11.3,58.0,,
01.03.05,9:00:00,1.9,6.1,143,0.6,36.8,,
17.08.04,16:00:00,-200.0,6.0,-200,38.8,19.8,,
31.03.05,13:00:00,1.2,4.0,100,24.0,30.3,,
29.03.04,20:00:00,1.6,5.7,99,13.2,37.9,88.86525329999999,100.9397075
11.06.04,7:00:00,4.6,24.8,131,20.5,48.2,,
09.10.04,9:00:00,3.4,18.7,84,23.7,56.0,,
08.07.04,2:00:00,0.6,5.8,60,27.5,34.0,,
15.12.04,1:00:00,2.3,-200.0,96,-200.0,-200.0,,
18.04.04,2:00:00,-200.0,5.6,-200,15.6,60.2,185.87607739999999,207.2533158
16.01.05,8:00:00,1.4,4.8,156,5.7,54.5,,
21.10.04,21:00:00,4.3,24.9,104,23.6,62.2,,
19.12.04,22:00:00,3.2,10.6,129,6.2,84.1,,
03.11.04,14:00:00,2.5,13.0,79,26.6,42.5,,
13.05.04,5:00:00,0.4,1.7,49,16.2,53.7,123.1775818,67.12617346
12.09.04,6:00:00,-200.0,2.5,-200,21.7,55.4,,
10.12.04,12:00:00,1.5,6.2,110,17.1,23.5,,
26.06.04,4:00:00,-200.0,2.5,58,21.2,39.4,,
22.06.04,13:00:00,3.0,17.1,154,31.4,25.3,,
27.02.05,4:00:00,-200.0,4.6,119,2.8,70.9,,
23.03.05,16:00:00,2.2,12.0,149,23.3,23.8,,
14.07.04,2:00:00,0.9,6.3,70,22.2,38.4,,
26.08.04,6:00:00,1.0,-200.0,59,-200.0,-200.0,,
22.10.04,18:00:00,8.4,40.0,163,24.3,54.3,,
22.03.05,2:00:00,0.9,2.9,87,12.8,64.5,,
15.05.04,2:00:00,1.0,5.4,71,17.4,43.4,122.09260590000001,69.09541216
20.03.04,7:00:00,1.1,4.3,91,13.5,58.4,25.85017368,54.35180922
15.11.04,2:00:00,0.3,0.6,31,10.7,36.1,,
06.10.04,7:00:00,-200.0,24.2,-200,17.6,70.5,,
23.06.04,8:00:00,3.2,19.0,110,21.7,49.6,,
14.05.04,4:00:00,-200.0,6.1,87,15.5,59.9,114.42369369999999,60.2132826
10.08.04,18:00:00,1.8,10.9,96,38.8,24.7,,
04.01.05,7:00:00,1.1,-200.0,118,-200.0,-200.0,,
18.09.04,14:00:00,1.1,5.0,78,27.6,29.2,,
11.04.04,2:00:00,1.0,3.7,68,9.3,64.3,143.6226064,167.88976619999997
17.06.04,4:00:00,-200.0,3.3,51,18.8,58.6,,
19.03.04,17:00:00,4.6,20.9,158,16.0,50.7,24.25051924,59.15019792
26.01.05,18:00:00,1.0,8.5,177,5.1,43.0,,
19.07.04,16:00:00,-200.0,11.0,126,40.5,14.9,,
10.07.04,19:00:00,0.9,5.3,58,27.2,28.2,,
19.10.04,18:00:00,-200.0,23.6,-200,21.2,61.7,,
20.11.04,2:00:00,2.6,3.5,117,10.8,17.0,,
16.12.04,3:00:00,1.7,-200.0,-200,-200.0,-200.0,,
03.04.05,8:00:00,0.7,2.4,89,13.5,40.0,,
27.03.04,22:00:00,1.6,6.8,96,11.8,50.8,82.97374727,108.31298259999998
05.03.05,20:00:00,2.6,10.9,185,7.8,63.4,,
17.11.04,2:00:00,1.1,2.9,85,8.4,54.5,,
03.02.05,17:00:00,2.4,14.3,170,14.7,37.2,,
10.01.05,23:00:00,1.7,7.3,116,12.7,69.9,,
31.08.04,8:00:00,-200.0,26.2,-200,24.7,55.1,,
23.09.04,15:00:00,2.6,15.1,118,30.4,37.2,,
16.12.04,1:00:00,2.0,-200.0,100,-200.0,-200.0,,
25.11.04,5:00:00,2.2,9.4,94,4.0,85.7,,
31.07.04,4:00:00,-200.0,3.9,37,23.8,55.3,,
06.09.04,6:00:00,0.7,3.1,-200,23.7,49.2,,
20.08.04,10:00:00,-200.0,7.8,-200,32.2,41.4,,
26.03.05,5:00:00,0.8,5.3,84,16.3,69.8,,
07.11.04,7:00:00,0.4,1.2,35,15.1,52.0,,
17.05.04,20:00:00,3.0,12.7,122,22.0,24.0,115.8940535,69.63532897
18.10.04,10:00:00,-200.0,14.2,-200,19.7,49.3,,
15.01.05,10:00:00,2.7,10.6,155,4.5,76.6,,
26.03.04,19:00:00,2.7,12.4,98,10.4,48.0,85.14513291,105.77104340000001
11.07.04,21:00:00,1.8,11.0,124,24.2,35.9,,
27.03.05,13:00:00,1.3,3.8,91,18.1,62.8,,
08.08.04,2:00:00,0.8,4.5,39,24.9,57.3,,
07.01.05,6:00:00,0.7,1.8,63,6.7,75.0,,
07.04.04,14:00:00,1.4,6.1,79,14.4,51.8,138.9740003,168.4674924
27.03.05,17:00:00,1.8,4.9,126,14.4,80.8,,
22.06.04,1:00:00,0.7,4.1,49,20.0,50.9,,
22.05.04,2:00:00,1.5,9.7,93,17.6,47.6,122.0149376,69.25785173
24.11.04,8:00:00,3.8,18.7,114,9.8,80.5,,
27.03.05,3:00:00,1.0,3.9,74,16.2,64.3,,
14.03.05,18:00:00,5.4,25.4,225,17.9,37.6,,
28.11.04,8:00:00,1.0,2.6,74,8.6,77.2,,
07.11.04,6:00:00,0.4,1.5,31,15.5,51.5,,
14.05.04,12:00:00,2.0,10.5,97,25.9,23.6,122.662098,67.85369715
31.12.04,9:00:00,-200.0,3.1,-200,8.9,44.1,,
09.07.04,23:00:00,2.3,11.8,125,23.0,46.2,,
19.07.04,11:00:00,2.1,15.1,159,36.8,18.0,,
22.02.05,23:00:00,0.9,2.6,111,4.4,77.1,,
31.12.04,22:00:00,-200.0,5.6,-200,9.1,37.2,,
10.09.04,15:00:00,2.1,12.2,143,33.6,19.6,,
30.09.04,2:00:00,-200.0,2.9,-200,17.5,56.1,,
13.12.04,15:00:00,4.4,28.0,204,16.0,38.7,,
01.12.04,17:00:00,6.2,26.8,174,12.3,79.7,,
18.03.05,23:00:00,1.9,6.8,150,12.1,67.6,,
07.11.04,13:00:00,1.0,3.7,34,17.6,33.8,,
02.04.05,14:00:00,0.8,2.3,80,22.0,20.2,,
27.03.05,0:00:00,1.6,6.4,102,16.3,65.2,,
12.11.04,11:00:00,1.6,6.9,122,16.3,58.4,,
31.12.04,1:00:00,-200.0,4.8,-200,6.9,50.3,,
09.11.04,13:00:00,-200.0,11.8,-200,12.5,42.3,,
11.03.05,6:00:00,0.6,2.7,89,4.5,56.3,,
23.11.04,2:00:00,0.8,8.8,113,8.0,76.2,,
02.03.05,7:00:00,0.7,3.5,110,-1.3,47.5,,
17.05.04,5:00:00,0.5,3.5,75,15.8,36.5,125.7852064,65.40809036
28.07.04,16:00:00,-200.0,10.8,111,36.8,13.7,,
04.01.05,10:00:00,3.1,-200.0,171,-200.0,-200.0,,
07.09.04,14:00:00,1.4,7.9,-200,31.5,21.5,,
03.06.04,8:00:00,-200.0,20.2,97,20.0,57.4,,
22.08.04,19:00:00,-200.0,7.4,-200,30.4,28.2,,
05.12.04,16:00:00,1.5,3.7,83,11.5,81.0,,
18.11.04,8:00:00,4.5,21.5,225,7.7,72.5,,
18.05.04,2:00:00,0.3,2.0,50,20.0,34.5,112.2946567,62.09358339
06.12.04,12:00:00,2.5,12.0,119,18.4,52.6,,
03.02.05,22:00:00,3.0,15.5,217,6.3,65.1,,
01.11.04,14:00:00,1.5,6.5,64,23.1,70.8,,
07.05.04,5:00:00,0.7,2.8,48,14.6,61.1,56.71665014,159.4681731
22.07.04,12:00:00,2.1,14.0,130,40.1,19.0,,
26.08.04,21:00:00,1.0,-200.0,68,-200.0,-200.0,,
17.12.04,20:00:00,3.3,16.4,130,13.3,68.0,,
14.03.05,17:00:00,3.4,14.4,177,18.9,34.4,,
24.12.04,21:00:00,5.6,-200.0,157,-200.0,-200.0,,
22.06.04,8:00:00,5.0,30.2,134,20.6,47.7,,
31.12.04,5:00:00,-200.0,0.4,-200,6.9,49.3,,
18.06.04,19:00:00,3.5,20.8,180,30.5,29.5,,
25.04.04,21:00:00,1.4,5.1,90,15.5,37.0,189.6433701,207.9843971
17.11.04,6:00:00,0.9,2.0,81,5.7,62.7,,
11.03.04,22:00:00,1.5,4.7,85,8.2,63.4,23.78120606,50.9841185
16.03.04,13:00:00,4.0,22.3,161,25.3,26.1,20.02594916,56.86776532
07.08.04,21:00:00,1.3,6.4,68,27.7,47.4,,
23.12.04,19:00:00,8.7,36.1,242,7.1,50.3,,
11.09.04,14:00:00,-200.0,7.0,-200,33.0,21.3,,
01.11.04,15:00:00,2.0,9.4,72,23.9,66.3,,
27.08.04,15:00:00,1.5,-200.0,89,-200.0,-200.0,,
31.10.04,13:00:00,1.8,8.8,71,22.0,67.0,,
22.07.04,4:00:00,1.0,5.4,70,23.8,55.4,,
13.06.04,22:00:00,0.7,2.3,54,19.8,45.7,,
04.03.05,21:00:00,2.3,7.9,175,7.5,58.7,,
05.11.04,4:00:00,0.5,2.8,41,16.5,71.0,,
19.05.04,18:00:00,4.3,21.9,162,26.4,30.1,113.058641,68.2696543
24.06.04,21:00:00,3.8,21.6,125,27.1,38.9,,
20.07.04,13:00:00,-200.0,13.4,130,39.8,16.0,,
19.10.04,20:00:00,-200.0,27.2,-200,20.8,65.1,,
18.03.04,18:00:00,3.7,21.5,156,23.0,26.8,31.39507851,57.24417396
19.03.04,9:00:00,6.2,31.3,166,13.6,58.8,21.57200409,57.45808596
19.08.04,8:00:00,1.2,7.8,57,29.0,48.5,,
18.10.04,16:00:00,-200.0,22.8,-200,20.0,56.5,,
15.06.04,11:00:00,2.7,16.0,115,30.3,26.9,,
21.12.04,1:00:00,1.5,4.3,127,6.4,35.8,,
08.07.04,13:00:00,1.3,9.9,109,41.8,15.0,,
09.10.04,18:00:00,3.8,21.7,109,27.0,51.2,,
09.02.05,9:00:00,2.7,-200.0,245,-200.0,-200.0,,
22.08.04,18:00:00,-200.0,5.3,-200,34.6,20.0,,
20.02.05,16:00:00,1.3,3.2,114,8.6,57.3,,
03.09.04,4:00:00,-200.0,2.7,-200,24.2,50.6,,
02.05.04,15:00:00,1.5,7.0,84,23.9,34.3,56.82949289,128.06453009999998
29.03.04,9:00:00,1.5,5.5,98,11.8,37.6,82.73443516,105.42246509999998
29.04.04,12:00:00,2.0,14.4,89,25.6,25.5,170.04922019999998,212.8317372
18.03.04,2:00:00,1.0,5.5,88,14.8,52.1,32.60154449,59.58170112
07.01.05,20:00:00,5.0,20.5,159,6.5,80.0,,
05.12.04,8:00:00,0.8,1.9,68,13.2,62.5,,
03.08.04,2:00:00,-200.0,3.3,36,27.1,47.4,,
13.08.04,21:00:00,1.0,4.7,71,26.9,47.5,,
05.09.04,19:00:00,1.7,7.0,-200,29.3,20.4,,
04.03.05,18:00:00,3.6,13.3,183,10.8,48.1,,
17.04.04,0:00:00,2.6,8.1,100,12.7,80.6,178.8839216,215.52467430000002
14.06.04,17:00:00,2.7,12.2,92,24.2,39.2,,
22.04.04,12:00:00,-200.0,13.6,-200,28.1,24.4,178.8995129,217.994144
24.03.04,7:00:00,1.2,4.8,75,10.4,59.2,84.20476659,100.3916954
31.03.04,3:00:00,0.5,1.0,-200,14.2,36.1,82.26623492,109.0170963
19.09.04,12:00:00,2.2,11.0,129,32.2,24.7,,
27.03.04,9:00:00,1.8,8.5,84,11.1,50.5,84.56745619,102.31667159999999
15.10.04,14:00:00,-200.0,13.0,-200,23.3,40.4,,
19.12.04,23:00:00,2.9,9.1,126,6.6,83.3,,
06.02.05,3:00:00,0.9,2.9,-200,2.6,48.8,,
20.05.04,20:00:00,4.5,20.6,179,24.1,29.9,126.119179,66.31973968
09.06.04,0:00:00,1.6,10.2,81,23.7,45.1,,
21.02.05,11:00:00,2.0,7.0,210,6.2,77.4,,
09.03.05,22:00:00,2.0,7.3,148,9.7,60.0,,
10.10.04,22:00:00,1.5,6.7,63,20.8,68.1,,
07.07.04,7:00:00,4.1,27.3,136,24.8,38.4,,
22.06.04,21:00:00,1.8,9.3,93,25.2,36.4,,
14.02.05,14:00:00,1.3,6.9,123,13.7,30.3,,
21.05.04,19:00:00,3.8,19.1,145,25.9,24.9,110.88794250000001,69.04921215
19.10.04,1:00:00,-200.0,8.0,-200,14.9,74.7,,
08.01.05,19:00:00,4.3,16.9,179,12.2,65.8,,
23.09.04,22:00:00,2.1,10.3,109,24.1,50.7,,
31.05.04,12:00:00,1.4,13.1,120,30.3,22.8,,
12.02.05,11:00:00,3.4,16.2,229,9.0,54.7,,
28.03.04,12:00:00,1.8,7.7,86,21.3,26.4,75.38771569,113.250221
09.07.04,6:00:00,1.0,7.2,83,26.9,40.3,,
19.03.05,22:00:00,2.3,7.3,163,13.2,65.6,,
08.04.04,18:00:00,4.6,24.0,154,19.3,28.6,148.6030131,147.6000176
29.05.04,20:00:00,1.2,7.9,112,20.8,33.2,,
22.02.05,10:00:00,3.5,15.0,255,6.1,74.0,,
18.01.05,9:00:00,5.1,20.3,175,4.3,56.8,,
26.10.04,9:00:00,3.8,19.6,95,17.7,70.6,,
11.09.04,19:00:00,-200.0,13.9,-200,29.3,32.6,,
01.09.04,17:00:00,3.2,19.4,149,34.6,22.0,,
09.12.04,6:00:00,0.4,0.8,41,14.5,62.9,,
24.03.05,15:00:00,2.0,10.3,123,24.1,33.3,,
19.01.05,3:00:00,-200.0,1.5,-200,6.9,76.4,,
27.02.05,17:00:00,1.1,2.4,111,7.9,38.9,,
30.04.04,22:00:00,3.0,14.6,102,18.1,66.1,52.94463197,152.17668510000001
19.08.04,3:00:00,0.4,1.8,-200,28.8,49.0,,
20.02.05,4:00:00,1.5,4.9,130,8.2,46.9,,
06.05.04,4:00:00,-200.0,1.2,22,13.1,67.1,39.85369515,175.1197
13.04.04,13:00:00,1.5,7.7,87,16.3,38.1,137.9090633,146.4706845
13.09.04,12:00:00,3.0,18.2,138,32.6,34.8,,
02.10.04,6:00:00,-200.0,6.3,-200,20.1,65.9,,
06.05.04,12:00:00,1.1,5.2,56,13.0,64.3,35.2694554,125.15011059999999
13.04.04,16:00:00,1.7,7.7,88,16.3,41.8,139.173182,153.9411187
08.10.04,11:00:00,3.7,21.0,105,24.4,52.5,,
28.05.04,2:00:00,-200.0,6.2,-200,16.6,49.7,,
09.10.04,23:00:00,3.4,15.2,89,24.5,57.5,,
06.04.04,11:00:00,1.6,7.6,78,20.2,40.1,122.4251303,158.58565359999997
23.11.04,12:00:00,5.3,26.5,198,13.3,66.9,,
24.03.05,12:00:00,3.2,17.8,140,16.0,67.9,,
03.10.04,4:00:00,-200.0,3.9,-200,20.2,64.4,,
21.12.04,19:00:00,3.6,15.5,165,6.9,40.3,,
26.10.04,14:00:00,4.5,26.4,158,24.9,48.3,,
06.09.04,14:00:00,1.2,5.4,-200,29.8,28.0,,
28.10.04,12:00:00,2.3,13.1,101,20.6,57.3,,
22.04.04,20:00:00,-200.0,22.4,-200,22.0,34.8,190.25800869999998,206.5477522
07.04.04,13:00:00,1.8,9.1,103,18.1,42.2,150.43940800000001,147.8879243
05.01.05,16:00:00,2.8,13.8,148,14.2,60.0,,
04.07.04,16:00:00,0.6,4.0,56,38.9,15.6,,
24.07.04,20:00:00,1.2,4.4,70,28.2,41.9,,
22.05.04,3:00:00,0.7,6.2,-200,17.9,46.3,127.5592563,61.1029364
19.12.04,5:00:00,1.0,3.0,79,3.3,53.5,,
01.06.04,0:00:00,0.3,4.7,45,18.6,75.7,,
08.02.05,3:00:00,0.4,0.6,-200,6.9,40.9,,
13.10.04,2:00:00,-200.0,0.9,-200,14.6,57.1,,
24.08.04,21:00:00,1.3,5.7,62,27.5,50.4,,
04.03.05,4:00:00,0.6,1.3,92,4.5,65.1,,
12.08.04,4:00:00,-200.0,2.5,25,26.7,61.0,,
10.10.04,17:00:00,1.8,7.8,71,20.8,73.1,,
27.11.04,0:00:00,4.1,16.9,143,13.0,73.7,,
18.08.04,20:00:00,1.6,8.5,70,31.3,39.5,,
27.02.05,9:00:00,1.2,3.7,124,3.7,64.8,,
11.02.05,4:00:00,1.6,-200.0,91,-200.0,-200.0,,
08.06.04,14:00:00,2.4,16.5,130,37.5,18.1,,
14.05.04,13:00:00,2.5,13.0,114,27.7,20.8,120.4739706,63.60752795
06.03.05,16:00:00,1.5,4.0,146,12.0,27.7,,
01.05.04,17:00:00,1.8,8.3,95,23.7,37.2,37.60080045,175.259524
21.02.05,13:00:00,2.2,9.3,204,8.1,64.8,,
12.04.04,15:00:00,1.2,3.6,77,11.4,61.2,125.6300278,168.1470315
12.06.04,12:00:00,1.8,10.0,101,31.9,25.8,,
30.04.04,2:00:00,1.2,5.9,74,15.7,78.4,58.26459918,147.9906999
22.03.04,13:00:00,2.0,10.4,87,21.3,28.1,36.02878273,55.67861158
01.10.04,10:00:00,3.6,21.2,129,23.2,56.6,,
27.08.04,4:00:00,0.6,-200.0,58,-200.0,-200.0,,
07.12.04,9:00:00,3.4,16.8,114,12.5,65.8,,
23.03.04,5:00:00,0.3,0.6,22,8.8,80.5,20.84200017,50.22542685
05.05.04,22:00:00,1.1,3.7,67,13.9,72.5,47.70354827,148.6362019
08.11.04,4:00:00,0.2,0.3,13,11.3,49.5,,
27.03.05,15:00:00,0.9,2.7,66,16.2,71.9,,
16.04.04,10:00:00,2.3,10.2,106,16.6,48.7,151.1890877,167.1074996
01.06.04,10:00:00,1.8,12.0,89,19.6,66.7,,
27.03.04,14:00:00,2.5,12.6,114,17.7,28.6,73.39202622,114.7744673
10.07.04,5:00:00,0.4,4.0,45,21.7,52.0,,
25.10.04,22:00:00,3.5,19.6,82,17.7,75.6,,
13.07.04,15:00:00,1.3,6.4,72,30.1,19.4,,
17.10.04,9:00:00,-200.0,5.6,-200,17.1,58.7,,
09.10.04,20:00:00,3.5,17.3,107,26.2,51.7,,
08.06.04,23:00:00,1.2,8.1,67,24.9,41.2,,
30.08.04,3:00:00,-200.0,1.8,-200,24.8,52.2,,
29.07.04,17:00:00,-200.0,12.8,135,37.4,18.1,,
12.08.04,15:00:00,1.0,5.6,60,37.3,28.0,,
21.12.04,21:00:00,4.0,13.8,185,6.3,42.6,,
03.12.04,17:00:00,6.9,32.6,173,17.7,68.3,,
29.06.04,17:00:00,3.7,21.5,198,37.1,26.9,,
03.09.04,17:00:00,4.6,21.9,-200,39.3,16.0,,
21.07.04,10:00:00,-200.0,22.1,194,33.9,26.8,,
21.02.05,10:00:00,2.9,9.6,254,3.8,84.3,,
16.06.04,23:00:00,2.4,13.4,98,22.5,45.3,,
20.03.04,4:00:00,-200.0,2.9,55,13.8,54.6,34.37145988,60.5311835
09.08.04,20:00:00,1.9,8.6,95,29.8,41.7,,
07.06.04,13:00:00,2.5,14.9,115,34.4,20.4,,
27.07.04,16:00:00,-200.0,7.3,99,32.8,22.2,,
14.04.04,12:00:00,2.1,10.4,95,18.4,34.2,136.5252735,150.365296
29.01.05,14:00:00,1.2,3.0,102,3.4,46.6,,
26.11.04,6:00:00,1.0,4.6,75,9.1,77.3,,
13.07.04,20:00:00,4.3,19.7,162,27.3,27.1,,
14.06.04,19:00:00,1.5,6.7,82,22.3,44.9,,
06.10.04,15:00:00,-200.0,17.1,-200,27.4,43.9,,
15.04.04,16:00:00,3.1,14.0,129,19.6,34.6,153.38679150000002,140.59147980000003
03.07.04,16:00:00,1.1,7.1,82,38.0,16.8,,
06.03.05,4:00:00,0.7,1.3,57,6.8,52.9,,
02.11.04,23:00:00,2.6,13.9,66,19.2,68.8,,
11.09.04,11:00:00,-200.0,12.7,-200,31.9,24.7,,
15.08.04,11:00:00,1.2,6.3,70,35.8,25.7,,
20.03.05,9:00:00,1.0,3.9,97,14.0,59.7,,
25.12.04,2:00:00,5.5,13.5,154,9.5,66.2,,
17.10.04,5:00:00,-200.0,1.7,-200,15.0,71.0,,
04.10.04,11:00:00,-200.0,21.8,-200,24.2,49.0,,
22.03.05,3:00:00,0.7,1.8,62,12.8,63.6,,
23.11.04,3:00:00,0.3,6.0,-200,7.8,81.3,,
08.07.04,15:00:00,2.1,16.5,145,41.9,14.8,,
02.02.05,9:00:00,6.7,27.3,224,2.8,64.2,,
14.12.04,23:00:00,2.1,-200.0,108,-200.0,-200.0,,
25.03.05,3:00:00,1.0,4.1,101,13.9,80.4,,
10.10.04,10:00:00,1.2,5.1,58,24.3,61.6,,
19.03.05,3:00:00,1.0,2.9,94,12.3,65.8,,
30.07.04,7:00:00,-200.0,19.4,105,23.0,50.9,,
17.10.04,3:00:00,-200.0,3.6,-200,15.8,75.5,,
31.05.04,20:00:00,1.1,10.7,96,21.7,46.9,,
05.09.04,11:00:00,1.0,2.7,-200,33.0,23.5,,
09.03.05,6:00:00,0.9,3.9,120,2.0,64.9,,
22.05.04,13:00:00,2.0,12.6,84,27.9,28.1,125.1929754,62.78922775
08.01.05,18:00:00,4.3,16.5,188,12.5,63.6,,
08.07.04,21:00:00,2.9,16.9,137,32.2,27.6,,
31.07.04,1:00:00,-200.0,6.4,77,25.7,46.8,,
24.04.04,18:00:00,2.8,15.7,123,24.9,38.1,187.5149576,200.2159718
28.03.04,0:00:00,2.3,8.9,102,10.9,55.9,83.79785982,102.2501227
15.12.04,20:00:00,2.4,-200.0,115,-200.0,-200.0,,
16.06.04,22:00:00,2.5,13.7,107,23.3,43.4,,
09.04.04,15:00:00,3.4,-200.0,137,-200.0,-200.0,120.31322320000001,165.87798080000002
14.05.04,18:00:00,4.1,19.1,144,25.2,24.3,130.3232112,65.33635879
03.07.04,6:00:00,0.7,5.9,69,20.5,49.3,,
02.10.04,3:00:00,-200.0,4.3,-200,21.3,61.0,,
13.06.04,17:00:00,0.8,3.0,59,21.7,42.7,,
22.05.04,20:00:00,1.8,10.9,90,22.3,45.4,117.40771459999999,63.37115879
24.01.05,0:00:00,-200.0,4.4,105,5.9,72.7,,
30.10.04,22:00:00,2.4,10.2,90,20.1,66.7,,
20.01.05,15:00:00,2.3,10.3,140,15.1,20.8,,
05.10.04,14:00:00,-200.0,17.1,-200,28.4,37.6,,
13.03.05,20:00:00,2.8,12.5,211,14.8,51.0,,
21.11.04,21:00:00,1.3,7.7,163,7.1,43.2,,
18.06.04,5:00:00,0.4,2.6,36,21.9,50.1,,
19.12.04,7:00:00,0.7,3.1,85,2.2,60.1,,
02.10.04,7:00:00,-200.0,12.3,-200,20.2,65.6,,
03.11.04,13:00:00,2.6,13.2,86,26.3,43.6,,
29.08.04,3:00:00,-200.0,5.9,-200,21.8,64.6,,
02.11.04,7:00:00,1.5,8.7,56,16.1,76.3,,
27.09.04,0:00:00,1.9,8.5,103,16.6,51.3,,
11.07.04,4:00:00,0.4,2.7,40,20.6,50.3,,
26.03.05,17:00:00,2.2,10.7,112,24.3,38.4,,
04.06.04,4:00:00,-200.0,4.6,-200,19.0,54.0,,
26.02.05,23:00:00,4.3,10.7,166,5.9,62.1,,
13.11.04,0:00:00,1.6,5.0,108,15.6,60.0,,
26.02.05,1:00:00,2.1,6.8,145,4.0,69.8,,
28.11.04,1:00:00,2.3,7.6,86,10.8,77.5,,
17.02.05,12:00:00,1.3,4.4,147,8.7,42.5,,
26.10.04,15:00:00,5.3,30.9,175,24.9,50.0,,
18.04.04,19:00:00,-200.0,13.5,-200,17.0,55.1,190.669532,202.57992130000002
11.06.04,22:00:00,2.7,15.0,127,25.3,24.6,,
13.02.05,19:00:00,2.5,9.0,211,14.8,42.8,,
23.10.04,20:00:00,4.1,17.7,117,21.6,67.7,,
29.06.04,21:00:00,2.5,14.4,115,30.5,42.3,,
14.07.04,6:00:00,1.3,9.9,89,18.8,49.4,,
06.08.04,3:00:00,-200.0,4.1,-200,21.7,73.2,,
26.11.04,7:00:00,1.7,8.4,95,9.3,76.9,,
03.08.04,6:00:00,-200.0,3.2,137,27.0,48.3,,
29.06.04,23:00:00,2.2,13.7,97,28.2,48.1,,
29.04.04,17:00:00,4.9,24.8,143,20.8,45.3,37.91469745,143.1502208
03.03.05,21:00:00,3.8,10.9,192,4.3,83.6,,
16.01.05,16:00:00,1.1,2.8,112,11.0,33.0,,
16.03.04,18:00:00,3.4,17.8,139,23.9,25.7,33.57399569,54.37017108
20.09.04,11:00:00,3.7,18.6,174,29.9,34.0,,
01.06.04,8:00:00,2.7,19.5,100,17.1,79.8,,
26.10.04,6:00:00,1.4,8.6,54,15.7,77.0,,
19.01.05,9:00:00,1.2,7.3,152,7.1,65.4,,
19.03.05,2:00:00,1.1,2.7,119,11.8,67.9,,
16.05.04,3:00:00,0.8,4.2,-200,15.9,44.7,117.5446196,63.83734435
30.05.04,9:00:00,0.3,3.0,60,22.0,31.9,,
15.09.04,9:00:00,-200.0,17.8,-200,22.5,68.9,,
27.08.04,14:00:00,1.4,-200.0,88,-200.0,-200.0,,
08.04.04,13:00:00,2.6,14.2,125,20.4,26.7,156.4556458,154.3055282
21.03.05,0:00:00,1.5,5.3,99,13.1,66.1,,
19.07.04,15:00:00,-200.0,10.9,129,41.4,13.8,,
11.07.04,10:00:00,0.6,4.6,57,27.9,33.6,,
25.12.04,15:00:00,2.4,9.7,159,12.1,61.8,,
03.06.04,21:00:00,-200.0,7.8,-200,23.0,43.1,,
08.02.05,9:00:00,2.9,15.1,253,6.6,43.7,,
13.01.05,12:00:00,3.2,12.8,178,13.1,58.5,,
20.11.04,8:00:00,2.0,11.1,177,6.3,44.8,,
02.10.04,21:00:00,-200.0,11.2,-200,22.1,61.1,,
28.04.04,19:00:00,5.4,28.3,155,23.1,42.2,176.7483204,211.0149821
20.04.04,16:00:00,-200.0,13.7,-200,25.9,26.9,171.77285519999998,216.49240330000003
03.07.04,21:00:00,1.5,9.0,94,27.4,33.4,,
11.08.04,17:00:00,1.6,8.0,69,37.4,29.9,,
23.04.04,6:00:00,0.8,4.9,67,14.3,55.4,174.8012582,200.9219209
25.05.04,13:00:00,2.2,15.8,127,31.6,9.2,,
14.08.04,10:00:00,0.9,4.7,52,31.6,35.5,,
26.01.05,23:00:00,0.2,2.5,90,4.0,56.8,,
29.03.04,3:00:00,0.7,1.3,-200,10.1,47.8,78.28780353,102.20941859999999
14.08.04,22:00:00,1.0,5.2,53,27.1,48.2,,
17.01.05,12:00:00,2.7,13.4,178,10.5,34.7,,
06.04.04,0:00:00,1.0,4.1,71,16.6,55.4,138.69675969999997,143.4022865
14.02.05,3:00:00,0.7,2.8,-200,8.4,67.1,,
16.03.04,1:00:00,1.2,5.4,88,14.8,60.6,23.75495546,50.78211583
21.07.04,13:00:00,-200.0,11.5,123,40.4,15.0,,
11.07.04,9:00:00,0.6,4.0,54,25.7,37.9,,
11.02.05,16:00:00,7.1,-200.0,340,-200.0,-200.0,,
26.12.04,11:00:00,1.0,3.5,112,11.5,72.6,,
21.05.04,3:00:00,0.3,2.7,-200,16.3,51.6,122.34480009999999,62.43949142
10.04.04,18:00:00,2.0,8.7,111,18.3,31.6,131.9725655,156.5787448
12.03.04,7:00:00,1.4,4.4,104,6.4,65.1,39.13739635,54.04567306
09.12.04,12:00:00,1.5,5.4,103,15.5,51.7,,
16.01.05,20:00:00,2.2,7.4,167,8.1,37.9,,
31.12.04,8:00:00,-200.0,1.6,-200,8.5,46.7,,
23.03.05,3:00:00,2.0,2.5,66,15.2,63.5,,
19.04.04,12:00:00,-200.0,10.9,-200,18.0,46.7,173.1444855,204.6399127
28.09.04,23:00:00,1.1,5.7,85,18.6,49.1,,
31.10.04,10:00:00,2.1,10.6,74,22.2,64.4,,
07.09.04,21:00:00,2.2,11.1,-200,26.3,34.1,,
23.08.04,20:00:00,1.7,8.6,92,28.9,28.3,,
23.03.04,3:00:00,0.5,1.2,-200,11.0,70.0,41.22191584,53.30061687
18.06.04,10:00:00,2.5,14.9,142,29.3,34.8,,
12.10.04,15:00:00,-200.0,8.0,-200,18.4,51.6,,
21.10.04,14:00:00,2.1,15.0,111,27.2,48.5,,
01.08.04,17:00:00,0.9,5.3,84,38.5,19.8,,
30.01.05,22:00:00,1.1,2.4,120,4.3,36.6,,
02.08.04,21:00:00,1.2,9.9,91,28.8,43.5,,
19.08.04,18:00:00,1.7,8.5,60,37.2,29.1,,
14.12.04,17:00:00,7.4,-200.0,257,-200.0,-200.0,,
12.06.04,18:00:00,1.1,6.2,61,32.5,27.6,,
08.08.04,3:00:00,0.9,4.6,-200,24.1,61.8,,
05.09.04,23:00:00,1.3,5.1,-200,25.9,32.9,,
18.09.04,10:00:00,1.4,6.6,83,25.4,34.8,,
30.12.04,8:00:00,-200.0,6.2,-200,8.5,43.6,,
18.07.04,16:00:00,0.4,5.6,70,41.4,11.8,,
22.12.04,12:00:00,2.1,8.2,111,10.0,34.2,,
11.05.04,19:00:00,6.3,34.3,158,23.1,35.3,117.2219717,64.18763837
10.06.04,4:00:00,-200.0,3.3,50,20.1,57.3,,
14.12.04,5:00:00,0.7,3.0,68,6.6,75.3,,
06.03.05,14:00:00,1.4,6.7,113,13.1,26.6,,
14.11.04,17:00:00,0.7,1.8,63,8.2,57.9,,
25.11.04,22:00:00,2.0,7.8,110,10.0,61.8,,
01.09.04,3:00:00,0.5,2.6,-200,22.3,59.7,,
25.03.05,2:00:00,1.0,4.0,109,15.2,73.3,,
27.07.04,18:00:00,-200.0,11.9,128,31.4,22.7,,
14.01.05,0:00:00,2.7,8.8,112,7.6,73.0,,
27.04.04,14:00:00,2.0,12.0,95,25.4,24.2,174.1703433,218.1733586
12.02.05,22:00:00,5.0,22.0,241,10.2,60.0,,
12.11.04,7:00:00,0.6,2.3,67,14.1,64.5,,
31.03.05,8:00:00,4.1,10.9,170,16.8,51.6,,
15.10.04,16:00:00,-200.0,23.1,-200,21.5,44.5,,
21.09.04,11:00:00,3.1,17.0,158,28.5,39.0,,
17.02.05,16:00:00,1.4,5.0,136,9.0,44.9,,
10.01.05,7:00:00,0.4,6.7,104,12.3,73.3,,
30.10.04,16:00:00,3.9,19.1,135,22.9,61.6,,
25.12.04,4:00:00,-200.0,10.5,130,9.1,68.7,,
10.12.04,21:00:00,2.6,8.0,147,12.7,21.3,,
13.02.05,22:00:00,1.3,5.3,143,12.5,47.8,,
16.03.04,23:00:00,1.7,9.1,117,16.7,48.9,32.39038082,55.51329083
05.05.04,23:00:00,1.5,4.9,83,12.0,79.8,60.82872291,166.3472942
25.04.04,11:00:00,0.9,2.7,58,17.2,35.0,175.3797289,216.64691969999996
26.07.04,13:00:00,-200.0,8.6,92,35.4,24.8,,
27.03.04,13:00:00,2.1,10.0,96,19.1,26.8,85.07390079,104.31041090000001
27.09.04,1:00:00,1.3,5.8,81,15.9,55.2,,
13.10.04,22:00:00,-200.0,3.8,-200,15.2,55.5,,
10.03.04,23:00:00,1.2,4.7,96,11.2,59.2,30.00275671,56.85628797
25.05.04,11:00:00,3.2,18.5,155,28.3,9.9,,
09.09.04,5:00:00,0.4,2.7,65,21.7,33.4,,
23.11.04,7:00:00,2.1,10.0,111,8.9,79.3,,
02.08.04,5:00:00,0.4,2.7,35,25.1,62.4,,
02.04.05,18:00:00,1.1,4.0,117,18.6,26.6,,
07.12.04,23:00:00,1.8,7.7,92,14.6,60.6,,
15.04.04,20:00:00,6.1,24.2,148,16.8,49.8,157.8099096,163.5689519
28.08.04,2:00:00,0.6,-200.0,49,-200.0,-200.0,,
04.02.05,11:00:00,3.2,14.3,247,12.1,36.9,,
04.04.04,13:00:00,-200.0,7.1,-200,25.6,32.1,85.02012766,113.7540223
21.05.04,15:00:00,2.0,13.0,110,32.8,19.5,119.6837578,63.04840037
24.03.04,16:00:00,2.7,11.4,126,9.6,81.1,79.36744774,109.3923875
13.08.04,9:00:00,1.4,8.7,77,30.5,44.4,,
10.12.04,7:00:00,0.5,1.4,63,11.5,38.0,,
30.08.04,2:00:00,-200.0,2.9,-200,23.7,56.2,,
11.01.05,1:00:00,1.5,4.9,107,13.2,66.8,,
10.01.05,14:00:00,2.6,19.3,155,14.4,63.8,,
08.06.04,15:00:00,2.6,14.8,143,37.7,17.7,,
19.05.04,7:00:00,3.1,20.9,94,16.4,53.4,110.21023000000001,63.48842474
08.02.05,10:00:00,2.2,8.6,225,8.7,36.3,,
08.03.05,8:00:00,3.4,18.3,182,0.9,59.1,,
13.10.04,5:00:00,-200.0,0.7,-200,14.3,58.4,,
06.08.04,10:00:00,2.6,14.2,107,25.6,61.2,,
18.08.04,0:00:00,-200.0,6.4,-200,25.8,39.5,,
19.07.04,21:00:00,-200.0,14.3,135,30.2,30.8,,
07.08.04,6:00:00,0.6,3.3,44,22.6,63.4,,
16.05.04,18:00:00,1.8,9.9,106,26.8,33.5,130.25953140000001,61.12365145
24.03.05,20:00:00,7.5,35.5,232,18.8,49.1,,
17.08.04,8:00:00,2.5,16.0,82,24.3,47.8,,
05.06.04,2:00:00,1.6,9.2,-200,19.8,53.1,,
01.11.04,13:00:00,2.5,10.9,91,23.7,68.2,,
22.04.04,2:00:00,-200.0,3.0,-200,16.0,53.5,180.81606269999997,205.5651743
25.07.04,14:00:00,0.7,2.5,44,29.8,38.6,,
03.05.04,5:00:00,0.7,3.7,57,15.8,64.3,60.17628549,145.935452
31.07.04,10:00:00,3.4,15.7,160,32.8,33.4,,
28.02.05,1:00:00,1.0,1.8,94,4.0,52.9,,
23.03.04,18:00:00,1.9,9.3,97,13.7,49.5,90.5395171,112.1893634
20.12.04,5:00:00,0.6,0.8,37,8.8,62.9,,
27.05.04,5:00:00,-200.0,4.1,-200,15.5,48.6,,
02.01.05,1:00:00,1.6,4.3,105,4.5,63.5,,
17.11.04,14:00:00,4.3,20.3,212,16.5,32.9,,
17.08.04,9:00:00,2.3,12.2,137,27.3,40.7,,
17.09.04,21:00:00,1.5,6.9,105,22.1,43.0,,
13.07.04,13:00:00,2.3,11.5,112,34.5,13.3,,
05.02.05,0:00:00,1.6,5.3,166,5.5,49.0,,
29.06.04,15:00:00,2.5,15.3,141,37.2,25.6,,
08.05.04,17:00:00,-200.0,7.1,-200,19.8,33.6,112.28107490000001,64.48480685
22.11.04,17:00:00,4.0,25.4,199,8.5,52.6,,
11.04.04,0:00:00,1.4,5.1,84,11.2,56.2,134.0497115,165.2812496
05.08.04,5:00:00,-200.0,3.9,-200,22.8,63.7,,
11.03.04,0:00:00,1.2,3.6,77,11.3,56.8,50.26155162,53.51020952
21.01.05,2:00:00,1.4,4.5,94,6.7,57.4,,
17.12.04,11:00:00,5.1,-200.0,198,-200.0,-200.0,,
11.08.04,15:00:00,1.0,4.5,50,38.8,25.4,,
24.08.04,5:00:00,0.7,2.8,48,20.2,47.1,,
16.05.04,13:00:00,0.9,4.8,56,30.6,19.4,119.09759270000002,61.9485313
21.11.04,10:00:00,0.4,6.4,125,7.2,42.8,,
08.07.04,17:00:00,3.1,20.5,200,39.1,16.9,,
25.09.04,6:00:00,0.4,1.3,3,15.5,53.3,,
30.01.05,0:00:00,1.1,2.3,92,2.9,49.7,,
07.03.05,17:00:00,1.7,6.3,176,9.4,27.3,,
03.09.04,11:00:00,-200.0,17.0,-200,34.5,28.5,,
01.03.05,23:00:00,1.1,2.5,110,0.3,31.9,,
17.08.04,1:00:00,0.6,3.1,37,28.3,36.7,,
04.09.04,17:00:00,2.4,12.3,-200,39.5,18.5,,
25.07.04,16:00:00,0.7,2.3,37,31.2,36.3,,
02.05.04,13:00:00,1.1,4.8,64,24.4,32.7,34.33779989,145.9235204
12.11.04,2:00:00,0.7,2.4,71,13.1,67.7,,
27.07.04,11:00:00,-200.0,8.5,108,31.2,26.6,,
31.08.04,15:00:00,1.9,11.0,101,33.8,25.8,,
01.08.04,0:00:00,2.0,11.2,82,26.6,47.5,,
17.10.04,23:00:00,-200.0,8.1,-200,15.5,60.6,,
14.09.04,14:00:00,-200.0,8.2,-200,34.0,33.6,,
04.09.04,1:00:00,1.2,6.7,-200,25.8,45.4,,
04.12.04,13:00:00,3.1,11.9,124,11.8,86.5,,
19.08.04,2:00:00,0.6,2.3,30,28.3,49.5,,
28.07.04,18:00:00,-200.0,17.7,-200,35.3,16.8,,
17.04.04,12:00:00,-200.0,5.0,-200,18.8,50.1,170.8837564,201.1624831
08.12.04,7:00:00,1.0,4.0,68,11.8,71.4,,
30.05.04,1:00:00,1.6,9.1,107,17.8,41.7,,
27.10.04,10:00:00,3.2,16.1,132,19.7,65.4,,
15.11.04,4:00:00,-200.0,0.4,21,10.7,39.2,,
26.06.04,12:00:00,1.4,8.5,90,36.3,17.5,,
26.09.04,11:00:00,1.0,3.5,61,22.0,32.2,,
22.03.04,7:00:00,1.2,5.1,76,15.7,57.6,49.88173189,57.94421723
05.03.05,21:00:00,3.2,10.2,199,7.2,69.5,,
30.08.04,4:00:00,-200.0,1.7,-200,22.9,59.4,,
13.04.04,12:00:00,1.6,7.2,84,15.1,42.7,129.4010171,167.696718
25.12.04,22:00:00,4.5,15.8,127,10.4,82.5,,
18.09.04,20:00:00,2.0,9.2,116,24.7,37.1,,
08.12.04,9:00:00,1.1,4.0,69,13.2,65.2,,
16.04.04,20:00:00,6.0,19.9,140,13.8,78.0,126.4268591,169.5682957
23.05.04,0:00:00,4.1,20.5,114,19.8,54.5,128.3093002,67.21783037
30.11.04,21:00:00,4.1,12.4,160,10.7,73.9,,
11.06.04,21:00:00,2.9,16.1,140,27.2,22.5,,
12.03.05,19:00:00,0.8,7.5,152,14.0,47.8,,
29.05.04,18:00:00,0.8,5.8,83,22.4,31.3,,
04.02.05,7:00:00,1.4,6.9,186,1.8,73.7,,
18.03.04,10:00:00,4.5,21.3,150,17.8,40.5,22.300593799999998,56.19170232
01.05.04,2:00:00,1.6,6.5,71,16.5,70.2,52.54292453,168.8527201
21.10.04,5:00:00,0.8,5.1,60,21.3,69.5,,
30.11.04,20:00:00,6.8,30.3,168,11.5,68.0,,
26.12.04,22:00:00,1.0,3.8,106,11.8,77.5,,
10.11.04,12:00:00,1.4,6.8,165,8.0,81.6,,
09.09.04,7:00:00,3.0,18.2,136,19.7,37.5,,
10.08.04,6:00:00,1.2,7.6,42,23.4,65.7,,
08.06.04,2:00:00,0.5,2.5,42,20.5,54.3,,
24.05.04,15:00:00,1.2,7.5,81,25.8,12.9,126.7116693,65.86705383
15.11.04,23:00:00,1.3,4.0,94,11.3,40.3,,
11.11.04,1:00:00,2.1,9.4,132,9.3,73.5,,
26.12.04,2:00:00,1.3,3.5,108,11.3,80.1,,
04.05.04,16:00:00,1.2,6.3,54,19.9,55.2,59.85543012,171.96623490000002
14.02.05,4:00:00,0.5,1.8,62,8.3,67.2,,
28.12.04,20:00:00,-200.0,11.3,-200,12.0,60.8,,
10.06.04,13:00:00,2.5,14.1,126,37.9,23.2,,
13.01.05,20:00:00,2.9,13.3,129,11.0,67.1,,
11.06.04,4:00:00,0.4,2.6,53,22.0,44.3,,
28.10.04,11:00:00,2.4,12.2,112,20.4,58.1,,
29.10.04,14:00:00,5.5,26.1,163,19.7,82.2,,
11.03.05,14:00:00,2.2,14.2,182,18.8,31.8,,
07.12.04,15:00:00,3.0,13.7,123,19.2,47.1,,
15.03.05,22:00:00,2.3,8.4,174,13.8,49.6,,
24.03.04,0:00:00,1.2,4.9,85,11.1,62.2,70.89793955,120.67382659999998
05.11.04,17:00:00,8.1,45.0,180,23.0,54.2,,
22.03.05,8:00:00,2.2,13.5,116,11.8,66.3,,
02.07.04,23:00:00,1.8,10.1,119,25.5,34.0,,
02.12.04,20:00:00,7.8,36.6,161,15.4,73.0,,
10.11.04,13:00:00,1.9,7.8,175,9.5,70.0,,
26.07.04,20:00:00,-200.0,11.8,130,30.5,29.9,,
14.06.04,10:00:00,1.5,7.0,84,24.8,39.1,,
04.02.05,13:00:00,1.2,6.3,138,14.5,28.3,,
26.12.04,12:00:00,1.6,5.7,134,12.8,65.5,,
17.08.04,10:00:00,2.0,10.0,119,33.3,28.2,,
04.10.04,16:00:00,-200.0,21.1,-200,28.9,36.3,,
24.09.04,13:00:00,4.6,26.9,153,25.4,48.7,,
08.04.04,16:00:00,1.9,10.7,95,21.0,25.4,160.8573286,152.1654939
01.09.04,22:00:00,1.7,9.5,121,26.6,39.9,,
23.08.04,4:00:00,-200.0,2.0,-200,20.6,55.1,,
19.07.04,7:00:00,2.3,16.6,112,22.9,43.0,,
11.12.04,12:00:00,2.6,12.5,133,17.8,23.6,,
01.11.04,6:00:00,1.8,9.6,45,19.2,74.7,,
25.05.04,15:00:00,-200.0,12.6,-200,32.6,9.2,,
14.05.04,19:00:00,4.5,21.8,164,24.6,25.1,118.7866062,69.54573207
06.02.05,16:00:00,1.0,2.7,100,10.2,28.3,,
13.07.04,22:00:00,2.4,12.1,120,25.2,28.6,,
18.02.05,15:00:00,1.7,6.7,134,11.3,31.7,,
02.04.04,7:00:00,2.6,13.0,109,11.9,73.7,76.23581947,111.0908817
07.11.04,8:00:00,0.5,1.6,51,14.9,46.8,,
15.03.04,12:00:00,3.1,14.1,134,22.0,34.1,33.56034623,58.40029436
14.05.04,23:00:00,1.9,10.4,115,20.4,35.3,113.0495402,66.60363453
06.02.05,6:00:00,0.7,1.3,85,1.0,52.2,,
11.09.04,15:00:00,-200.0,7.0,-200,33.9,21.2,,
23.07.04,14:00:00,1.5,12.5,121,41.9,15.2,,
24.02.05,22:00:00,2.4,8.4,227,5.6,81.2,,
22.09.04,12:00:00,2.5,13.4,130,30.8,32.0,,
13.03.05,0:00:00,0.1,2.8,107,12.5,55.4,,
31.07.04,17:00:00,1.0,6.2,68,39.1,20.7,,
21.04.04,20:00:00,-200.0,26.0,-200,21.4,36.0,190.8037174,209.71589790000002
28.05.04,7:00:00,-200.0,19.2,-200,16.3,51.3,,
20.10.04,17:00:00,8.0,43.7,194,24.6,58.9,,
08.11.04,16:00:00,2.2,11.2,132,13.1,40.4,,
09.09.04,15:00:00,2.4,15.0,152,35.4,16.6,,
23.10.04,12:00:00,3.4,19.4,118,25.0,52.4,,
16.03.04,8:00:00,3.4,16.2,97,11.7,63.7,45.57711087,53.23062475
14.10.04,6:00:00,-200.0,3.2,-200,15.2,55.9,,
28.09.04,5:00:00,0.7,3.9,69,11.9,62.7,,
10.12.04,2:00:00,0.7,2.7,60,14.7,37.5,,
01.09.04,14:00:00,1.7,10.4,93,31.1,28.6,,
08.01.05,20:00:00,5.5,22.4,196,12.6,65.2,,
26.05.04,15:00:00,1.6,12.0,109,31.8,13.5,,
23.03.05,9:00:00,4.9,27.0,158,17.8,53.3,,
02.04.04,6:00:00,1.1,4.3,82,11.4,71.8,75.18001988,111.39988419999999
21.05.04,16:00:00,2.3,13.5,114,32.5,18.6,124.05691110000001,61.98206646
30.05.04,7:00:00,0.2,3.6,61,18.6,44.2,,
31.12.04,10:00:00,-200.0,5.6,-200,9.4,42.5,,
08.02.05,13:00:00,1.5,6.9,158,12.7,27.4,,
27.12.04,12:00:00,1.4,6.2,113,13.4,61.3,,
11.07.04,8:00:00,0.3,3.1,38,23.5,44.0,,
01.12.04,1:00:00,1.3,3.8,94,10.1,75.3,,
28.03.05,14:00:00,1.2,4.8,81,23.6,39.4,,
02.08.04,19:00:00,1.9,12.2,139,32.8,32.2,,
27.11.04,6:00:00,1.7,7.6,99,12.3,81.9,,
24.07.04,14:00:00,0.8,3.4,34,35.4,32.4,,
06.03.05,1:00:00,1.8,4.6,160,7.0,60.0,,
06.07.04,13:00:00,3.4,19.3,174,39.6,16.9,,
04.12.04,15:00:00,2.6,9.6,115,11.9,88.7,,
17.10.04,7:00:00,-200.0,2.3,-200,15.9,62.1,,
21.12.04,5:00:00,0.3,0.7,41,4.7,41.4,,
19.02.05,5:00:00,0.8,2.4,89,1.9,60.0,,
15.03.05,2:00:00,0.7,2.0,69,11.1,66.1,,
19.06.04,2:00:00,0.6,4.3,62,23.8,47.3,,
21.03.05,1:00:00,1.6,4.7,104,13.3,66.4,,
30.09.04,9:00:00,-200.0,20.9,-200,18.6,57.2,,
11.12.04,7:00:00,1.2,5.2,106,9.3,43.1,,
14.01.05,18:00:00,5.7,26.1,197,8.2,74.9,,
15.11.04,3:00:00,0.2,0.4,-200,11.0,37.3,,
27.11.04,23:00:00,2.7,10.1,89,11.2,78.3,,
11.05.04,8:00:00,5.5,31.0,120,14.5,59.8,119.7149966,67.51680616
02.07.04,0:00:00,2.3,13.3,105,26.1,45.3,,
20.09.04,16:00:00,2.6,15.5,124,34.3,23.2,,
07.08.04,4:00:00,0.7,2.9,49,21.9,67.1,,
30.03.05,13:00:00,1.8,8.3,125,25.6,28.5,,
17.10.04,4:00:00,-200.0,2.2,-200,16.0,69.5,,
29.05.04,22:00:00,1.3,8.5,93,19.5,36.9,,
28.03.04,17:00:00,1.3,4.1,75,17.0,31.4,89.83148517,111.156081
11.06.04,9:00:00,4.0,21.5,148,25.6,35.8,,
27.05.04,7:00:00,-200.0,24.8,-200,17.0,46.0,,
11.10.04,21:00:00,1.9,10.3,62,20.0,63.3,,
12.05.04,19:00:00,3.4,14.8,123,17.6,43.7,130.1130949,62.37557865
01.04.05,5:00:00,0.5,1.4,66,13.5,50.6,,
07.08.04,2:00:00,0.7,3.4,45,24.4,58.6,,
08.12.04,12:00:00,2.1,9.5,92,16.0,58.1,,
03.02.05,5:00:00,0.3,2.9,105,1.2,63.7,,
08.05.04,14:00:00,-200.0,4.3,-200,16.3,55.3,110.20261670000001,67.59347324
23.11.04,21:00:00,8.3,31.7,178,10.4,79.3,,
23.03.04,9:00:00,3.8,21.0,132,11.2,69.7,82.45471082,108.2485251
07.07.04,18:00:00,4.3,21.8,233,36.9,17.9,,
30.03.05,2:00:00,0.7,2.4,68,11.6,74.9,,
21.05.04,6:00:00,0.7,7.0,62,14.9,54.7,112.6612586,70.45407405
27.11.04,12:00:00,4.0,17.6,170,15.8,70.5,,
02.01.05,5:00:00,1.1,2.7,75,3.1,69.2,,
11.12.04,3:00:00,1.1,3.6,-200,11.7,33.8,,
11.08.04,4:00:00,0.5,3.2,24,26.4,61.6,,
24.12.04,1:00:00,3.9,14.6,174,5.1,59.0,,
24.09.04,10:00:00,3.4,20.3,138,25.1,49.5,,
02.12.04,5:00:00,0.7,2.4,59,12.0,78.0,,
31.10.04,19:00:00,4.7,22.4,100,21.2,70.3,,
17.07.04,11:00:00,1.9,11.0,117,35.1,19.2,,
20.03.05,23:00:00,1.5,5.3,105,13.8,63.4,,
29.04.04,19:00:00,6.5,32.6,146,20.2,50.8,47.39910677,144.77449950000002
01.03.05,4:00:00,0.2,0.2,27,-0.1,37.5,,
06.12.04,0:00:00,1.0,2.3,64,13.2,62.9,,
20.04.04,7:00:00,-200.0,20.7,-200,11.0,77.4,180.54312009999998,205.9402039
07.03.05,3:00:00,0.6,0.7,-200,5.3,51.0,,
22.05.04,6:00:00,0.5,4.6,66,16.5,53.5,114.8704012,63.94351797
22.12.04,16:00:00,2.8,9.0,147,9.6,29.6,,
20.06.04,15:00:00,0.8,-200.0,54,-200.0,-200.0,,
21.03.05,12:00:00,2.0,8.4,143,19.8,44.2,,
21.06.04,8:00:00,3.7,23.3,109,23.3,38.6,,
09.05.04,12:00:00,-200.0,5.8,-200,19.3,44.0,119.90643940000001,60.13413428
20.03.04,15:00:00,1.7,7.6,87,19.5,42.3,48.67534778,51.13202482
03.06.04,17:00:00,-200.0,16.6,-200,29.0,24.5,,
21.08.04,3:00:00,-200.0,2.0,-200,25.3,44.3,,
13.02.05,14:00:00,1.1,6.5,92,19.5,39.3,,
06.04.04,17:00:00,2.7,14.0,116,17.5,40.6,152.3552678,168.11138469999997
02.09.04,20:00:00,-200.0,17.0,-200,30.0,35.9,,
01.10.04,8:00:00,4.1,27.9,97,20.8,64.3,,
16.02.05,14:00:00,1.5,6.0,137,8.5,36.3,,
28.02.05,5:00:00,0.3,0.3,25,3.6,50.3,,
03.08.04,8:00:00,-200.0,21.3,142,27.4,48.6,,
23.03.04,12:00:00,2.7,13.4,129,13.1,54.8,90.65931333,115.63987859999999
12.03.04,2:00:00,1.4,4.1,91,7.1,61.8,37.9850456,60.65874397
16.03.05,12:00:00,2.8,11.9,194,23.1,27.3,,
23.02.05,4:00:00,0.6,1.2,70,3.2,82.8,,
12.05.04,7:00:00,4.1,23.6,95,15.5,62.2,122.81319690000001,60.63707314
22.01.05,14:00:00,1.3,16.9,186,14.9,49.9,,
22.10.04,3:00:00,0.7,4.1,-200,20.8,67.3,,
17.01.05,0:00:00,1.4,3.8,133,6.4,44.2,,
12.07.04,0:00:00,0.9,7.5,82,21.6,44.0,,
08.07.04,5:00:00,0.6,5.4,74,25.6,38.8,,
24.12.04,3:00:00,3.0,10.5,-200,4.7,60.8,,
11.09.04,7:00:00,-200.0,10.8,-200,19.9,50.8,,
30.05.04,3:00:00,0.3,6.2,-200,17.8,44.8,,
18.05.04,8:00:00,6.5,38.9,139,18.8,39.7,120.4641398,69.51986678
10.02.05,19:00:00,6.2,-200.0,243,-200.0,-200.0,,
26.04.04,19:00:00,3.0,12.5,111,17.8,37.5,184.7903029,216.48306490000002
13.10.04,21:00:00,-200.0,4.4,-200,14.9,57.1,,
15.12.04,2:00:00,1.7,-200.0,87,-200.0,-200.0,,
07.01.05,22:00:00,3.9,15.4,146,5.5,83.5,,
09.11.04,0:00:00,-200.0,4.9,-200,7.1,63.6,,
28.06.04,10:00:00,3.3,16.6,183,32.6,28.0,,
02.05.04,7:00:00,0.8,4.8,46,14.3,66.2,31.74870569,174.44496619999998
15.09.04,16:00:00,-200.0,17.2,-200,26.3,56.5,,
21.12.04,15:00:00,2.2,7.7,142,8.9,34.5,,
12.04.04,13:00:00,0.6,1.4,56,11.2,64.4,149.417148,156.60202969999997
02.05.04,14:00:00,1.2,6.8,73,24.6,31.7,42.6979105,128.6538798
03.12.04,12:00:00,3.0,14.9,144,16.4,72.1,,
11.06.04,20:00:00,3.4,18.6,158,29.1,22.0,,
01.09.04,8:00:00,4.9,35.2,117,23.2,54.0,,
11.06.04,17:00:00,2.6,15.2,142,35.4,14.7,,
06.09.04,16:00:00,1.5,6.7,-200,30.1,27.2,,
14.05.04,5:00:00,1.2,6.5,102,16.0,58.3,124.7013882,67.27415331
19.01.05,14:00:00,0.6,6.7,128,10.0,55.0,,
20.11.04,18:00:00,4.6,22.3,239,11.1,31.8,,
28.02.05,9:00:00,1.2,3.1,122,2.7,49.4,,
15.01.05,22:00:00,2.3,8.3,148,5.9,66.4,,
24.06.04,17:00:00,1.6,7.8,89,35.3,20.8,,
07.01.05,17:00:00,3.6,16.5,170,11.2,65.3,,
03.11.04,5:00:00,0.5,2.7,35,16.8,71.9,,
22.11.04,2:00:00,0.4,5.0,122,3.3,58.0,,
21.10.04,10:00:00,2.6,15.6,105,25.5,52.3,,
31.10.04,7:00:00,0.4,1.4,30,20.4,71.2,,
30.01.05,1:00:00,1.3,2.2,109,3.8,46.5,,
04.03.05,5:00:00,0.9,2.2,103,4.0,75.2,,
16.03.05,22:00:00,2.9,13.3,194,15.5,45.0,,
24.10.04,16:00:00,2.0,9.7,87,26.5,44.9,,
21.02.05,15:00:00,1.6,6.9,157,6.9,71.3,,
13.08.04,13:00:00,0.8,4.2,71,36.3,27.4,,
30.10.04,18:00:00,4.3,22.4,117,21.6,68.0,,
18.03.04,16:00:00,2.8,16.8,169,27.1,23.1,25.63712989,52.238431799999994
19.03.04,19:00:00,4.5,21.7,144,15.5,50.6,47.46522032,51.85319068
12.03.05,16:00:00,0.4,5.5,114,17.6,35.5,,
27.01.05,13:00:00,1.2,4.1,115,6.6,41.2,,
23.08.04,5:00:00,-200.0,2.0,-200,22.1,49.6,,
03.04.04,8:00:00,3.0,15.2,96,15.1,55.8,83.10208132,111.7719311
09.10.04,7:00:00,2.9,17.6,63,20.9,66.3,,
14.05.04,14:00:00,2.1,12.5,110,27.1,21.6,117.9205983,68.82546128
11.03.05,16:00:00,1.1,10.2,156,18.8,31.5,,
30.12.04,3:00:00,-200.0,1.5,-200,9.3,44.0,,
20.12.04,12:00:00,2.5,4.5,105,9.6,53.9,,
02.09.04,5:00:00,0.7,4.6,90,21.0,56.9,,
28.04.04,9:00:00,4.6,24.7,146,19.3,46.4,186.1083602,214.8883352
16.06.04,15:00:00,2.2,12.0,107,33.6,24.4,,
15.12.04,7:00:00,1.2,-200.0,83,-200.0,-200.0,,
23.07.04,9:00:00,3.5,21.6,133,29.0,37.6,,
22.11.04,1:00:00,1.0,8.2,145,3.9,55.9,,
12.07.04,19:00:00,3.4,15.4,128,23.6,35.7,,
01.12.04,6:00:00,0.9,3.3,74,8.9,79.2,,
02.08.04,22:00:00,0.3,10.7,98,28.0,46.2,,
07.02.05,6:00:00,0.6,1.3,85,3.6,44.5,,
17.03.04,0:00:00,1.7,8.6,107,15.5,52.9,48.76985954,60.63847816
04.12.04,11:00:00,1.5,6.5,94,12.4,80.1,,
04.08.04,2:00:00,-200.0,5.8,69,26.7,53.3,,
11.01.05,13:00:00,3.0,16.1,149,13.6,56.4,,
26.12.04,20:00:00,3.8,13.1,139,11.7,80.0,,
10.06.04,22:00:00,2.5,14.2,118,26.3,34.3,,
12.05.04,15:00:00,2.5,12.6,114,17.1,64.0,113.3409615,67.52780179999999
20.04.04,11:00:00,-200.0,19.4,-200,18.1,51.1,174.909754,211.33822200000003
19.04.04,14:00:00,-200.0,7.9,-200,12.1,75.6,170.98986000000002,205.664959
01.12.04,20:00:00,2.6,10.1,113,11.8,76.1,,
28.09.04,6:00:00,1.2,7.3,82,12.1,62.6,,
08.08.04,15:00:00,0.7,3.0,35,33.0,37.3,,
16.05.04,11:00:00,1.6,7.9,92,28.2,19.0,112.81700570000001,63.73683756
03.08.04,11:00:00,-200.0,10.6,158,34.7,32.1,,
17.01.05,19:00:00,8.7,37.2,225,7.8,48.1,,
24.11.04,16:00:00,3.4,17.4,160,13.7,66.8,,
28.06.04,17:00:00,2.9,17.7,163,39.1,19.6,,
23.10.04,15:00:00,3.1,15.8,119,27.0,44.2,,
05.06.04,16:00:00,1.9,10.2,92,26.6,47.6,,
18.12.04,10:00:00,3.3,15.7,153,12.6,54.0,,
01.10.04,1:00:00,1.6,9.7,74,19.4,69.3,,
10.07.04,23:00:00,1.9,10.4,110,23.1,44.2,,
08.08.04,6:00:00,0.7,2.6,36,23.4,61.7,,
29.06.04,16:00:00,2.7,17.6,172,38.0,25.0,,
05.03.05,8:00:00,1.3,6.1,156,5.0,54.5,,
30.07.04,20:00:00,-200.0,14.5,135,30.9,34.2,,
28.04.04,20:00:00,5.3,24.9,162,21.8,43.6,184.6749628,207.39637319999997
24.01.05,6:00:00,0.5,1.2,67,7.0,47.2,,
23.04.04,14:00:00,3.2,20.6,147,29.6,20.1,175.4698194,220.20161659999997
10.09.04,20:00:00,2.6,12.9,159,27.7,30.1,,
05.07.04,23:00:00,1.9,9.6,104,26.2,39.7,,
03.08.04,17:00:00,-200.0,12.1,137,37.5,24.4,,
05.10.04,20:00:00,-200.0,23.9,-200,23.9,57.2,,
06.04.04,18:00:00,3.0,15.0,120,16.8,44.3,150.71732880000002,142.3909968
07.02.05,14:00:00,1.4,5.4,149,12.0,21.9,,
05.05.04,17:00:00,1.6,10.0,72,17.7,56.9,47.58488144,134.2916159
14.08.04,2:00:00,0.6,2.5,42,25.1,55.3,,
24.06.04,15:00:00,1.3,6.1,65,35.3,23.7,,
25.09.04,1:00:00,1.1,3.7,7,15.4,53.6,,
04.05.04,12:00:00,2.6,13.6,99,21.5,47.9,43.09530259,164.1796333
29.10.04,15:00:00,4.5,18.1,144,20.2,79.1,,
03.10.04,15:00:00,-200.0,6.7,-200,27.1,43.3,,
03.10.04,6:00:00,-200.0,3.2,-200,19.9,66.0,,
11.02.05,14:00:00,5.8,-200.0,275,-200.0,-200.0,,
14.06.04,16:00:00,1.6,6.7,83,23.9,39.9,,
14.12.04,18:00:00,9.3,-200.0,248,-200.0,-200.0,,
05.03.05,11:00:00,1.1,5.2,117,13.0,30.3,,
30.09.04,18:00:00,6.3,34.0,182,24.6,50.0,,
06.07.04,15:00:00,2.0,12.7,151,40.2,13.9,,
29.09.04,22:00:00,1.9,10.9,125,19.7,49.3,,
11.03.04,17:00:00,2.9,11.2,135,9.8,67.6,49.39814731,54.40276279
23.03.04,2:00:00,0.7,2.5,70,13.0,56.8,37.09169295,51.38041718
30.09.04,21:00:00,1.6,10.5,84,22.1,61.3,,
04.12.04,14:00:00,2.5,8.4,103,11.9,85.7,,
11.10.04,23:00:00,1.3,6.5,57,18.8,60.9,,
20.05.04,21:00:00,2.9,13.4,143,22.2,34.4,118.3104101,67.18978139
12.08.04,21:00:00,1.3,7.5,67,29.3,50.2,,
27.01.05,14:00:00,1.5,4.7,126,7.3,36.8,,
03.04.05,2:00:00,0.7,2.7,77,12.0,44.2,,
17.12.04,13:00:00,3.5,-200.0,164,-200.0,-200.0,,
14.07.04,20:00:00,3.0,15.5,160,29.7,25.0,,
06.11.04,16:00:00,3.8,19.8,130,21.4,57.1,,
03.02.05,2:00:00,1.1,3.9,128,3.4,54.7,,
24.06.04,11:00:00,1.5,7.2,83,31.1,32.4,,
18.03.05,16:00:00,3.4,15.1,219,25.6,21.7,,
22.01.05,9:00:00,1.4,16.9,208,6.9,76.9,,
01.03.05,2:00:00,0.4,0.6,37,0.2,40.6,,
30.01.05,2:00:00,1.0,1.7,82,3.2,46.9,,
12.02.05,19:00:00,5.0,24.6,251,11.0,55.1,,
06.07.04,1:00:00,0.9,4.9,75,25.8,41.0,,
20.01.05,1:00:00,1.1,2.5,74,8.6,51.5,,
04.02.05,16:00:00,1.4,6.1,156,11.3,33.5,,
21.01.05,1:00:00,1.6,5.6,110,6.8,56.4,,
19.09.04,8:00:00,1.3,7.7,68,18.6,60.0,,
16.03.04,2:00:00,0.8,2.8,61,14.8,59.2,33.19501265,56.0073489
26.08.04,4:00:00,-200.0,1.7,31,23.0,47.7,,
02.05.04,11:00:00,1.3,6.1,72,23.6,36.4,30.42012411,155.108455
08.06.04,4:00:00,0.3,1.4,30,21.0,53.1,,
23.09.04,18:00:00,4.9,26.1,189,29.0,40.5,,
07.10.04,10:00:00,-200.0,18.5,-200,23.5,53.4,,
11.03.05,1:00:00,1.4,4.8,135,6.8,44.9,,
14.03.05,3:00:00,0.1,3.8,104,9.8,68.0,,
21.03.05,10:00:00,4.3,15.4,178,15.9,56.6,,
03.04.04,19:00:00,-200.0,26.7,-200,22.1,36.8,79.44766939,117.76026409999999
16.03.05,23:00:00,2.1,10.5,171,14.3,49.6,,
16.11.04,19:00:00,3.1,14.5,168,13.6,34.0,,
24.08.04,22:00:00,1.6,6.9,85,28.1,48.0,,
12.07.04,11:00:00,1.6,7.4,102,25.7,33.0,,
17.07.04,3:00:00,1.2,6.7,-200,21.2,45.8,,
16.03.05,0:00:00,1.4,5.7,134,11.8,56.9,,
14.04.04,5:00:00,0.9,3.3,62,10.2,65.8,152.5982898,154.65367849999998
13.11.04,3:00:00,0.8,2.7,-200,15.7,60.1,,
08.04.04,12:00:00,2.1,11.3,96,21.5,27.4,130.2102625,144.5701341
07.08.04,1:00:00,1.2,6.4,57,23.4,64.9,,
30.05.04,23:00:00,0.4,5.4,64,21.4,36.9,,
14.09.04,11:00:00,-200.0,15.8,-200,30.1,42.0,,
23.12.04,9:00:00,3.7,15.0,174,2.2,58.1,,
25.01.05,5:00:00,-200.0,0.2,20,3.7,56.3,,
28.04.04,0:00:00,1.3,8.0,83,17.4,46.3,174.87588180000003,202.7726296
17.12.04,21:00:00,3.1,13.4,137,13.2,72.8,,
19.02.05,4:00:00,0.9,2.6,98,2.3,58.9,,
12.11.04,6:00:00,0.5,1.7,53,13.9,63.8,,
15.03.05,6:00:00,0.6,2.4,88,9.3,67.9,,
11.05.04,23:00:00,2.2,12.4,100,17.3,58.8,130.7179458,63.05701254
21.10.04,3:00:00,1.5,6.0,-200,21.4,69.0,,
29.09.04,2:00:00,0.5,2.2,60,17.4,53.4,,
24.07.04,12:00:00,1.3,6.7,68,37.8,26.3,,
09.10.04,8:00:00,3.2,20.1,69,21.5,63.7,,
14.03.04,18:00:00,2.5,12.2,121,19.7,36.7,23.45816244,59.43261169
02.04.05,15:00:00,0.8,2.5,81,21.7,20.9,,
28.01.05,4:00:00,0.6,1.2,51,3.6,48.0,,
24.07.04,4:00:00,0.7,6.3,64,25.1,48.5,,
10.08.04,9:00:00,2.6,14.8,81,28.5,48.5,,
03.04.04,17:00:00,-200.0,15.2,-200,25.1,27.1,76.76249603,112.38986329999999
04.04.04,18:00:00,-200.0,10.0,-200,22.1,39.3,81.6591151,119.27470290000001
29.08.04,15:00:00,-200.0,4.1,-200,34.1,23.4,,
25.03.05,16:00:00,3.4,17.5,153,21.7,47.4,,
28.12.04,12:00:00,-200.0,10.4,-200,13.0,53.9,,
02.07.04,15:00:00,1.7,11.2,119,38.1,22.6,,
18.03.05,17:00:00,3.7,15.8,212,25.1,21.8,,
22.12.04,2:00:00,1.3,5.0,126,5.3,42.3,,
25.03.04,18:00:00,2.9,14.6,103,14.9,40.5,83.72022206,109.801162
09.04.04,6:00:00,1.5,-200.0,86,-200.0,-200.0,133.1703848,166.1526708
26.09.04,19:00:00,3.3,10.7,127,20.3,35.5,,
15.08.04,2:00:00,0.5,2.7,33,24.8,55.4,,
07.11.04,16:00:00,0.9,3.4,50,16.8,32.1,,
11.01.05,11:00:00,3.2,15.6,153,13.4,59.9,,
26.12.04,16:00:00,1.4,5.8,99,13.6,68.9,,
22.03.05,6:00:00,0.7,2.5,88,10.9,69.2,,
02.09.04,10:00:00,-200.0,15.8,-200,30.8,34.8,,
19.04.04,19:00:00,-200.0,7.9,-200,10.7,71.5,180.8528905,209.05750369999998
04.06.04,2:00:00,-200.0,4.5,-200,21.0,50.1,,
01.09.04,0:00:00,1.9,9.5,96,23.7,55.4,,
19.05.04,10:00:00,2.6,13.4,134,26.4,28.9,115.48580109999999,61.32041358
05.11.04,19:00:00,3.6,22.4,105,20.3,61.4,,
19.06.04,1:00:00,1.0,6.5,80,23.3,49.9,,
14.07.04,10:00:00,2.8,15.7,148,30.2,22.8,,
17.04.04,2:00:00,1.9,6.4,83,12.7,81.2,173.4890811,217.58433190000002
15.02.05,14:00:00,1.4,4.8,135,12.0,19.3,,
20.02.05,7:00:00,0.5,1.1,56,7.8,55.7,,
25.02.05,15:00:00,1.8,6.7,140,12.5,38.5,,
09.02.05,2:00:00,0.7,-200.0,73,-200.0,-200.0,,
25.12.04,19:00:00,4.8,18.0,170,10.9,75.9,,
02.08.04,17:00:00,1.9,12.9,157,36.9,22.7,,
20.11.04,12:00:00,1.6,8.5,149,14.8,14.3,,
23.10.04,13:00:00,3.0,16.9,111,25.4,50.8,,
11.12.04,0:00:00,1.6,4.8,116,12.4,24.0,,
05.10.04,21:00:00,-200.0,20.3,-200,22.7,60.8,,
19.10.04,13:00:00,-200.0,19.6,-200,20.9,58.1,,
27.12.04,18:00:00,2.0,7.8,110,13.4,66.6,,
16.01.05,14:00:00,0.8,1.9,85,11.4,32.0,,
29.12.04,20:00:00,-200.0,7.2,-200,10.8,47.3,,
11.06.04,0:00:00,1.5,10.4,96,24.7,39.3,,
19.03.05,16:00:00,2.1,8.7,153,21.7,35.1,,
17.05.04,0:00:00,1.4,5.4,85,19.6,26.5,126.5872209,67.44992492
17.04.04,22:00:00,-200.0,7.9,-200,17.0,50.8,172.37965480000003,220.9693949
10.03.05,9:00:00,3.9,21.2,168,7.5,64.5,,
17.12.04,18:00:00,3.2,-200.0,138,-200.0,-200.0,,
07.10.04,6:00:00,-200.0,7.4,-200,20.1,64.4,,
11.03.04,10:00:00,1.7,6.3,98,10.8,58.4,39.89489335,50.26589337
31.01.05,2:00:00,0.8,1.0,61,4.0,36.4,,
13.10.04,17:00:00,-200.0,11.2,-200,15.2,55.9,,
03.11.04,16:00:00,2.7,15.1,94,25.6,46.2,,
20.11.04,7:00:00,1.2,6.0,136,6.9,39.4,,
10.05.04,7:00:00,-200.0,31.5,-200,14.7,62.3,113.92159029999999,64.62111917
11.08.04,12:00:00,1.3,6.0,56,36.2,34.9,,
11.05.04,10:00:00,4.5,22.6,163,21.9,35.2,123.9544768,62.711357400000004
17.03.05,8:00:00,3.8,18.9,166,9.5,62.6,,
26.11.04,3:00:00,1.5,5.9,-200,9.1,72.9,,
05.04.04,23:00:00,1.6,7.3,92,17.0,53.9,126.24345009999999,146.927914
28.02.05,15:00:00,0.8,2.1,111,3.4,32.4,,
07.06.04,18:00:00,2.8,19.0,108,30.5,24.2,,
16.08.04,0:00:00,0.7,4.0,42,27.8,35.2,,
09.10.04,13:00:00,3.3,16.2,94,29.0,43.9,,
18.03.04,15:00:00,2.2,14.4,128,27.0,17.8,32.53288302,54.88107148
04.06.04,21:00:00,1.9,9.2,-200,23.5,36.9,,
22.07.04,5:00:00,0.8,4.1,50,24.9,50.6,,
14.03.05,16:00:00,2.4,10.8,158,20.2,32.2,,
27.03.04,3:00:00,1.1,3.8,-200,7.9,63.5,89.49099368,105.5554203
12.11.04,18:00:00,4.0,16.6,163,16.2,60.2,,
12.11.04,12:00:00,1.7,6.7,116,16.9,56.5,,
10.03.05,8:00:00,4.1,20.1,150,4.8,74.6,,
23.03.05,18:00:00,3.9,23.2,181,22.7,25.5,,
09.06.04,15:00:00,1.8,10.9,116,40.3,16.1,,
04.04.05,4:00:00,-200.0,0.8,43,11.8,56.0,,
08.04.04,20:00:00,4.3,15.8,136,15.8,39.8,142.85127930000002,167.17856819999997
19.01.05,20:00:00,2.3,9.6,141,9.0,50.4,,
13.03.05,11:00:00,1.0,7.7,160,13.5,51.6,,
12.07.04,15:00:00,1.3,6.4,72,26.0,34.9,,
22.05.04,8:00:00,2.2,14.6,94,19.3,48.3,111.5634679,64.8772364
08.09.04,12:00:00,-200.0,-200.0,-200,-200.0,-200.0,,
01.09.04,16:00:00,2.1,12.3,118,35.5,21.2,,
10.02.05,13:00:00,2.2,-200.0,147,-200.0,-200.0,,
26.06.04,16:00:00,1.2,6.7,73,37.2,20.5,,
23.08.04,16:00:00,1.1,5.2,55,37.3,15.4,,
13.08.04,18:00:00,1.0,5.1,76,32.0,28.2,,
01.08.04,5:00:00,0.4,2.6,21,24.3,59.4,,
09.03.05,18:00:00,3.8,17.8,168,14.6,41.0,,
04.08.04,4:00:00,-200.0,3.0,-200,27.0,51.8,,
28.01.05,11:00:00,1.5,5.9,176,4.6,49.7,,
21.08.04,14:00:00,-200.0,2.2,-200,29.3,33.1,,
18.10.04,11:00:00,-200.0,16.8,-200,21.1,47.2,,
28.05.04,8:00:00,-200.0,22.6,-200,18.4,45.7,,
06.10.04,11:00:00,-200.0,17.7,-200,25.7,46.4,,
13.08.04,15:00:00,0.7,4.0,68,35.2,20.5,,
08.11.04,17:00:00,3.2,17.0,156,13.0,39.3,,
27.01.05,11:00:00,1.3,3.5,125,7.0,38.4,,
15.11.04,0:00:00,0.6,1.3,62,10.9,33.5,,
18.11.04,5:00:00,1.1,3.6,89,5.9,76.6,,
20.02.05,6:00:00,0.5,1.0,40,8.0,54.7,,
16.09.04,0:00:00,1.6,8.6,109,21.1,70.1,,
11.02.05,18:00:00,6.5,-200.0,284,-200.0,-200.0,,
22.02.05,17:00:00,2.2,7.9,222,6.4,70.6,,
20.05.04,12:00:00,2.0,12.0,108,30.3,23.3,118.48869640000001,65.91836961
26.08.04,23:00:00,0.7,-200.0,49,-200.0,-200.0,,
26.03.04,7:00:00,1.6,6.7,90,8.5,66.3,76.28652829,116.14788390000001
23.08.04,0:00:00,-200.0,6.2,-200,23.6,45.4,,
30.08.04,15:00:00,-200.0,13.1,-200,33.0,31.4,,
11.10.04,8:00:00,3.5,24.5,68,20.2,66.6,,
30.11.04,18:00:00,5.2,22.8,159,11.9,62.3,,
29.07.04,16:00:00,-200.0,11.7,129,38.5,16.5,,
26.10.04,10:00:00,3.4,20.8,120,18.3,67.6,,
23.09.04,2:00:00,0.8,3.7,49,22.2,63.0,,
20.02.05,14:00:00,1.0,2.4,104,8.0,65.0,,
10.03.05,19:00:00,4.7,19.8,219,14.5,18.3,,
07.07.04,4:00:00,0.4,2.6,45,25.5,34.6,,
16.11.04,3:00:00,0.6,0.9,-200,11.2,41.3,,
11.04.04,4:00:00,-200.0,3.0,52,7.8,70.4,134.1036204,143.31354069999998
16.03.04,19:00:00,3.9,19.1,137,21.3,34.8,50.64768439,56.52400405
24.03.04,21:00:00,2.6,9.4,125,10.3,66.3,70.3397825,117.16004199999999
11.05.04,18:00:00,4.6,29.9,140,24.4,31.6,127.0354475,67.71928719
21.09.04,20:00:00,4.4,20.0,173,24.8,49.0,,
16.06.04,4:00:00,0.6,2.6,40,20.3,58.9,,
14.04.04,7:00:00,3.9,18.2,94,10.8,64.0,122.50261409999999,148.93885269999998
13.10.04,4:00:00,-200.0,0.6,-200,14.5,57.4,,
05.12.04,12:00:00,1.7,5.6,81,13.0,69.7,,
09.09.04,22:00:00,1.5,11.3,111,27.4,31.5,,
15.01.05,7:00:00,1.3,4.3,83,3.5,80.8,,
08.06.04,16:00:00,2.2,13.0,-200,37.8,17.4,,
19.02.05,19:00:00,2.5,10.0,202,10.9,34.9,,
16.02.05,8:00:00,3.6,16.1,288,5.2,48.3,,
21.08.04,17:00:00,-200.0,3.7,-200,28.5,29.4,,
18.06.04,2:00:00,0.5,3.1,43,24.0,45.8,,
23.04.04,15:00:00,4.4,25.3,196,30.0,19.4,184.82377130000003,220.74161260000002
06.03.05,0:00:00,2.4,9.2,170,6.8,72.1,,
12.08.04,2:00:00,0.9,3.8,62,25.9,64.5,,
02.08.04,11:00:00,1.9,11.0,119,34.0,32.7,,
08.05.04,5:00:00,-200.0,1.6,-200,7.4,85.2,126.06744599999999,60.55070129999999
13.09.04,0:00:00,-200.0,7.2,-200,23.0,63.3,,
01.04.05,16:00:00,1.4,4.3,137,18.9,26.2,,
21.06.04,1:00:00,2.2,-200.0,83,-200.0,-200.0,,
25.08.04,23:00:00,1.5,7.0,94,25.2,40.8,,
01.06.04,13:00:00,2.5,15.7,88,24.0,49.3,,
26.04.04,16:00:00,1.5,6.4,81,20.0,32.7,179.6376181,205.88502219999998
27.05.04,9:00:00,-200.0,24.5,-200,21.8,35.0,,
11.10.04,3:00:00,0.4,1.7,-200,18.8,73.8,,
30.11.04,23:00:00,1.9,6.5,113,9.6,79.9,,
15.05.04,8:00:00,2.6,13.6,108,17.6,43.3,113.25138570000001,65.02636792
29.09.04,15:00:00,2.8,15.9,148,27.7,25.1,,
20.07.04,5:00:00,-200.0,4.7,69,25.1,44.0,,
18.12.04,12:00:00,1.0,3.9,92,16.6,19.9,,
18.08.04,10:00:00,-200.0,5.7,-200,34.6,28.3,,
03.10.04,1:00:00,-200.0,6.5,-200,20.7,63.2,,
04.05.04,5:00:00,0.6,2.9,47,15.7,80.5,58.40653353,175.855796
05.09.04,10:00:00,0.9,3.0,-200,31.9,26.8,,
19.07.04,12:00:00,-200.0,14.3,159,39.1,16.0,,
08.05.04,20:00:00,-200.0,15.4,-200,15.1,51.8,112.4730525,60.43391174
30.07.04,16:00:00,-200.0,9.6,124,39.3,18.9,,
17.04.04,1:00:00,2.2,7.1,88,12.5,81.8,177.43660549999998,217.9320363
26.08.04,15:00:00,1.4,-200.0,76,-200.0,-200.0,,
21.01.05,21:00:00,6.4,35.7,243,9.4,69.1,,
07.05.04,21:00:00,2.0,8.0,97,13.4,65.2,34.96283231,163.57093730000003
28.10.04,14:00:00,2.9,17.5,113,21.4,55.6,,
08.04.04,11:00:00,2.4,12.7,112,19.3,34.2,154.3364681,168.55493280000002
26.01.05,14:00:00,0.5,4.8,129,4.9,45.3,,
16.11.04,10:00:00,4.3,16.4,212,14.5,33.8,,
11.11.04,20:00:00,4.7,20.6,177,12.9,68.8,,
17.03.05,20:00:00,5.6,24.8,228,17.3,35.2,,
02.11.04,17:00:00,6.8,38.0,140,24.4,56.0,,
04.03.05,1:00:00,2.3,6.8,154,4.1,81.2,,
31.07.04,9:00:00,2.8,12.5,125,27.3,47.1,,
13.08.04,0:00:00,1.4,7.0,62,27.4,59.4,,
16.07.04,7:00:00,2.4,15.8,102,20.5,47.7,,
17.06.04,7:00:00,3.6,23.4,100,20.2,54.5,,
15.10.04,7:00:00,-200.0,20.5,-200,14.8,80.4,,
19.06.04,13:00:00,1.5,10.3,83,36.1,22.1,,
26.04.04,18:00:00,3.2,13.9,119,18.3,35.9,185.18638069999997,201.37541930000003
13.07.04,2:00:00,0.5,2.0,50,18.4,53.4,,
23.07.04,1:00:00,1.3,8.8,72,27.7,40.5,,
01.04.04,19:00:00,5.5,25.0,164,20.8,36.7,73.82863756,117.7345977
29.07.04,12:00:00,-200.0,10.1,117,35.3,16.7,,
04.03.05,23:00:00,1.8,6.5,156,6.6,61.3,,
26.07.04,15:00:00,-200.0,8.1,97,36.3,22.8,,
16.12.04,6:00:00,1.0,-200.0,81,-200.0,-200.0,,
15.06.04,2:00:00,0.5,1.4,33,20.7,48.3,,
12.03.05,1:00:00,0.4,3.9,145,10.2,55.8,,
09.08.04,3:00:00,0.5,2.8,-200,24.3,65.1,,
05.11.04,18:00:00,8.0,42.8,154,21.4,60.9,,
14.03.05,20:00:00,6.5,28.3,227,15.9,47.9,,
21.05.04,12:00:00,1.9,11.6,106,29.7,23.7,117.36248400000001,60.51947871
18.12.04,17:00:00,0.8,3.5,81,13.2,18.8,,
02.10.04,23:00:00,-200.0,9.4,-200,21.7,60.8,,
07.12.04,11:00:00,4.1,19.8,155,16.9,54.2,,
17.03.05,12:00:00,2.2,11.1,189,24.3,24.7,,
08.08.04,18:00:00,1.0,5.0,54,33.8,32.1,,
03.09.04,19:00:00,4.9,24.5,-200,33.2,30.1,,
19.03.05,17:00:00,1.7,5.8,139,20.5,38.4,,
01.04.05,11:00:00,1.0,3.6,123,18.9,33.8,,
12.03.04,18:00:00,3.9,19.3,149,15.1,39.6,50.84196243,59.67311612
15.11.04,21:00:00,2.4,8.6,147,12.0,34.3,,
18.03.04,14:00:00,2.3,13.1,126,25.2,24.9,38.01116861,58.1972405
08.04.04,5:00:00,0.8,2.8,62,8.1,72.1,133.8386839,151.6816736
30.11.04,16:00:00,3.8,20.2,149,14.6,56.6,,
24.02.05,23:00:00,2.1,7.9,192,5.5,81.5,,
01.04.04,2:00:00,1.1,4.1,55,10.7,67.2,72.86789731,100.39740640000001
14.01.05,15:00:00,2.7,14.5,138,12.2,56.9,,
09.09.04,6:00:00,0.6,4.9,81,20.3,35.5,,
01.11.04,19:00:00,4.1,15.8,91,21.7,67.3,,
12.11.04,23:00:00,1.5,6.1,107,15.9,59.6,,
10.10.04,4:00:00,-200.0,3.6,38,22.8,64.0,,
23.03.04,16:00:00,2.0,8.7,100,12.0,61.1,77.30153074,104.8309548
12.03.04,11:00:00,2.7,11.6,143,14.3,38.4,40.48583547,55.55555432
19.07.04,1:00:00,0.3,4.3,55,26.8,32.3,,
16.02.05,21:00:00,5.2,16.8,251,5.9,44.3,,
25.06.04,18:00:00,2.8,14.4,127,32.9,15.5,,
25.11.04,16:00:00,2.8,14.2,156,16.8,36.7,,
03.07.04,18:00:00,1.2,7.3,89,35.3,17.0,,
06.05.04,17:00:00,3.3,12.4,122,14.4,64.2,38.17864256,160.32371369999998
07.07.04,16:00:00,1.8,10.8,116,41.3,13.0,,
12.08.04,8:00:00,2.2,14.1,65,27.5,60.1,,
19.06.04,17:00:00,1.0,-200.0,63,-200.0,-200.0,,
01.09.04,21:00:00,2.2,11.4,126,27.2,37.4,,
15.07.04,11:00:00,1.6,8.0,116,31.1,29.6,,
10.01.05,4:00:00,0.6,1.3,60,12.9,70.4,,
11.08.04,11:00:00,1.7,8.3,68,35.1,38.1,,
24.03.04,3:00:00,0.6,1.6,-200,10.6,61.6,81.84259885,112.5536267
24.05.04,20:00:00,1.2,6.7,96,19.1,22.8,126.78394509999998,67.36492499
21.01.05,8:00:00,4.5,22.6,174,7.2,62.2,,
22.05.04,21:00:00,1.2,6.4,68,21.2,48.3,110.4253176,61.07883643
27.09.04,11:00:00,1.7,9.2,123,23.7,29.6,,
19.01.05,6:00:00,-200.0,1.2,57,5.0,75.0,,
08.10.04,0:00:00,1.7,9.6,60,20.6,62.0,,
15.10.04,8:00:00,-200.0,22.2,-200,15.6,77.1,,
06.01.05,20:00:00,2.7,11.3,162,13.5,63.0,,
21.03.04,10:00:00,1.7,7.1,93,16.3,59.0,42.60407552,59.49655362
18.12.04,2:00:00,1.4,5.1,100,12.4,73.8,,
23.05.04,17:00:00,1.5,6.9,81,25.8,27.7,122.5200883,65.57246788
27.06.04,19:00:00,1.7,10.3,103,34.3,26.0,,
02.07.04,6:00:00,0.8,5.6,63,24.8,50.6,,
10.05.04,23:00:00,1.1,6.4,86,16.0,56.5,128.89310559999998,64.55872902
13.02.05,1:00:00,4.1,18.5,221,9.4,73.4,,
13.05.04,17:00:00,4.6,22.6,148,20.3,43.1,127.76496670000002,65.74151495
04.11.04,3:00:00,0.8,4.2,-200,16.8,72.9,,
20.04.04,19:00:00,-200.0,23.9,-200,19.9,45.0,172.8803868,216.57731850000002
14.09.04,23:00:00,-200.0,4.4,-200,19.2,87.2,,
03.04.04,14:00:00,-200.0,10.8,-200,24.8,27.0,82.43577888,101.0809501
04.10.04,9:00:00,-200.0,23.6,-200,19.9,61.7,,
01.09.04,20:00:00,3.0,14.5,122,28.0,33.0,,
31.03.05,17:00:00,1.5,6.5,114,21.4,36.4,,
14.02.05,15:00:00,1.1,5.8,115,12.6,30.6,,
20.04.04,21:00:00,-200.0,12.3,-200,16.8,50.4,181.7396678,209.9598879
29.10.04,23:00:00,2.1,9.1,107,17.3,79.3,,
22.03.04,8:00:00,3.6,17.7,116,15.8,53.7,32.97922103,51.75891745
11.04.04,21:00:00,1.1,3.5,76,15.5,36.7,132.7331087,155.63922390000002
20.06.04,2:00:00,1.0,-200.0,60,-200.0,-200.0,,
29.12.04,16:00:00,-200.0,4.5,-200,11.8,44.3,,
07.02.05,20:00:00,2.0,7.7,174,7.2,39.4,,
20.03.04,11:00:00,2.8,12.3,113,15.4,52.1,36.68345232,50.41865624
17.07.04,23:00:00,2.4,11.8,120,26.8,29.9,,
25.03.05,23:00:00,2.0,10.1,117,17.7,63.5,,
19.09.04,18:00:00,3.8,16.8,179,30.0,31.4,,
10.02.05,12:00:00,2.7,-200.0,185,-200.0,-200.0,,
09.02.05,4:00:00,-200.0,-200.0,83,-200.0,-200.0,,
18.07.04,23:00:00,1.2,11.0,101,27.9,30.4,,
20.07.04,10:00:00,-200.0,21.6,193,34.8,23.4,,
20.12.04,7:00:00,1.0,2.6,70,9.2,55.9,,
07.03.05,0:00:00,1.4,3.2,141,5.6,45.5,,
06.11.04,4:00:00,0.9,4.3,54,15.6,70.8,,
02.12.04,9:00:00,5.0,27.9,139,13.3,70.7,,
18.10.04,6:00:00,-200.0,9.2,-200,12.6,73.6,,
09.01.05,9:00:00,0.7,1.9,60,13.8,60.5,,
02.04.04,19:00:00,4.7,24.1,154,21.2,40.1,88.85749167,108.3529949
24.05.04,3:00:00,-200.0,0.6,-200,15.7,42.3,130.2683629,65.550956
20.09.04,23:00:00,1.4,7.7,94,23.0,43.0,,
15.11.04,22:00:00,1.4,5.4,112,11.6,37.3,,
21.09.04,4:00:00,0.4,2.1,36,20.8,55.9,,
27.02.05,1:00:00,4.2,9.5,184,5.5,60.2,,
10.10.04,8:00:00,1.1,6.3,51,22.2,65.2,,
01.10.04,7:00:00,2.9,17.2,91,20.2,66.3,,
13.08.04,22:00:00,1.2,5.1,74,26.6,50.4,,
18.01.05,18:00:00,4.9,27.7,215,5.0,79.6,,
10.05.04,9:00:00,4.4,20.2,117,17.8,51.1,112.0032531,67.82388531
19.04.04,15:00:00,-200.0,8.8,-200,11.1,75.6,185.8165841,208.5053379
30.05.04,12:00:00,0.3,4.2,59,28.7,20.7,,
27.09.04,16:00:00,2.0,11.8,112,24.2,27.2,,
08.12.04,5:00:00,1.0,3.1,69,12.0,71.9,,
27.02.05,10:00:00,1.7,6.4,144,7.8,49.9,,
04.01.05,8:00:00,3.4,-200.0,174,-200.0,-200.0,,
01.03.05,14:00:00,1.0,3.1,102,3.2,30.8,,
20.04.04,12:00:00,-200.0,18.7,-200,23.0,37.5,176.9108054,202.4545189
27.02.05,20:00:00,2.6,6.8,181,5.5,43.5,,
28.12.04,2:00:00,-200.0,2.9,-200,10.2,66.9,,
12.03.05,5:00:00,-200.0,1.5,55,9.8,68.9,,
31.08.04,7:00:00,-200.0,21.0,-200,23.1,60.0,,
02.08.04,9:00:00,1.9,11.5,124,28.4,50.7,,
17.03.05,16:00:00,2.2,10.9,161,27.8,20.0,,
19.10.04,7:00:00,-200.0,21.7,-200,15.2,74.7,,
19.09.04,21:00:00,1.9,8.8,121,24.7,46.4,,
05.01.05,10:00:00,4.8,19.3,173,9.8,65.8,,
11.01.05,4:00:00,0.7,2.9,70,11.8,70.6,,
10.12.04,19:00:00,4.2,18.7,164,13.7,22.9,,
29.05.04,0:00:00,1.8,9.2,119,19.3,46.3,,
09.08.04,10:00:00,1.4,9.8,39,31.8,38.9,,
12.03.04,14:00:00,2.7,12.8,123,16.3,35.7,50.82151313,53.87399004
25.08.04,7:00:00,1.9,11.9,89,24.9,52.9,,
24.02.05,14:00:00,1.9,7.7,189,7.9,69.0,,
15.12.04,13:00:00,4.0,-200.0,169,-200.0,-200.0,,
24.12.04,10:00:00,6.6,18.8,170,6.7,59.7,,
01.12.04,19:00:00,3.0,11.9,126,12.5,72.6,,
24.07.04,10:00:00,2.3,13.1,116,32.7,34.5,,
13.02.05,2:00:00,3.1,13.3,180,9.4,77.7,,
25.12.04,9:00:00,2.5,9.4,121,9.0,70.8,,
18.03.04,6:00:00,0.7,3.0,71,10.9,62.1,30.15505083,55.07188628
16.04.04,12:00:00,2.4,10.5,100,19.2,42.7,157.39419109999997,151.4989208
01.12.04,23:00:00,2.0,7.5,107,11.3,83.1,,
09.02.05,19:00:00,3.9,-200.0,240,-200.0,-200.0,,
04.06.04,13:00:00,-200.0,11.1,-200,27.0,29.3,,
30.04.04,4:00:00,-200.0,4.0,56,15.4,78.5,56.26596943,168.2136334
10.05.04,20:00:00,3.0,16.3,122,17.7,50.9,112.35926840000002,67.77104666
03.12.04,15:00:00,3.4,15.5,134,18.8,62.7,,
14.09.04,19:00:00,-200.0,13.9,-200,24.8,61.6,,
23.02.05,1:00:00,1.1,3.2,119,4.0,79.3,,
28.01.05,18:00:00,2.4,-200.0,190,-200.0,-200.0,,
18.02.05,23:00:00,2.9,11.5,236,5.4,51.8,,
15.05.04,22:00:00,1.6,9.9,97,20.2,34.3,123.76015929999998,60.17916864
05.12.04,20:00:00,1.5,4.4,90,12.5,71.9,,
12.06.04,22:00:00,2.3,12.8,113,25.5,43.8,,
21.06.04,19:00:00,3.0,16.1,138,26.1,28.3,,
02.03.05,21:00:00,2.8,11.1,199,5.1,36.4,,
02.04.04,3:00:00,0.9,3.3,-200,11.8,64.3,78.47795612,116.839352
14.11.04,6:00:00,0.2,0.2,17,10.0,45.7,,
12.06.04,11:00:00,1.8,11.2,96,32.3,23.6,,
30.03.05,20:00:00,3.5,14.9,185,18.2,52.6,,
13.01.05,19:00:00,4.0,19.8,144,10.8,69.5,,
26.03.05,7:00:00,1.1,5.7,80,16.1,69.5,,
10.12.04,18:00:00,4.0,16.5,177,14.6,23.7,,
19.07.04,10:00:00,2.4,16.2,165,32.4,24.8,,
29.01.05,21:00:00,1.5,2.9,140,3.1,47.4,,
13.10.04,23:00:00,-200.0,3.8,-200,15.3,55.4,,
13.03.05,13:00:00,1.4,8.5,159,14.2,57.8,,
23.03.04,23:00:00,1.3,5.4,86,11.0,61.4,82.1259733,109.79301170000001
12.01.05,4:00:00,-200.0,4.2,85,10.7,71.3,,
25.03.04,21:00:00,2.5,10.3,119,12.2,53.2,72.46727312,100.9434193
26.05.04,17:00:00,-200.0,18.0,-200,31.0,15.9,,
10.12.04,3:00:00,0.5,2.2,-200,13.8,36.8,,
22.03.05,1:00:00,1.5,5.7,121,12.6,67.9,,
29.04.04,5:00:00,0.8,4.4,57,13.3,67.0,183.8119828,201.548752
10.03.05,20:00:00,5.4,23.8,245,12.8,22.8,,
21.01.05,23:00:00,1.7,18.2,207,8.1,73.8,,
24.12.04,17:00:00,6.8,21.5,192,10.4,57.0,,
05.01.05,12:00:00,5.9,25.3,219,12.8,60.1,,
01.04.04,17:00:00,3.3,16.4,106,23.6,27.5,84.32148767,106.6323353
27.04.04,11:00:00,1.7,8.8,81,24.8,25.3,185.1637081,204.8821484
25.05.04,16:00:00,-200.0,12.0,-200,32.3,10.0,,
18.05.04,0:00:00,1.0,5.2,65,20.0,31.5,119.84964690000001,70.72565444
12.09.04,8:00:00,-200.0,6.6,-200,22.1,55.3,,
21.06.04,9:00:00,2.5,13.8,110,25.1,32.4,,
30.09.04,5:00:00,-200.0,4.0,-200,17.5,57.1,,
30.05.04,15:00:00,0.2,4.2,46,32.0,15.0,,
02.10.04,1:00:00,-200.0,8.4,-200,20.6,63.4,,
09.08.04,19:00:00,2.2,-200.0,96,-200.0,-200.0,,
17.08.04,15:00:00,-200.0,5.9,-200,38.8,19.1,,
07.11.04,9:00:00,0.7,1.9,58,15.5,42.4,,
09.03.05,12:00:00,2.3,10.5,194,14.5,33.4,,
25.04.04,15:00:00,0.9,3.4,59,19.4,25.7,171.6330826,201.6716169
14.01.05,21:00:00,5.0,18.2,190,8.2,75.2,,
03.05.04,10:00:00,2.5,12.9,111,21.4,45.0,31.47063969,142.6692244
15.09.04,11:00:00,-200.0,21.6,-200,23.2,68.4,,
03.01.05,16:00:00,2.2,-200.0,138,-200.0,-200.0,,
15.02.05,7:00:00,0.5,2.5,94,6.0,41.5,,
19.04.04,5:00:00,-200.0,2.2,-200,14.3,70.1,182.8065999,220.44098799999998
12.02.05,20:00:00,5.7,26.8,265,11.4,55.4,,
29.10.04,18:00:00,4.2,20.9,129,20.0,73.3,,
26.04.04,4:00:00,-200.0,0.6,17,14.1,43.0,179.1373246,207.8152386
15.06.04,12:00:00,2.8,15.7,118,32.8,23.3,,
28.04.04,4:00:00,-200.0,2.2,40,14.7,56.2,175.81644419999998,216.01408990000002
12.11.04,4:00:00,-200.0,1.6,43,13.8,64.0,,
31.01.05,18:00:00,6.1,27.4,270,10.4,24.7,,
12.08.04,1:00:00,1.2,6.3,65,26.7,60.6,,
19.03.05,7:00:00,1.0,3.6,96,11.9,65.6,,
11.07.04,18:00:00,0.7,4.5,65,29.6,24.1,,
29.09.04,1:00:00,0.9,4.1,71,16.3,56.8,,
01.09.04,18:00:00,4.0,21.5,171,33.3,23.6,,
14.05.04,3:00:00,1.0,5.1,-200,16.2,56.3,125.08438559999999,68.01541379999999
28.03.04,23:00:00,1.1,2.9,77,11.5,46.6,80.47982184,120.7236172
10.02.05,14:00:00,2.4,-200.0,128,-200.0,-200.0,,
08.03.05,6:00:00,0.7,2.8,134,0.9,58.4,,
18.04.04,11:00:00,-200.0,7.3,-200,14.9,74.5,174.7841468,220.7595005
17.03.04,18:00:00,5.0,27.0,158,25.9,16.0,41.75351717,55.46156766
17.05.04,21:00:00,1.2,6.4,81,21.1,26.2,115.1162143,66.03034124
29.03.05,14:00:00,2.3,12.0,142,18.6,55.0,,
27.01.05,18:00:00,2.1,7.7,170,5.7,33.9,,
03.12.04,11:00:00,3.6,13.0,144,15.8,74.7,,
03.11.04,9:00:00,3.7,23.8,101,20.3,58.4,,
21.03.05,9:00:00,6.1,31.0,174,14.7,59.8,,
18.08.04,5:00:00,-200.0,4.3,-200,22.9,45.7,,
08.09.04,7:00:00,-200.0,-200.0,-200,-200.0,-200.0,,
18.08.04,22:00:00,1.4,6.1,54,29.1,48.4,,
22.05.04,9:00:00,2.2,11.7,102,20.6,47.1,128.7895645,67.49387437
24.08.04,9:00:00,1.6,9.9,105,25.0,36.6,,
14.09.04,12:00:00,-200.0,15.8,-200,32.3,35.9,,
04.12.04,12:00:00,2.6,10.6,122,13.0,77.8,,
19.03.04,14:00:00,3.3,16.7,135,16.3,47.1,23.17880888,53.08277145
16.02.05,2:00:00,2.0,8.0,174,4.4,47.5,,
14.10.04,23:00:00,-200.0,4.8,-200,15.9,78.1,,
16.08.04,3:00:00,0.4,1.8,-200,24.8,39.8,,
30.09.04,10:00:00,-200.0,22.2,-200,20.2,53.0,,
25.01.05,4:00:00,-200.0,0.2,19,4.3,51.6,,
07.03.05,21:00:00,2.8,8.9,211,5.0,37.4,,
12.10.04,0:00:00,1.1,5.1,54,18.9,60.7,,
07.02.05,18:00:00,1.9,7.5,194,8.7,33.9,,
08.07.04,3:00:00,0.5,4.2,-200,26.8,35.3,,
19.02.05,10:00:00,2.2,5.7,200,3.1,57.2,,
12.02.05,23:00:00,4.5,20.4,231,10.1,59.9,,
20.05.04,6:00:00,0.9,6.6,68,15.8,59.0,126.22115430000001,69.27518402
28.03.05,6:00:00,0.6,1.9,63,13.9,78.0,,
29.04.04,7:00:00,4.9,29.8,95,14.8,61.3,36.79363511,144.35025009999998
17.04.04,6:00:00,-200.0,5.1,-200,12.6,79.9,186.67129219999998,220.82965269999997
